model,batch_mode,bifurcation,shift_sigma,seed,decipher_seed,arm,wandb_run_id,wandb_url,rho,rho_plus,rho_minus,branch_asw,r2_overall,r2_per_gene_median,trained_h5ad,error,seconds
native,z,bif,0.1,4,3,Base Decipher (z),uxl5wood,https://wandb.ai/jpark-columbia/decipher-bc-sigma-sweep/runs/uxl5wood,0.9794159549757936,0.9714080190905254,0.9718211278591188,0.5030838251113892,0.8915607470283393,0.7928950815496296,/home/jihyunpark/decipher-bc/Data/Simulated Data/Simulated Data Generation/../Simulated Adata/shift_sigma_sweep_bifurcation/0918/trained/sweep0918_ds3_sigma0.1_seed4_native_bif_z_decipherseed_3.h5ad,,201.2
native,z,bif,0.5,4,2,Base Decipher (z),vxvxv2wz,https://wandb.ai/jpark-columbia/decipher-bc-sigma-sweep/runs/vxvxv2wz,0.9254007184429024,0.8558083920450194,0.8984334035641454,0.4472539722919464,0.9019798170600004,0.7963457613648548,/home/jihyunpark/decipher-bc/Data/Simulated Data/Simulated Data Generation/../Simulated Adata/shift_sigma_sweep_bifurcation/0918/trained/sweep0918_ds3_sigma0.5_seed4_native_bif_z_decipherseed_2.h5ad,,207.0
native,z,bif,0.1,3,2,Base Decipher (z),fg3z8kcx,https://wandb.ai/jpark-columbia/decipher-bc-sigma-sweep/runs/fg3z8kcx,0.9927840387604172,0.9919799415886896,0.991568037856687,0.4838867783546448,0.948969564660446,0.9056504778849042,/home/jihyunpark/decipher-bc/Data/Simulated Data/Simulated Data Generation/../Simulated Adata/shift_sigma_sweep_bifurcation/0918/trained/sweep0918_ds3_sigma0.1_seed3_native_bif_z_decipherseed_2.h5ad,,213.9
native,z,bif,0.5,3,3,Base Decipher (z),m4dqvjyt,https://wandb.ai/jpark-columbia/decipher-bc-sigma-sweep/runs/m4dqvjyt,0.9676722128016008,0.9535781792962574,0.9425680895198614,0.4319462776184082,0.9329219939679994,0.8772305170787338,/home/jihyunpark/decipher-bc/Data/Simulated Data/Simulated Data Generation/../Simulated Adata/shift_sigma_sweep_bifurcation/0918/trained/sweep0918_ds3_sigma0.5_seed3_native_bif_z_decipherseed_3.h5ad,,230.3
native,z,bif,0.1,5,3,Base Decipher (z),2yd4a210,https://wandb.ai/jpark-columbia/decipher-bc-sigma-sweep/runs/2yd4a210,0.9646588432354803,0.9667774090839868,0.955824377412274,0.5260834693908691,0.8856227494529304,0.7779740028074711,/home/jihyunpark/decipher-bc/Data/Simulated Data/Simulated Data Generation/../Simulated Adata/shift_sigma_sweep_bifurcation/0918/trained/sweep0918_ds3_sigma0.1_seed5_native_bif_z_decipherseed_3.h5ad,,236.0
native,z,bif,0.5,3,1,Base Decipher (z),k11puhg0,https://wandb.ai/jpark-columbia/decipher-bc-sigma-sweep/runs/k11puhg0,0.954421616557084,0.9669568312739532,0.9425551315548222,0.4439974725246429,0.9370024001180036,0.8851465865175642,/home/jihyunpark/decipher-bc/Data/Simulated Data/Simulated Data Generation/../Simulated Adata/shift_sigma_sweep_bifurcation/0918/trained/sweep0918_ds3_sigma0.5_seed3_native_bif_z_decipherseed_1.h5ad,,260.2
native,z,bif,0.5,4,3,Base Decipher (z),w7v7fbzm,https://wandb.ai/jpark-columbia/decipher-bc-sigma-sweep/runs/w7v7fbzm,0.9259150492322856,0.8662864951146966,0.9092503238356884,0.434253454208374,0.9003070373818349,0.7931565680677324,/home/jihyunpark/decipher-bc/Data/Simulated Data/Simulated Data Generation/../Simulated Adata/shift_sigma_sweep_bifurcation/0918/trained/sweep0918_ds3_sigma0.5_seed4_native_bif_z_decipherseed_3.h5ad,,210.7
native,z,bif,0.5,5,1,Base Decipher (z),k0hc66p4,https://wandb.ai/jpark-columbia/decipher-bc-sigma-sweep/runs/k0hc66p4,0.8996841351582521,0.9318908408258046,0.8123106053315988,0.3631127774715423,0.8947148853803316,0.7987780074355566,/home/jihyunpark/decipher-bc/Data/Simulated Data/Simulated Data Generation/../Simulated Adata/shift_sigma_sweep_bifurcation/0918/trained/sweep0918_ds3_sigma0.5_seed5_native_bif_z_decipherseed_1.h5ad,,219.0
native,z,bif,0.5,4,1,Base Decipher (z),v0ouvy2f,https://wandb.ai/jpark-columbia/decipher-bc-sigma-sweep/runs/v0ouvy2f,0.9543454975514254,0.9363225953734798,0.9263936616625416,0.4612841308116913,0.9014453317177,0.7933024815541709,/home/jihyunpark/decipher-bc/Data/Simulated Data/Simulated Data Generation/../Simulated Adata/shift_sigma_sweep_bifurcation/0918/trained/sweep0918_ds3_sigma0.5_seed4_native_bif_z_decipherseed_1.h5ad,,232.9
native,z,bif,0.5,3,2,Base Decipher (z),ootn33nh,https://wandb.ai/jpark-columbia/decipher-bc-sigma-sweep/runs/ootn33nh,0.9596075292985158,0.9434732878038228,0.9402628941023928,0.4799545705318451,0.9493040631088312,0.90304438411384,/home/jihyunpark/decipher-bc/Data/Simulated Data/Simulated Data Generation/../Simulated Adata/shift_sigma_sweep_bifurcation/0918/trained/sweep0918_ds3_sigma0.5_seed3_native_bif_z_decipherseed_2.h5ad,,255.5
native,z,bif,0.1,5,1,Base Decipher (z),io9j0dc7,https://wandb.ai/jpark-columbia/decipher-bc-sigma-sweep/runs/io9j0dc7,0.9719672231006958,0.9655407594723382,0.960708748237808,0.4487029016017914,0.8853528098184464,0.7794894517307988,/home/jihyunpark/decipher-bc/Data/Simulated Data/Simulated Data Generation/../Simulated Adata/shift_sigma_sweep_bifurcation/0918/trained/sweep0918_ds3_sigma0.1_seed5_native_bif_z_decipherseed_1.h5ad,,428.8
native,z,bif,0.1,3,3,Base Decipher (z),zy5f23ux,https://wandb.ai/jpark-columbia/decipher-bc-sigma-sweep/runs/zy5f23ux,0.9934080275294542,0.991450431777421,0.9923159714844596,0.4518503248691559,0.9496832752551972,0.9050191254944192,/home/jihyunpark/decipher-bc/Data/Simulated Data/Simulated Data Generation/../Simulated Adata/shift_sigma_sweep_bifurcation/0918/trained/sweep0918_ds3_sigma0.1_seed3_native_bif_z_decipherseed_3.h5ad,,426.4
native,z,bif,0.5,5,3,Base Decipher (z),,,0.9041634109539124,0.9371919359780756,0.8248619024647809,0.3968061804771423,0.8955565362916632,0.8015879738567542,/home/jihyunpark/decipher-bc/Data/Simulated Data/Simulated Data Generation/../Simulated Adata/shift_sigma_sweep_bifurcation/0918/trained/sweep0918_ds3_sigma0.5_seed5_native_bif_z_decipherseed_3.h5ad,,153.3
native,z,bif,1.0,3,1,Base Decipher (z),,,0.8876865882304039,0.8585976927562292,0.8437572545558366,0.3507916629314422,0.948403856740384,0.8955535535097705,/home/jihyunpark/decipher-bc/Data/Simulated Data/Simulated Data Generation/../Simulated Adata/shift_sigma_sweep_bifurcation/0918/trained/sweep0918_ds3_sigma1.0_seed3_native_bif_z_decipherseed_1.h5ad,,172.2
native,z,bif,0.5,5,2,Base Decipher (z),,,0.7861150115271243,0.9396581406956178,0.7149654772657035,0.4087609350681305,0.8964515299589856,0.8018002982766037,/home/jihyunpark/decipher-bc/Data/Simulated Data/Simulated Data Generation/../Simulated Adata/shift_sigma_sweep_bifurcation/0918/trained/sweep0918_ds3_sigma0.5_seed5_native_bif_z_decipherseed_2.h5ad,,203.2
native,z,bif,1.0,4,1,Base Decipher (z),,,0.8320566359032314,0.7711090024563212,0.7774697619431838,0.3135682940483093,0.9151250383136832,0.8371317869649267,/home/jihyunpark/decipher-bc/Data/Simulated Data/Simulated Data Generation/../Simulated Adata/shift_sigma_sweep_bifurcation/0918/trained/sweep0918_ds3_sigma1.0_seed4_native_bif_z_decipherseed_1.h5ad,,165.4
native,z,bif,1.0,4,2,Base Decipher (z),,,0.7860419925193238,0.6508524614176463,0.7632744456586237,0.2797175347805023,0.9110775024577404,0.8247383240578922,/home/jihyunpark/decipher-bc/Data/Simulated Data/Simulated Data Generation/../Simulated Adata/shift_sigma_sweep_bifurcation/0918/trained/sweep0918_ds3_sigma1.0_seed4_native_bif_z_decipherseed_2.h5ad,,174.1
native,z,bif,1.0,4,3,Base Decipher (z),,,0.8056300533928813,0.7881808719019183,0.7488593956109095,0.2841408252716064,0.9104023224763488,0.8227982244587708,/home/jihyunpark/decipher-bc/Data/Simulated Data/Simulated Data Generation/../Simulated Adata/shift_sigma_sweep_bifurcation/0918/trained/sweep0918_ds3_sigma1.0_seed4_native_bif_z_decipherseed_3.h5ad,,174.4
native,z,bif,1.0,3,3,Base Decipher (z),,,0.9026466639881128,0.8802172222811445,0.8416348706705694,0.3288458883762359,0.9468120494333144,0.8926299626126311,/home/jihyunpark/decipher-bc/Data/Simulated Data/Simulated Data Generation/../Simulated Adata/shift_sigma_sweep_bifurcation/0918/trained/sweep0918_ds3_sigma1.0_seed3_native_bif_z_decipherseed_3.h5ad,,233.5
native,z,bif,1.0,3,2,Base Decipher (z),,,0.9125661403354418,0.8579791434139962,0.8549618473644428,0.3249887228012085,0.9470172884551272,0.8898582694760201,/home/jihyunpark/decipher-bc/Data/Simulated Data/Simulated Data Generation/../Simulated Adata/shift_sigma_sweep_bifurcation/0918/trained/sweep0918_ds3_sigma1.0_seed3_native_bif_z_decipherseed_2.h5ad,,241.3
native,z,bif,1.0,5,2,Base Decipher (z),,,0.7462913463188074,0.8706471503498278,0.5580153314178896,0.3010985851287842,0.9148342266576536,0.8489881376661679,/home/jihyunpark/decipher-bc/Data/Simulated Data/Simulated Data Generation/../Simulated Adata/shift_sigma_sweep_bifurcation/0918/trained/sweep0918_ds3_sigma1.0_seed5_native_bif_z_decipherseed_2.h5ad,,184.7
native,z,bif,1.0,5,1,Base Decipher (z),,,0.751138170191829,0.7213871630905028,0.7499163770390136,0.2594979405403137,0.9178714789534268,0.8515729202041673,/home/jihyunpark/decipher-bc/Data/Simulated Data/Simulated Data Generation/../Simulated Adata/shift_sigma_sweep_bifurcation/0918/trained/sweep0918_ds3_sigma1.0_seed5_native_bif_z_decipherseed_1.h5ad,,206.4
native,z,bif,2.0,3,1,Base Decipher (z),,,0.8006930692129409,0.5320810203860353,0.733202947592201,0.1223493739962577,0.9452773759169352,0.8953735217827139,/home/jihyunpark/decipher-bc/Data/Simulated Data/Simulated Data Generation/../Simulated Adata/shift_sigma_sweep_bifurcation/0918/trained/sweep0918_ds3_sigma2.0_seed3_native_bif_z_decipherseed_1.h5ad,,186.7
native,z,bif,1.0,5,3,Base Decipher (z),,,0.7594187244374571,0.805105593036985,0.5976326289588603,0.2928832173347473,0.9159292030028878,0.8458330962104482,/home/jihyunpark/decipher-bc/Data/Simulated Data/Simulated Data Generation/../Simulated Adata/shift_sigma_sweep_bifurcation/0918/trained/sweep0918_ds3_sigma1.0_seed5_native_bif_z_decipherseed_3.h5ad,,202.7
native,z,bif,0.1,5,2,Base Decipher (z),glzpn9y5,https://wandb.ai/jpark-columbia/decipher-bc-sigma-sweep/runs/glzpn9y5,0.9754831018068288,0.9658030104454044,0.9552615792074772,0.470526784658432,0.8838785215051144,0.7745394162281758,/home/jihyunpark/decipher-bc/Data/Simulated Data/Simulated Data Generation/../Simulated Adata/shift_sigma_sweep_bifurcation/0918/trained/sweep0918_ds3_sigma0.1_seed5_native_bif_z_decipherseed_2.h5ad,,738.3
native,z,bif,2.0,3,2,Base Decipher (z),,,0.7952113630878768,0.7950005677772006,0.8064190534564916,0.1958470791578292,0.9457274039984443,0.8930173231398975,/home/jihyunpark/decipher-bc/Data/Simulated Data/Simulated Data Generation/../Simulated Adata/shift_sigma_sweep_bifurcation/0918/trained/sweep0918_ds3_sigma2.0_seed3_native_bif_z_decipherseed_2.h5ad,,183.8
native,z,bif,2.0,4,1,Base Decipher (z),,,0.6261319316575221,0.5744620077758671,0.4079915570177644,0.1784423291683197,0.9300408767356696,0.8750101360891405,/home/jihyunpark/decipher-bc/Data/Simulated Data/Simulated Data Generation/../Simulated Adata/shift_sigma_sweep_bifurcation/0918/trained/sweep0918_ds3_sigma2.0_seed4_native_bif_z_decipherseed_1.h5ad,,207.4
native,z,bif,2.0,3,3,Base Decipher (z),,,0.7858166060350463,0.7459284683317156,0.7852749281453703,0.1095374226570129,0.9459868803118284,0.8965878132444536,/home/jihyunpark/decipher-bc/Data/Simulated Data/Simulated Data Generation/../Simulated Adata/shift_sigma_sweep_bifurcation/0918/trained/sweep0918_ds3_sigma2.0_seed3_native_bif_z_decipherseed_3.h5ad,,232.8
native,z,bif,2.0,4,2,Base Decipher (z),,,0.7222296221034532,0.6493477973806032,0.4299535592745576,0.1585813164710998,0.9329556691622408,0.8775957560003782,/home/jihyunpark/decipher-bc/Data/Simulated Data/Simulated Data Generation/../Simulated Adata/shift_sigma_sweep_bifurcation/0918/trained/sweep0918_ds3_sigma2.0_seed4_native_bif_z_decipherseed_2.h5ad,,208.8
native,z,bif,2.0,5,2,Base Decipher (z),,,0.6514411120304319,0.3156045991755783,0.7224520535156981,0.0844065397977829,0.9360471320181742,0.8871882649262619,/home/jihyunpark/decipher-bc/Data/Simulated Data/Simulated Data Generation/../Simulated Adata/shift_sigma_sweep_bifurcation/0918/trained/sweep0918_ds3_sigma2.0_seed5_native_bif_z_decipherseed_2.h5ad,,174.7
native,z,bif,2.0,5,1,Base Decipher (z),,,0.775946504773942,0.6488056063913967,0.7752079332833206,0.1029884815216064,0.9399072335850172,0.8911740501927349,/home/jihyunpark/decipher-bc/Data/Simulated Data/Simulated Data Generation/../Simulated Adata/shift_sigma_sweep_bifurcation/0918/trained/sweep0918_ds3_sigma2.0_seed5_native_bif_z_decipherseed_1.h5ad,,202.0
native,z,bif,2.0,4,3,Base Decipher (z),,,0.6777866315193465,0.5959136986870301,0.3658495069827654,0.1852550059556961,0.9332264967700608,0.8796908241702749,/home/jihyunpark/decipher-bc/Data/Simulated Data/Simulated Data Generation/../Simulated Adata/shift_sigma_sweep_bifurcation/0918/trained/sweep0918_ds3_sigma2.0_seed4_native_bif_z_decipherseed_3.h5ad,,216.9
native,z,bif,2.0,5,3,Base Decipher (z),,,0.6313810969360618,0.5933493743721396,0.6504970252209372,0.1672415435314178,0.9396143196838034,0.8914081179198404,/home/jihyunpark/decipher-bc/Data/Simulated Data/Simulated Data Generation/../Simulated Adata/shift_sigma_sweep_bifurcation/0918/trained/sweep0918_ds3_sigma2.0_seed5_native_bif_z_decipherseed_3.h5ad,,203.6
native,z,bif,5.0,3,2,Base Decipher (z),,,0.7827356865337192,0.6580860633241807,0.6047261120166952,0.0098859276622533,0.9548153409560712,0.93257934174261,/home/jihyunpark/decipher-bc/Data/Simulated Data/Simulated Data Generation/../Simulated Adata/shift_sigma_sweep_bifurcation/0918/trained/sweep0918_ds3_sigma5.0_seed3_native_bif_z_decipherseed_2.h5ad,,229.5
native,z,bif,5.0,3,1,Base Decipher (z),tj33cddy,https://wandb.ai/jpark-columbia/decipher-bc-sigma-sweep/runs/tj33cddy,0.833278568252743,0.7149262123918386,0.7122093638455534,0.0186017900705337,0.9537338936145664,0.9305790522211772,/home/jihyunpark/decipher-bc/Data/Simulated Data/Simulated Data Generation/../Simulated Adata/shift_sigma_sweep_bifurcation/0918/trained/sweep0918_ds3_sigma5.0_seed3_native_bif_z_decipherseed_1.h5ad,,275.7
native,z,bif,0.1,3,1,Base Decipher (z),i3nghlrk,https://wandb.ai/jpark-columbia/decipher-bc-sigma-sweep/runs/i3nghlrk,0.9812139695772428,0.9917021695682572,0.9916404044074764,0.4744539856910705,0.9518703988662576,0.9103176245196384,/home/jihyunpark/decipher-bc/Data/Simulated Data/Simulated Data Generation/../Simulated Adata/shift_sigma_sweep_bifurcation/0918/trained/sweep0918_ds3_sigma0.1_seed3_native_bif_z_decipherseed_1.h5ad,,936.8
native,z,bif,5.0,4,1,Base Decipher (z),zkq14lfn,https://wandb.ai/jpark-columbia/decipher-bc-sigma-sweep/runs/zkq14lfn,0.6358465383675468,0.4884551945729379,0.4690735337973528,0.0591926202178001,0.9592466451187006,0.9345666086865594,/home/jihyunpark/decipher-bc/Data/Simulated Data/Simulated Data Generation/../Simulated Adata/shift_sigma_sweep_bifurcation/0918/trained/sweep0918_ds3_sigma5.0_seed4_native_bif_z_decipherseed_1.h5ad,,222.8
native,z,bif,5.0,4,2,Base Decipher (z),xgmhjco3,https://wandb.ai/jpark-columbia/decipher-bc-sigma-sweep/runs/xgmhjco3,0.7911238150880059,0.6561392366969465,0.664790371103307,0.0602690689265728,0.9593325096843004,0.9346265696032132,/home/jihyunpark/decipher-bc/Data/Simulated Data/Simulated Data Generation/../Simulated Adata/shift_sigma_sweep_bifurcation/0918/trained/sweep0918_ds3_sigma5.0_seed4_native_bif_z_decipherseed_2.h5ad,,225.1
native,z,bif,5.0,3,3,Base Decipher (z),f0aol0wo,https://wandb.ai/jpark-columbia/decipher-bc-sigma-sweep/runs/f0aol0wo,0.7916391588969744,0.705068400663651,0.5800637485919656,0.0378663577139377,0.9542026710664716,0.9317361177720664,/home/jihyunpark/decipher-bc/Data/Simulated Data/Simulated Data Generation/../Simulated Adata/shift_sigma_sweep_bifurcation/0918/trained/sweep0918_ds3_sigma5.0_seed3_native_bif_z_decipherseed_3.h5ad,,237.6
native,z,bif,5.0,4,3,Base Decipher (z),,,0.7390895904569883,0.6025140005739785,0.4750663857555189,0.0728020444512367,0.9596621331446598,0.9333884000515232,/home/jihyunpark/decipher-bc/Data/Simulated Data/Simulated Data Generation/../Simulated Adata/shift_sigma_sweep_bifurcation/0918/trained/sweep0918_ds3_sigma5.0_seed4_native_bif_z_decipherseed_3.h5ad,,236.1
native,z,bif,5.0,5,2,Base Decipher (z),,,0.691451256615667,0.5493802398650925,0.5581950761404806,0.0194396115839481,0.959249185132612,0.9400325474348656,/home/jihyunpark/decipher-bc/Data/Simulated Data/Simulated Data Generation/../Simulated Adata/shift_sigma_sweep_bifurcation/0918/trained/sweep0918_ds3_sigma5.0_seed5_native_bif_z_decipherseed_2.h5ad,,182.6
native,z,bif,0.1,4,2,Base Decipher (z),nuyi8j2r,https://wandb.ai/jpark-columbia/decipher-bc-sigma-sweep/runs/nuyi8j2r,0.9812272523554963,0.97359795767378,0.9723929142587436,0.5004260540008545,0.8911279011386557,0.7903991060229236,/home/jihyunpark/decipher-bc/Data/Simulated Data/Simulated Data Generation/../Simulated Adata/shift_sigma_sweep_bifurcation/0918/trained/sweep0918_ds3_sigma0.1_seed4_native_bif_z_decipherseed_2.h5ad,,1141.3
native,z,bif,0.1,4,1,Base Decipher (z),ivoqo53t,https://wandb.ai/jpark-columbia/decipher-bc-sigma-sweep/runs/ivoqo53t,0.9735171342689456,0.9694086625501184,0.9679174995077126,0.4339907169342041,0.8909014066139987,0.7910589800325581,/home/jihyunpark/decipher-bc/Data/Simulated Data/Simulated Data Generation/../Simulated Adata/shift_sigma_sweep_bifurcation/0918/trained/sweep0918_ds3_sigma0.1_seed4_native_bif_z_decipherseed_1.h5ad,,1141.6
native,z,bif,5.0,5,1,Base Decipher (z),,,0.6379105593274904,0.7019112480262287,0.5070282891835038,0.0167312417179346,0.9592812466089782,0.9400821710138234,/home/jihyunpark/decipher-bc/Data/Simulated Data/Simulated Data Generation/../Simulated Adata/shift_sigma_sweep_bifurcation/0918/trained/sweep0918_ds3_sigma5.0_seed5_native_bif_z_decipherseed_1.h5ad,,234.6
native,z,bif,7.5,3,1,Base Decipher (z),,,0.783857636734579,0.6720332350324231,0.7067345170599932,0.0195311903953552,0.9619216309445224,0.9482368719362622,/home/jihyunpark/decipher-bc/Data/Simulated Data/Simulated Data Generation/../Simulated Adata/shift_sigma_sweep_bifurcation/0918/trained/sweep0918_ds3_sigma7.5_seed3_native_bif_z_decipherseed_1.h5ad,,212.8
native,z,bif,7.5,3,2,Base Decipher (z),,,0.8119048462125344,0.860761096169263,0.5814012523409315,0.0346134379506111,0.9627977187102628,0.9499707585121188,/home/jihyunpark/decipher-bc/Data/Simulated Data/Simulated Data Generation/../Simulated Adata/shift_sigma_sweep_bifurcation/0918/trained/sweep0918_ds3_sigma7.5_seed3_native_bif_z_decipherseed_2.h5ad,,221.1
native,z,bif,5.0,5,3,Base Decipher (z),,,0.7914049762520287,0.7523479455845388,0.5881724618345701,0.0127740316092967,0.9590213020833442,0.9381801862356368,/home/jihyunpark/decipher-bc/Data/Simulated Data/Simulated Data Generation/../Simulated Adata/shift_sigma_sweep_bifurcation/0918/trained/sweep0918_ds3_sigma5.0_seed5_native_bif_z_decipherseed_3.h5ad,,235.0
native,z,bif,7.5,5,1,Base Decipher (z),fs0f9h8f,https://wandb.ai/jpark-columbia/decipher-bc-sigma-sweep/runs/fs0f9h8f,0.7157874677052903,0.5354475709573762,0.6376310213828403,0.0061108595691621,0.96368477809605,0.9533361345936516,/home/jihyunpark/decipher-bc/Data/Simulated Data/Simulated Data Generation/../Simulated Adata/shift_sigma_sweep_bifurcation/0918/trained/sweep0918_ds3_sigma7.5_seed5_native_bif_z_decipherseed_1.h5ad,,224.0
native,z,bif,7.5,4,3,Base Decipher (z),ogyctl1r,https://wandb.ai/jpark-columbia/decipher-bc-sigma-sweep/runs/ogyctl1r,0.7061425228152575,0.5689775835135038,0.6537032474329525,0.0421255864202976,0.9687038059424492,0.9515670821946168,/home/jihyunpark/decipher-bc/Data/Simulated Data/Simulated Data Generation/../Simulated Adata/shift_sigma_sweep_bifurcation/0918/trained/sweep0918_ds3_sigma7.5_seed4_native_bif_z_decipherseed_3.h5ad,,252.9
native,z,bif,7.5,4,2,Base Decipher (z),9wyjezum,https://wandb.ai/jpark-columbia/decipher-bc-sigma-sweep/runs/9wyjezum,0.7532653807918674,0.4086246816965827,0.7245667909204728,0.0376373380422592,0.968712286466662,0.951637074170112,/home/jihyunpark/decipher-bc/Data/Simulated Data/Simulated Data Generation/../Simulated Adata/shift_sigma_sweep_bifurcation/0918/trained/sweep0918_ds3_sigma7.5_seed4_native_bif_z_decipherseed_2.h5ad,,248.9
native,z,bif,7.5,5,3,Base Decipher (z),,,0.5653411076417721,0.4091334031020404,0.4136260351286964,0.005068183876574,0.9636556391994436,0.9529759343555252,/home/jihyunpark/decipher-bc/Data/Simulated Data/Simulated Data Generation/../Simulated Adata/shift_sigma_sweep_bifurcation/0918/trained/sweep0918_ds3_sigma7.5_seed5_native_bif_z_decipherseed_3.h5ad,,187.9
native,z,bif,10.0,3,1,Base Decipher (z),prfc7zra,https://wandb.ai/jpark-columbia/decipher-bc-sigma-sweep/runs/prfc7zra,0.68260417616203,0.7294006595466707,0.4621190297130418,0.0186629146337509,0.9647996553051398,0.9525454966309046,/home/jihyunpark/decipher-bc/Data/Simulated Data/Simulated Data Generation/../Simulated Adata/shift_sigma_sweep_bifurcation/0918/trained/sweep0918_ds3_sigma10.0_seed3_native_bif_z_decipherseed_1.h5ad,,242.8
native,z,bif,7.5,3,3,Base Decipher (z),lzfudqw4,https://wandb.ai/jpark-columbia/decipher-bc-sigma-sweep/runs/lzfudqw4,0.7947466822406867,0.7244886993662615,0.6197827439060335,0.0105989277362823,0.9626475220728888,0.9484485975014164,/home/jihyunpark/decipher-bc/Data/Simulated Data/Simulated Data Generation/../Simulated Adata/shift_sigma_sweep_bifurcation/0918/trained/sweep0918_ds3_sigma7.5_seed3_native_bif_z_decipherseed_3.h5ad,,419.4
native,z,nobif,0.1,3,2,Base Decipher (z),ikunm7kn,https://wandb.ai/jpark-columbia/decipher-bc-sigma-sweep/runs/ikunm7kn,0.9910969766728772,,,,0.9066498995378516,0.7790792538846858,/home/jihyunpark/decipher-bc/Data/Simulated Data/Simulated Data Generation/../Simulated Adata/shift_sigma_sweep_bifurcation/0918/trained/sweep0918_ds3_sigma0.1_seed3_native_nobif_z_decipherseed_2.h5ad,,176.0
native,z,bif,10.0,3,2,Base Decipher (z),,,0.7954896248162908,0.7656481468059297,0.6643585235747629,0.0181069262325763,0.9661921455014596,0.9573705610942642,/home/jihyunpark/decipher-bc/Data/Simulated Data/Simulated Data Generation/../Simulated Adata/shift_sigma_sweep_bifurcation/0918/trained/sweep0918_ds3_sigma10.0_seed3_native_bif_z_decipherseed_2.h5ad,,232.7
native,z,bif,10.0,4,2,Base Decipher (z),,,0.6701558537239967,0.4392192957209072,0.4411551265300867,0.0227639060467481,0.9708904004995166,0.958167818631288,/home/jihyunpark/decipher-bc/Data/Simulated Data/Simulated Data Generation/../Simulated Adata/shift_sigma_sweep_bifurcation/0918/trained/sweep0918_ds3_sigma10.0_seed4_native_bif_z_decipherseed_2.h5ad,,194.2
native,z,bif,10.0,5,1,Base Decipher (z),,,0.6344850858842013,0.243506984362282,0.5608868496953717,0.0071213715709745,0.9649067754472492,0.9596420745817734,/home/jihyunpark/decipher-bc/Data/Simulated Data/Simulated Data Generation/../Simulated Adata/shift_sigma_sweep_bifurcation/0918/trained/sweep0918_ds3_sigma10.0_seed5_native_bif_z_decipherseed_1.h5ad,,193.6
native,z,bif,10.0,4,3,Base Decipher (z),,,0.7272956178586168,0.5856675622509827,0.7045178169034582,0.025974553078413,0.9696093772173752,0.9579172845731656,/home/jihyunpark/decipher-bc/Data/Simulated Data/Simulated Data Generation/../Simulated Adata/shift_sigma_sweep_bifurcation/0918/trained/sweep0918_ds3_sigma10.0_seed4_native_bif_z_decipherseed_3.h5ad,,221.2
native,z,bif,10.0,4,1,Base Decipher (z),,,0.7262932861728263,0.452833778977003,0.8009316035461985,0.0296442471444606,0.9699952669876344,0.9582739851275076,/home/jihyunpark/decipher-bc/Data/Simulated Data/Simulated Data Generation/../Simulated Adata/shift_sigma_sweep_bifurcation/0918/trained/sweep0918_ds3_sigma10.0_seed4_native_bif_z_decipherseed_1.h5ad,,218.6
native,z,nobif,0.1,3,1,Base Decipher (z),,,0.9856941307649904,,,,0.9145825650941406,0.788727926519887,/home/jihyunpark/decipher-bc/Data/Simulated Data/Simulated Data Generation/../Simulated Adata/shift_sigma_sweep_bifurcation/0918/trained/sweep0918_ds3_sigma0.1_seed3_native_nobif_z_decipherseed_1.h5ad,,232.1
native,z,nobif,0.1,4,1,Base Decipher (z),,,0.9728722660237988,,,,0.8349793600088047,0.6482903863249019,/home/jihyunpark/decipher-bc/Data/Simulated Data/Simulated Data Generation/../Simulated Adata/shift_sigma_sweep_bifurcation/0918/trained/sweep0918_ds3_sigma0.1_seed4_native_nobif_z_decipherseed_1.h5ad,,159.1
native,z,nobif,0.1,4,2,Base Decipher (z),,,0.9748097767274804,,,,0.8289971491570587,0.646867426874818,/home/jihyunpark/decipher-bc/Data/Simulated Data/Simulated Data Generation/../Simulated Adata/shift_sigma_sweep_bifurcation/0918/trained/sweep0918_ds3_sigma0.1_seed4_native_nobif_z_decipherseed_2.h5ad,,158.2
native,z,nobif,0.1,3,3,Base Decipher (z),,,0.9883801558912256,,,,0.9136232486377508,0.7920861291476431,/home/jihyunpark/decipher-bc/Data/Simulated Data/Simulated Data Generation/../Simulated Adata/shift_sigma_sweep_bifurcation/0918/trained/sweep0918_ds3_sigma0.1_seed3_native_nobif_z_decipherseed_3.h5ad,,210.9
native,z,bif,7.5,4,1,Base Decipher (z),74hc5s2t,https://wandb.ai/jpark-columbia/decipher-bc-sigma-sweep/runs/74hc5s2t,0.6624388102133865,0.6304171417510053,0.623750489455353,0.0476152710616588,0.9682210773167608,0.9523329690754314,/home/jihyunpark/decipher-bc/Data/Simulated Data/Simulated Data Generation/../Simulated Adata/shift_sigma_sweep_bifurcation/0918/trained/sweep0918_ds3_sigma7.5_seed4_native_bif_z_decipherseed_1.h5ad,,569.6
native,z,nobif,0.1,4,3,Base Decipher (z),zj4821zz,https://wandb.ai/jpark-columbia/decipher-bc-sigma-sweep/runs/zj4821zz,0.9721962414047024,,,,0.8369099933267128,0.6583042755548782,/home/jihyunpark/decipher-bc/Data/Simulated Data/Simulated Data Generation/../Simulated Adata/shift_sigma_sweep_bifurcation/0918/trained/sweep0918_ds3_sigma0.1_seed4_native_nobif_z_decipherseed_3.h5ad,,208.9
native,z,bif,10.0,5,3,Base Decipher (z),r326cbkj,https://wandb.ai/jpark-columbia/decipher-bc-sigma-sweep/runs/r326cbkj,0.6521215631332052,0.575802885197408,0.5200419869185405,0.004330834839493,0.9625081118207248,0.9590217215202516,/home/jihyunpark/decipher-bc/Data/Simulated Data/Simulated Data Generation/../Simulated Adata/shift_sigma_sweep_bifurcation/0918/trained/sweep0918_ds3_sigma10.0_seed5_native_bif_z_decipherseed_3.h5ad,,426.7
native,z,nobif,0.5,3,3,Base Decipher (z),1lkweel4,https://wandb.ai/jpark-columbia/decipher-bc-sigma-sweep/runs/1lkweel4,0.935980753804172,,,,0.9230212170699614,0.8101072180413712,/home/jihyunpark/decipher-bc/Data/Simulated Data/Simulated Data Generation/../Simulated Adata/shift_sigma_sweep_bifurcation/0918/trained/sweep0918_ds3_sigma0.5_seed3_native_nobif_z_decipherseed_3.h5ad,,197.0
native,z,nobif,0.1,5,1,Base Decipher (z),,,0.9624791256450428,,,,0.8213610793452606,0.645175103047974,/home/jihyunpark/decipher-bc/Data/Simulated Data/Simulated Data Generation/../Simulated Adata/shift_sigma_sweep_bifurcation/0918/trained/sweep0918_ds3_sigma0.1_seed5_native_nobif_z_decipherseed_1.h5ad,,188.3
native,z,nobif,0.1,5,2,Base Decipher (z),,,0.9579345663876334,,,,0.8219314907236921,0.6420385525960126,/home/jihyunpark/decipher-bc/Data/Simulated Data/Simulated Data Generation/../Simulated Adata/shift_sigma_sweep_bifurcation/0918/trained/sweep0918_ds3_sigma0.1_seed5_native_nobif_z_decipherseed_2.h5ad,,161.4
native,z,nobif,0.5,3,1,Base Decipher (z),,,0.959841268112427,,,,0.8995160343396914,0.7696903526782097,/home/jihyunpark/decipher-bc/Data/Simulated Data/Simulated Data Generation/../Simulated Adata/shift_sigma_sweep_bifurcation/0918/trained/sweep0918_ds3_sigma0.5_seed3_native_nobif_z_decipherseed_1.h5ad,,189.4
native,z,nobif,0.5,5,1,Base Decipher (z),,,0.7041033897960165,,,,0.8679485057997003,0.7305353436758407,/home/jihyunpark/decipher-bc/Data/Simulated Data/Simulated Data Generation/../Simulated Adata/shift_sigma_sweep_bifurcation/0918/trained/sweep0918_ds3_sigma0.5_seed5_native_nobif_z_decipherseed_1.h5ad,,142.1
native,z,nobif,0.5,3,2,Base Decipher (z),,,0.9529080024261511,,,,0.9231540915318894,0.80854673878341,/home/jihyunpark/decipher-bc/Data/Simulated Data/Simulated Data Generation/../Simulated Adata/shift_sigma_sweep_bifurcation/0918/trained/sweep0918_ds3_sigma0.5_seed3_native_nobif_z_decipherseed_2.h5ad,,205.4
native,z,nobif,0.1,5,3,Base Decipher (z),,,0.9630622913095038,,,,0.8212948030368494,0.6462775237133708,/home/jihyunpark/decipher-bc/Data/Simulated Data/Simulated Data Generation/../Simulated Adata/shift_sigma_sweep_bifurcation/0918/trained/sweep0918_ds3_sigma0.1_seed5_native_nobif_z_decipherseed_3.h5ad,,227.2
native,z,nobif,0.5,4,3,Base Decipher (z),,,0.9288806393827812,,,,0.8484560711848192,0.6656264399773119,/home/jihyunpark/decipher-bc/Data/Simulated Data/Simulated Data Generation/../Simulated Adata/shift_sigma_sweep_bifurcation/0918/trained/sweep0918_ds3_sigma0.5_seed4_native_nobif_z_decipherseed_3.h5ad,,182.8
native,z,nobif,0.5,4,1,Base Decipher (z),,,0.952484704851116,,,,0.8503420748959748,0.6692555689447881,/home/jihyunpark/decipher-bc/Data/Simulated Data/Simulated Data Generation/../Simulated Adata/shift_sigma_sweep_bifurcation/0918/trained/sweep0918_ds3_sigma0.5_seed4_native_nobif_z_decipherseed_1.h5ad,,201.1
native,z,nobif,0.5,5,2,Base Decipher (z),,,0.7988007316580177,,,,0.8693215341394442,0.7375397285873286,/home/jihyunpark/decipher-bc/Data/Simulated Data/Simulated Data Generation/../Simulated Adata/shift_sigma_sweep_bifurcation/0918/trained/sweep0918_ds3_sigma0.5_seed5_native_nobif_z_decipherseed_2.h5ad,,185.3
native,z,nobif,1.0,4,1,Base Decipher (z),a8yuc4jw,https://wandb.ai/jpark-columbia/decipher-bc-sigma-sweep/runs/a8yuc4jw,0.8940324799479803,,,,0.8852851058391535,0.8024283961311234,/home/jihyunpark/decipher-bc/Data/Simulated Data/Simulated Data Generation/../Simulated Adata/shift_sigma_sweep_bifurcation/0918/trained/sweep0918_ds3_sigma1.0_seed4_native_nobif_z_decipherseed_1.h5ad,,145.1
native,z,nobif,0.5,5,3,Base Decipher (z),,,0.8626439301614659,,,,0.8706788402862642,0.740370894582087,/home/jihyunpark/decipher-bc/Data/Simulated Data/Simulated Data Generation/../Simulated Adata/shift_sigma_sweep_bifurcation/0918/trained/sweep0918_ds3_sigma0.5_seed5_native_nobif_z_decipherseed_3.h5ad,,184.9
native,z,nobif,1.0,3,2,Base Decipher (z),r192jslz,https://wandb.ai/jpark-columbia/decipher-bc-sigma-sweep/runs/r192jslz,0.8925942681105729,,,,0.9302193426118904,0.8590636551410447,/home/jihyunpark/decipher-bc/Data/Simulated Data/Simulated Data Generation/../Simulated Adata/shift_sigma_sweep_bifurcation/0918/trained/sweep0918_ds3_sigma1.0_seed3_native_nobif_z_decipherseed_2.h5ad,,168.7
native,z,nobif,1.0,3,1,Base Decipher (z),zfsrmv70,https://wandb.ai/jpark-columbia/decipher-bc-sigma-sweep/runs/zfsrmv70,0.8855670503080432,,,,0.9331948361919292,0.8622045771324642,/home/jihyunpark/decipher-bc/Data/Simulated Data/Simulated Data Generation/../Simulated Adata/shift_sigma_sweep_bifurcation/0918/trained/sweep0918_ds3_sigma1.0_seed3_native_nobif_z_decipherseed_1.h5ad,,182.1
native,z,nobif,1.0,3,3,Base Decipher (z),,,0.8601998269154457,,,,0.9326505407398,0.86210543857857,/home/jihyunpark/decipher-bc/Data/Simulated Data/Simulated Data Generation/../Simulated Adata/shift_sigma_sweep_bifurcation/0918/trained/sweep0918_ds3_sigma1.0_seed3_native_nobif_z_decipherseed_3.h5ad,,171.8
native,z,nobif,1.0,4,2,Base Decipher (z),,,0.7362605223619868,,,,0.8854182598048466,0.8040000299362016,/home/jihyunpark/decipher-bc/Data/Simulated Data/Simulated Data Generation/../Simulated Adata/shift_sigma_sweep_bifurcation/0918/trained/sweep0918_ds3_sigma1.0_seed4_native_nobif_z_decipherseed_2.h5ad,,159.8
native,z,nobif,1.0,5,2,Base Decipher (z),,,0.5994550528141354,,,,0.9114348747155,0.8400256658644467,/home/jihyunpark/decipher-bc/Data/Simulated Data/Simulated Data Generation/../Simulated Adata/shift_sigma_sweep_bifurcation/0918/trained/sweep0918_ds3_sigma1.0_seed5_native_nobif_z_decipherseed_2.h5ad,,175.4
native,z,nobif,1.0,5,3,Base Decipher (z),,,0.7476289340856436,,,,0.910067511884295,0.8386619893469857,/home/jihyunpark/decipher-bc/Data/Simulated Data/Simulated Data Generation/../Simulated Adata/shift_sigma_sweep_bifurcation/0918/trained/sweep0918_ds3_sigma1.0_seed5_native_nobif_z_decipherseed_3.h5ad,,155.3
native,z,nobif,1.0,4,3,Base Decipher (z),,,0.914719412452426,,,,0.884959937688729,0.7970677877398836,/home/jihyunpark/decipher-bc/Data/Simulated Data/Simulated Data Generation/../Simulated Adata/shift_sigma_sweep_bifurcation/0918/trained/sweep0918_ds3_sigma1.0_seed4_native_nobif_z_decipherseed_3.h5ad,,189.4
native,z,nobif,1.0,5,1,Base Decipher (z),,,0.7011838563465146,,,,0.9115025874992974,0.838113317719977,/home/jihyunpark/decipher-bc/Data/Simulated Data/Simulated Data Generation/../Simulated Adata/shift_sigma_sweep_bifurcation/0918/trained/sweep0918_ds3_sigma1.0_seed5_native_nobif_z_decipherseed_1.h5ad,,197.6
native,z,nobif,2.0,4,3,Base Decipher (z),6v1egn9v,https://wandb.ai/jpark-columbia/decipher-bc-sigma-sweep/runs/6v1egn9v,0.724432991487767,,,,0.9253869651191156,0.8830460264667973,/home/jihyunpark/decipher-bc/Data/Simulated Data/Simulated Data Generation/../Simulated Adata/shift_sigma_sweep_bifurcation/0918/trained/sweep0918_ds3_sigma2.0_seed4_native_nobif_z_decipherseed_3.h5ad,,192.9
native,z,nobif,2.0,4,1,Base Decipher (z),,,0.6338379976582198,,,,0.924684903516277,0.8768847273741345,/home/jihyunpark/decipher-bc/Data/Simulated Data/Simulated Data Generation/../Simulated Adata/shift_sigma_sweep_bifurcation/0918/trained/sweep0918_ds3_sigma2.0_seed4_native_nobif_z_decipherseed_1.h5ad,,166.5
native,z,nobif,2.0,4,2,Base Decipher (z),45juj168,https://wandb.ai/jpark-columbia/decipher-bc-sigma-sweep/runs/45juj168,0.6671852990278717,,,,0.9269255758800964,0.8834072091898307,/home/jihyunpark/decipher-bc/Data/Simulated Data/Simulated Data Generation/../Simulated Adata/shift_sigma_sweep_bifurcation/0918/trained/sweep0918_ds3_sigma2.0_seed4_native_nobif_z_decipherseed_2.h5ad,,205.3
native,z,nobif,2.0,3,2,Base Decipher (z),,,0.80380188158163,,,,0.9409436014208352,0.8983463003503226,/home/jihyunpark/decipher-bc/Data/Simulated Data/Simulated Data Generation/../Simulated Adata/shift_sigma_sweep_bifurcation/0918/trained/sweep0918_ds3_sigma2.0_seed3_native_nobif_z_decipherseed_2.h5ad,,219.7
native,z,nobif,2.0,5,1,Base Decipher (z),dflalwuj,https://wandb.ai/jpark-columbia/decipher-bc-sigma-sweep/runs/dflalwuj,0.5978158675425871,,,,0.9423150803207128,0.9114245188828498,/home/jihyunpark/decipher-bc/Data/Simulated Data/Simulated Data Generation/../Simulated Adata/shift_sigma_sweep_bifurcation/0918/trained/sweep0918_ds3_sigma2.0_seed5_native_nobif_z_decipherseed_1.h5ad,,187.1
native,z,nobif,2.0,3,1,Base Decipher (z),smpl89ix,https://wandb.ai/jpark-columbia/decipher-bc-sigma-sweep/runs/smpl89ix,0.8909789449788118,,,,0.9449095018209624,0.9075997378833348,/home/jihyunpark/decipher-bc/Data/Simulated Data/Simulated Data Generation/../Simulated Adata/shift_sigma_sweep_bifurcation/0918/trained/sweep0918_ds3_sigma2.0_seed3_native_nobif_z_decipherseed_1.h5ad,,419.7
native,z,bif,10.0,3,3,Base Decipher (z),8uniibmt,https://wandb.ai/jpark-columbia/decipher-bc-sigma-sweep/runs/8uniibmt,0.9110121249026047,0.796185667310762,0.8533506925008324,0.0125904371961951,0.9665971651346784,0.9584476947035911,/home/jihyunpark/decipher-bc/Data/Simulated Data/Simulated Data Generation/../Simulated Adata/shift_sigma_sweep_bifurcation/0918/trained/sweep0918_ds3_sigma10.0_seed3_native_bif_z_decipherseed_3.h5ad,,1150.0
native,z,nobif,5.0,4,1,Base Decipher (z),wg3jw922,https://wandb.ai/jpark-columbia/decipher-bc-sigma-sweep/runs/wg3jw922,0.624234811418605,,,,0.9577322938864244,0.9412587649981166,/home/jihyunpark/decipher-bc/Data/Simulated Data/Simulated Data Generation/../Simulated Adata/shift_sigma_sweep_bifurcation/0918/trained/sweep0918_ds3_sigma5.0_seed4_native_nobif_z_decipherseed_1.h5ad,,181.3
native,z,nobif,5.0,3,3,Base Decipher (z),c7d15g8b,https://wandb.ai/jpark-columbia/decipher-bc-sigma-sweep/runs/c7d15g8b,0.7424661692347825,,,,0.9615055106041996,0.9474394550599256,/home/jihyunpark/decipher-bc/Data/Simulated Data/Simulated Data Generation/../Simulated Adata/shift_sigma_sweep_bifurcation/0918/trained/sweep0918_ds3_sigma5.0_seed3_native_nobif_z_decipherseed_3.h5ad,,239.4
native,z,nobif,5.0,3,1,Base Decipher (z),,,0.8627549380938077,,,,0.9599232539798566,0.9448352307029696,/home/jihyunpark/decipher-bc/Data/Simulated Data/Simulated Data Generation/../Simulated Adata/shift_sigma_sweep_bifurcation/0918/trained/sweep0918_ds3_sigma5.0_seed3_native_nobif_z_decipherseed_1.h5ad,,185.0
native,z,nobif,5.0,4,3,Base Decipher (z),,,0.8097713142056484,,,,0.9612601515323204,0.9443789269038128,/home/jihyunpark/decipher-bc/Data/Simulated Data/Simulated Data Generation/../Simulated Adata/shift_sigma_sweep_bifurcation/0918/trained/sweep0918_ds3_sigma5.0_seed4_native_nobif_z_decipherseed_3.h5ad,,196.4
native,z,nobif,5.0,5,1,Base Decipher (z),,,0.6407355364195738,,,,0.9658056452751884,0.962606189082667,/home/jihyunpark/decipher-bc/Data/Simulated Data/Simulated Data Generation/../Simulated Adata/shift_sigma_sweep_bifurcation/0918/trained/sweep0918_ds3_sigma5.0_seed5_native_nobif_z_decipherseed_1.h5ad,,189.2
native,z,nobif,5.0,5,2,Base Decipher (z),,,0.6382471918802902,,,,0.9667451121741076,0.9620603821454424,/home/jihyunpark/decipher-bc/Data/Simulated Data/Simulated Data Generation/../Simulated Adata/shift_sigma_sweep_bifurcation/0918/trained/sweep0918_ds3_sigma5.0_seed5_native_nobif_z_decipherseed_2.h5ad,,182.9
native,z,nobif,2.0,5,2,Base Decipher (z),nyjbboyh,https://wandb.ai/jpark-columbia/decipher-bc-sigma-sweep/runs/nyjbboyh,0.688869892236566,,,,0.9430108027932934,0.9124337627075988,/home/jihyunpark/decipher-bc/Data/Simulated Data/Simulated Data Generation/../Simulated Adata/shift_sigma_sweep_bifurcation/0918/trained/sweep0918_ds3_sigma2.0_seed5_native_nobif_z_decipherseed_2.h5ad,,424.3
native,z,nobif,5.0,3,2,Base Decipher (z),vx6591sl,https://wandb.ai/jpark-columbia/decipher-bc-sigma-sweep/runs/vx6591sl,0.8841804919301948,,,,0.960997120192296,0.9442068062527528,/home/jihyunpark/decipher-bc/Data/Simulated Data/Simulated Data Generation/../Simulated Adata/shift_sigma_sweep_bifurcation/0918/trained/sweep0918_ds3_sigma5.0_seed3_native_nobif_z_decipherseed_2.h5ad,,438.6
native,z,nobif,0.5,4,2,Base Decipher (z),x1mzinr9,https://wandb.ai/jpark-columbia/decipher-bc-sigma-sweep/runs/x1mzinr9,0.876120033341465,,,,0.8498438685434567,0.6708623874320471,/home/jihyunpark/decipher-bc/Data/Simulated Data/Simulated Data Generation/../Simulated Adata/shift_sigma_sweep_bifurcation/0918/trained/sweep0918_ds3_sigma0.5_seed4_native_nobif_z_decipherseed_2.h5ad,,954.9
native,z,bif,7.5,5,2,Base Decipher (z),uvhv04ml,https://wandb.ai/jpark-columbia/decipher-bc-sigma-sweep/runs/uvhv04ml,0.6885981082840599,0.5017773475174389,0.6004361683882019,0.0051602693274617,0.9628893767158424,0.951683218936589,/home/jihyunpark/decipher-bc/Data/Simulated Data/Simulated Data Generation/../Simulated Adata/shift_sigma_sweep_bifurcation/0918/trained/sweep0918_ds3_sigma7.5_seed5_native_bif_z_decipherseed_2.h5ad,,1515.1
native,z,nobif,5.0,5,3,Base Decipher (z),,,0.621946772029732,,,,0.9668163003246544,0.9623510746943522,/home/jihyunpark/decipher-bc/Data/Simulated Data/Simulated Data Generation/../Simulated Adata/shift_sigma_sweep_bifurcation/0918/trained/sweep0918_ds3_sigma5.0_seed5_native_nobif_z_decipherseed_3.h5ad,,171.5
native,z,nobif,7.5,3,2,Base Decipher (z),hlricugg,https://wandb.ai/jpark-columbia/decipher-bc-sigma-sweep/runs/hlricugg,0.7050994492034144,,,,0.965785094544728,0.9576029706074414,/home/jihyunpark/decipher-bc/Data/Simulated Data/Simulated Data Generation/../Simulated Adata/shift_sigma_sweep_bifurcation/0918/trained/sweep0918_ds3_sigma7.5_seed3_native_nobif_z_decipherseed_2.h5ad,,280.6
native,z,nobif,7.5,3,3,Base Decipher (z),,,0.8112212740065167,,,,0.9644816691762138,0.9555234825085486,/home/jihyunpark/decipher-bc/Data/Simulated Data/Simulated Data Generation/../Simulated Adata/shift_sigma_sweep_bifurcation/0918/trained/sweep0918_ds3_sigma7.5_seed3_native_nobif_z_decipherseed_3.h5ad,,226.7
native,z,nobif,7.5,4,2,Base Decipher (z),,,0.7758427845501403,,,,0.9700941002956768,0.959618963224572,/home/jihyunpark/decipher-bc/Data/Simulated Data/Simulated Data Generation/../Simulated Adata/shift_sigma_sweep_bifurcation/0918/trained/sweep0918_ds3_sigma7.5_seed4_native_nobif_z_decipherseed_2.h5ad,,181.6
native,z,nobif,7.5,4,3,Base Decipher (z),,,0.743019975971113,,,,0.9659106664995007,0.9567591974111906,/home/jihyunpark/decipher-bc/Data/Simulated Data/Simulated Data Generation/../Simulated Adata/shift_sigma_sweep_bifurcation/0918/trained/sweep0918_ds3_sigma7.5_seed4_native_nobif_z_decipherseed_3.h5ad,,184.6
native,z,nobif,7.5,5,1,Base Decipher (z),,,0.6514080084151808,,,,0.969506269673998,0.9723788380956456,/home/jihyunpark/decipher-bc/Data/Simulated Data/Simulated Data Generation/../Simulated Adata/shift_sigma_sweep_bifurcation/0918/trained/sweep0918_ds3_sigma7.5_seed5_native_nobif_z_decipherseed_1.h5ad,,212.7
native,z,nobif,7.5,5,3,Base Decipher (z),5bauc5qx,https://wandb.ai/jpark-columbia/decipher-bc-sigma-sweep/runs/5bauc5qx,0.7829825748592579,,,,0.9696192042469604,0.9717708514468288,/home/jihyunpark/decipher-bc/Data/Simulated Data/Simulated Data Generation/../Simulated Adata/shift_sigma_sweep_bifurcation/0918/trained/sweep0918_ds3_sigma7.5_seed5_native_nobif_z_decipherseed_3.h5ad,,232.2
native,z,nobif,7.5,5,2,Base Decipher (z),,,0.7293245626257792,,,,0.9691454139206648,0.970829455530028,/home/jihyunpark/decipher-bc/Data/Simulated Data/Simulated Data Generation/../Simulated Adata/shift_sigma_sweep_bifurcation/0918/trained/sweep0918_ds3_sigma7.5_seed5_native_nobif_z_decipherseed_2.h5ad,,187.4
native,z,nobif,10.0,3,2,Base Decipher (z),j3mjjo1x,https://wandb.ai/jpark-columbia/decipher-bc-sigma-sweep/runs/j3mjjo1x,0.8782530733717805,,,,0.9700628004060332,0.9649416579563912,/home/jihyunpark/decipher-bc/Data/Simulated Data/Simulated Data Generation/../Simulated Adata/shift_sigma_sweep_bifurcation/0918/trained/sweep0918_ds3_sigma10.0_seed3_native_nobif_z_decipherseed_2.h5ad,,224.1
native,z,nobif,2.0,3,3,Base Decipher (z),mffi49qs,https://wandb.ai/jpark-columbia/decipher-bc-sigma-sweep/runs/mffi49qs,0.8165759872307831,,,,0.941338127887536,0.902239176646767,/home/jihyunpark/decipher-bc/Data/Simulated Data/Simulated Data Generation/../Simulated Adata/shift_sigma_sweep_bifurcation/0918/trained/sweep0918_ds3_sigma2.0_seed3_native_nobif_z_decipherseed_3.h5ad,,940.0
native,z,nobif,10.0,5,3,Base Decipher (z),iy8cfjb1,https://wandb.ai/jpark-columbia/decipher-bc-sigma-sweep/runs/iy8cfjb1,0.6791353368101697,,,,0.9702052286852032,0.9778791421615732,/home/jihyunpark/decipher-bc/Data/Simulated Data/Simulated Data Generation/../Simulated Adata/shift_sigma_sweep_bifurcation/0918/trained/sweep0918_ds3_sigma10.0_seed5_native_nobif_z_decipherseed_3.h5ad,,190.6
native,z,nobif,10.0,4,3,Base Decipher (z),,,0.6298811859614379,,,,0.9740207790374652,0.9669769850335764,/home/jihyunpark/decipher-bc/Data/Simulated Data/Simulated Data Generation/../Simulated Adata/shift_sigma_sweep_bifurcation/0918/trained/sweep0918_ds3_sigma10.0_seed4_native_nobif_z_decipherseed_3.h5ad,,191.8
native,z,nobif,10.0,5,1,Base Decipher (z),,,0.5686353369410911,,,,0.9693265236902996,0.977137884063654,/home/jihyunpark/decipher-bc/Data/Simulated Data/Simulated Data Generation/../Simulated Adata/shift_sigma_sweep_bifurcation/0918/trained/sweep0918_ds3_sigma10.0_seed5_native_nobif_z_decipherseed_1.h5ad,,198.5
native,z,nobif,10.0,4,1,Base Decipher (z),5jfehtm3,https://wandb.ai/jpark-columbia/decipher-bc-sigma-sweep/runs/5jfehtm3,0.7187954316476769,,,,0.9735338220665104,0.967117844013478,/home/jihyunpark/decipher-bc/Data/Simulated Data/Simulated Data Generation/../Simulated Adata/shift_sigma_sweep_bifurcation/0918/trained/sweep0918_ds3_sigma10.0_seed4_native_nobif_z_decipherseed_1.h5ad,,420.5
native,z,nobif,10.0,3,3,Base Decipher (z),jkv68gi0,https://wandb.ai/jpark-columbia/decipher-bc-sigma-sweep/runs/jkv68gi0,0.8389616501067656,,,,0.970317874225359,0.9655105921188764,/home/jihyunpark/decipher-bc/Data/Simulated Data/Simulated Data Generation/../Simulated Adata/shift_sigma_sweep_bifurcation/0918/trained/sweep0918_ds3_sigma10.0_seed3_native_nobif_z_decipherseed_3.h5ad,,430.2
native,z,nobif,10.0,5,2,Base Decipher (z),,,0.7021758436140009,,,,0.9666592066912542,0.9754991839744952,/home/jihyunpark/decipher-bc/Data/Simulated Data/Simulated Data Generation/../Simulated Adata/shift_sigma_sweep_bifurcation/0918/trained/sweep0918_ds3_sigma10.0_seed5_native_nobif_z_decipherseed_2.h5ad,,210.4
native,genes,bif,0.1,3,1,Base Decipher (genes),ipelm4wl,https://wandb.ai/jpark-columbia/decipher-bc-sigma-sweep/runs/ipelm4wl,0.9946056933256294,0.9932332035805342,0.993985534987492,0.4703096449375152,0.9466700592785874,0.904538723670385,/home/jihyunpark/decipher-bc/Data/Simulated Data/Simulated Data Generation/../Simulated Adata/shift_sigma_sweep_bifurcation/0918/trained/sweep0918_ds3_sigma0.1_seed3_native_bif_genes_decipherseed_1.h5ad,,274.9
native,genes,bif,0.1,4,1,Base Decipher (genes),rc7cy2ik,https://wandb.ai/jpark-columbia/decipher-bc-sigma-sweep/runs/rc7cy2ik,0.979691571788193,0.975988236633312,0.9799992569694522,0.4223405718803406,0.8717036024440925,0.7762356793758725,/home/jihyunpark/decipher-bc/Data/Simulated Data/Simulated Data Generation/../Simulated Adata/shift_sigma_sweep_bifurcation/0918/trained/sweep0918_ds3_sigma0.1_seed4_native_bif_genes_decipherseed_1.h5ad,,127.4
native,genes,bif,0.1,5,1,Base Decipher (genes),1wwh4odu,https://wandb.ai/jpark-columbia/decipher-bc-sigma-sweep/runs/1wwh4odu,0.9803183391023692,0.968851419683296,0.9709386871571428,0.4372125566005707,0.8595148571637699,0.7523254713327107,/home/jihyunpark/decipher-bc/Data/Simulated Data/Simulated Data Generation/../Simulated Adata/shift_sigma_sweep_bifurcation/0918/trained/sweep0918_ds3_sigma0.1_seed5_native_bif_genes_decipherseed_1.h5ad,,178.7
native,genes,bif,0.1,4,3,Base Decipher (genes),hj0h7x9t,https://wandb.ai/jpark-columbia/decipher-bc-sigma-sweep/runs/hj0h7x9t,0.965179620226084,0.9689717250501648,0.9771432625047438,0.5071737766265869,0.8713765124721319,0.7724943253274874,/home/jihyunpark/decipher-bc/Data/Simulated Data/Simulated Data Generation/../Simulated Adata/shift_sigma_sweep_bifurcation/0918/trained/sweep0918_ds3_sigma0.1_seed4_native_bif_genes_decipherseed_3.h5ad,,166.7
native,z,nobif,2.0,5,3,Base Decipher (z),uri74l25,https://wandb.ai/jpark-columbia/decipher-bc-sigma-sweep/runs/uri74l25,0.6793377378490912,,,,0.9449070726336928,0.9162292530752544,/home/jihyunpark/decipher-bc/Data/Simulated Data/Simulated Data Generation/../Simulated Adata/shift_sigma_sweep_bifurcation/0918/trained/sweep0918_ds3_sigma2.0_seed5_native_nobif_z_decipherseed_3.h5ad,,1144.0
native,genes,bif,0.1,4,2,Base Decipher (genes),,,0.9727550178503138,0.9743212924295296,0.9754530037740332,0.5027812123298645,0.8700784125987803,0.766397094818388,/home/jihyunpark/decipher-bc/Data/Simulated Data/Simulated Data Generation/../Simulated Adata/shift_sigma_sweep_bifurcation/0918/trained/sweep0918_ds3_sigma0.1_seed4_native_bif_genes_decipherseed_2.h5ad,,145.9
native,z,bif,10.0,5,2,Base Decipher (z),fyk673e6,https://wandb.ai/jpark-columbia/decipher-bc-sigma-sweep/runs/fyk673e6,0.7452602803435481,0.6554368447865693,0.5420310203404483,0.0058006923645734,0.9659562755364948,0.9622547341372052,/home/jihyunpark/decipher-bc/Data/Simulated Data/Simulated Data Generation/../Simulated Adata/shift_sigma_sweep_bifurcation/0918/trained/sweep0918_ds3_sigma10.0_seed5_native_bif_z_decipherseed_2.h5ad,,2094.4
native,genes,bif,0.1,5,2,Base Decipher (genes),,,0.9784764004998736,0.9666571110881949,0.9700336939371068,0.39814293384552,0.8594844122019427,0.7508345466690213,/home/jihyunpark/decipher-bc/Data/Simulated Data/Simulated Data Generation/../Simulated Adata/shift_sigma_sweep_bifurcation/0918/trained/sweep0918_ds3_sigma0.1_seed5_native_bif_genes_decipherseed_2.h5ad,,134.2
native,z,nobif,7.5,4,1,Base Decipher (z),cpld4ktz,https://wandb.ai/jpark-columbia/decipher-bc-sigma-sweep/runs/cpld4ktz,0.4862460520317981,,,,0.9548139438387596,0.9506513958733016,/home/jihyunpark/decipher-bc/Data/Simulated Data/Simulated Data Generation/../Simulated Adata/shift_sigma_sweep_bifurcation/0918/trained/sweep0918_ds3_sigma7.5_seed4_native_nobif_z_decipherseed_1.h5ad,,960.3
native,genes,bif,0.1,5,3,Base Decipher (genes),,,0.9754751025624592,0.9607997607408184,0.9572402514916032,0.4149287641048431,0.8595284886118435,0.749057022492646,/home/jihyunpark/decipher-bc/Data/Simulated Data/Simulated Data Generation/../Simulated Adata/shift_sigma_sweep_bifurcation/0918/trained/sweep0918_ds3_sigma0.1_seed5_native_bif_genes_decipherseed_3.h5ad,,209.2
native,genes,bif,0.5,3,1,Base Decipher (genes),2l3mg31h,https://wandb.ai/jpark-columbia/decipher-bc-sigma-sweep/runs/2l3mg31h,0.9507719598056888,0.9593414504478948,0.9698529614351596,0.503051221370697,0.8948219326798117,0.8269738265775997,/home/jihyunpark/decipher-bc/Data/Simulated Data/Simulated Data Generation/../Simulated Adata/shift_sigma_sweep_bifurcation/0918/trained/sweep0918_ds3_sigma0.5_seed3_native_bif_genes_decipherseed_1.h5ad,,210.8
native,genes,bif,0.5,4,1,Base Decipher (genes),wfhwn0wt,https://wandb.ai/jpark-columbia/decipher-bc-sigma-sweep/runs/wfhwn0wt,0.949636741974715,0.8884536579240565,0.9273397349580236,0.2027346640825271,0.7807182588529484,0.6381815315867707,/home/jihyunpark/decipher-bc/Data/Simulated Data/Simulated Data Generation/../Simulated Adata/shift_sigma_sweep_bifurcation/0918/trained/sweep0918_ds3_sigma0.5_seed4_native_bif_genes_decipherseed_1.h5ad,,186.1
native,genes,bif,0.5,3,2,Base Decipher (genes),,,0.985564391842378,0.9918814461543424,0.9910055652104024,0.4636614322662353,0.8782758294709777,0.806943667062556,/home/jihyunpark/decipher-bc/Data/Simulated Data/Simulated Data Generation/../Simulated Adata/shift_sigma_sweep_bifurcation/0918/trained/sweep0918_ds3_sigma0.5_seed3_native_bif_genes_decipherseed_2.h5ad,,205.5
native,genes,bif,0.5,3,3,Base Decipher (genes),,,0.9944960463704698,0.9931666404415352,0.9933828053864326,0.493268072605133,0.8759546128770015,0.8006679430986274,/home/jihyunpark/decipher-bc/Data/Simulated Data/Simulated Data Generation/../Simulated Adata/shift_sigma_sweep_bifurcation/0918/trained/sweep0918_ds3_sigma0.5_seed3_native_bif_genes_decipherseed_3.h5ad,,169.6
native,genes,bif,0.5,5,2,Base Decipher (genes),,,0.9632172858832858,0.960258717893428,0.9623752543007876,0.4879578649997711,0.7577561193550656,0.6207700567088679,/home/jihyunpark/decipher-bc/Data/Simulated Data/Simulated Data Generation/../Simulated Adata/shift_sigma_sweep_bifurcation/0918/trained/sweep0918_ds3_sigma0.5_seed5_native_bif_genes_decipherseed_2.h5ad,,180.6
native,genes,bif,0.5,5,3,Base Decipher (genes),r3wdsxni,https://wandb.ai/jpark-columbia/decipher-bc-sigma-sweep/runs/r3wdsxni,0.9415961852310638,0.8822027962336939,0.951743866545901,0.4366201758384704,0.7571745266645371,0.6290731715184812,/home/jihyunpark/decipher-bc/Data/Simulated Data/Simulated Data Generation/../Simulated Adata/shift_sigma_sweep_bifurcation/0918/trained/sweep0918_ds3_sigma0.5_seed5_native_bif_genes_decipherseed_3.h5ad,,205.4
native,genes,bif,0.5,5,1,Base Decipher (genes),,,0.9341815920142086,0.9594391441624562,0.8337452392938476,0.3728207349777221,0.7501632588331762,0.5890580173064865,/home/jihyunpark/decipher-bc/Data/Simulated Data/Simulated Data Generation/../Simulated Adata/shift_sigma_sweep_bifurcation/0918/trained/sweep0918_ds3_sigma0.5_seed5_native_bif_genes_decipherseed_1.h5ad,,215.1
native,genes,bif,0.1,3,2,Base Decipher (genes),04of1nvs,https://wandb.ai/jpark-columbia/decipher-bc-sigma-sweep/runs/04of1nvs,0.9768682309411862,0.9930747330891244,0.9930963551649588,0.4707891643047333,0.946208864429356,0.903414276345456,/home/jihyunpark/decipher-bc/Data/Simulated Data/Simulated Data Generation/../Simulated Adata/shift_sigma_sweep_bifurcation/0918/trained/sweep0918_ds3_sigma0.1_seed3_native_bif_genes_decipherseed_2.h5ad,,740.3
native,genes,bif,0.5,4,3,Base Decipher (genes),ahvwljyo,https://wandb.ai/jpark-columbia/decipher-bc-sigma-sweep/runs/ahvwljyo,0.9648626462236,0.9006747419954659,0.9602206912736264,0.3842326700687408,0.7756867253854856,0.6304042775169022,/home/jihyunpark/decipher-bc/Data/Simulated Data/Simulated Data Generation/../Simulated Adata/shift_sigma_sweep_bifurcation/0918/trained/sweep0918_ds3_sigma0.5_seed4_native_bif_genes_decipherseed_3.h5ad,,279.7
native,genes,bif,1.0,4,1,Base Decipher (genes),qbochtr0,https://wandb.ai/jpark-columbia/decipher-bc-sigma-sweep/runs/qbochtr0,0.8582262665637962,0.633330523226583,0.8977217005228283,0.1560585647821426,0.6570129291838449,0.5171458029586182,/home/jihyunpark/decipher-bc/Data/Simulated Data/Simulated Data Generation/../Simulated Adata/shift_sigma_sweep_bifurcation/0918/trained/sweep0918_ds3_sigma1.0_seed4_native_bif_genes_decipherseed_1.h5ad,,168.1
native,genes,bif,1.0,3,1,Base Decipher (genes),,,0.959180900469912,0.9661661447235226,0.9782123325491164,0.4896976053714752,0.8023011080136503,0.7257502089697885,/home/jihyunpark/decipher-bc/Data/Simulated Data/Simulated Data Generation/../Simulated Adata/shift_sigma_sweep_bifurcation/0918/trained/sweep0918_ds3_sigma1.0_seed3_native_bif_genes_decipherseed_1.h5ad,,207.3
native,genes,bif,1.0,3,3,Base Decipher (genes),93rrvfp1,https://wandb.ai/jpark-columbia/decipher-bc-sigma-sweep/runs/93rrvfp1,0.9879947353354144,0.9790239834577676,0.9829963287165016,0.4048808515071869,0.7989891292060298,0.6980051555475634,/home/jihyunpark/decipher-bc/Data/Simulated Data/Simulated Data Generation/../Simulated Adata/shift_sigma_sweep_bifurcation/0918/trained/sweep0918_ds3_sigma1.0_seed3_native_bif_genes_decipherseed_3.h5ad,,199.3
native,genes,bif,1.0,4,2,Base Decipher (genes),,,0.8787170458738965,0.7384737727242869,0.7413082078676623,0.2570312917232513,0.6569154153549916,0.511516308250458,/home/jihyunpark/decipher-bc/Data/Simulated Data/Simulated Data Generation/../Simulated Adata/shift_sigma_sweep_bifurcation/0918/trained/sweep0918_ds3_sigma1.0_seed4_native_bif_genes_decipherseed_2.h5ad,,165.1
native,z,nobif,5.0,4,2,Base Decipher (z),hv7s36n9,https://wandb.ai/jpark-columbia/decipher-bc-sigma-sweep/runs/hv7s36n9,0.683890263623412,,,,0.9604448557752836,0.9448458932424322,/home/jihyunpark/decipher-bc/Data/Simulated Data/Simulated Data Generation/../Simulated Adata/shift_sigma_sweep_bifurcation/0918/trained/sweep0918_ds3_sigma5.0_seed4_native_nobif_z_decipherseed_2.h5ad,,1555.0
native,genes,bif,1.0,3,2,Base Decipher (genes),ub4f7c1h,https://wandb.ai/jpark-columbia/decipher-bc-sigma-sweep/runs/ub4f7c1h,0.9848615414840824,0.9736992331871912,0.9823417430997932,0.5043107867240906,0.8025692440009866,0.6910968097558166,/home/jihyunpark/decipher-bc/Data/Simulated Data/Simulated Data Generation/../Simulated Adata/shift_sigma_sweep_bifurcation/0918/trained/sweep0918_ds3_sigma1.0_seed3_native_bif_genes_decipherseed_2.h5ad,,279.5
native,genes,bif,1.0,5,1,Base Decipher (genes),bwvoitco,https://wandb.ai/jpark-columbia/decipher-bc-sigma-sweep/runs/bwvoitco,0.7363656371980043,0.5906130849925204,0.6188490816963585,0.1399585157632827,0.6462983945867693,0.49876899001676,/home/jihyunpark/decipher-bc/Data/Simulated Data/Simulated Data Generation/../Simulated Adata/shift_sigma_sweep_bifurcation/0918/trained/sweep0918_ds3_sigma1.0_seed5_native_bif_genes_decipherseed_1.h5ad,,210.9
native,genes,bif,0.1,3,3,Base Decipher (genes),bwcd73fb,https://wandb.ai/jpark-columbia/decipher-bc-sigma-sweep/runs/bwcd73fb,0.9946949295997296,0.9929731394304518,0.994048182536618,0.4528275728225708,0.9446519229496062,0.8998116648828641,/home/jihyunpark/decipher-bc/Data/Simulated Data/Simulated Data Generation/../Simulated Adata/shift_sigma_sweep_bifurcation/0918/trained/sweep0918_ds3_sigma0.1_seed3_native_bif_genes_decipherseed_3.h5ad,,939.7
native,genes,bif,1.0,5,2,Base Decipher (genes),,,0.8012946652543799,0.6658904103328134,0.8538107282070937,0.2620185315608978,0.6383637109006863,0.4959839928378016,/home/jihyunpark/decipher-bc/Data/Simulated Data/Simulated Data Generation/../Simulated Adata/shift_sigma_sweep_bifurcation/0918/trained/sweep0918_ds3_sigma1.0_seed5_native_bif_genes_decipherseed_2.h5ad,,166.1
native,genes,bif,1.0,4,3,Base Decipher (genes),,,0.830062574702825,0.8795382437260372,0.7382983989373606,0.3711119592189789,0.657140038647049,0.5040106853479698,/home/jihyunpark/decipher-bc/Data/Simulated Data/Simulated Data Generation/../Simulated Adata/shift_sigma_sweep_bifurcation/0918/trained/sweep0918_ds3_sigma1.0_seed4_native_bif_genes_decipherseed_3.h5ad,,223.9
native,z,nobif,10.0,3,1,Base Decipher (z),z8iu328m,https://wandb.ai/jpark-columbia/decipher-bc-sigma-sweep/runs/z8iu328m,0.8427553533747021,,,,0.9702896038322086,0.9642921546243626,/home/jihyunpark/decipher-bc/Data/Simulated Data/Simulated Data Generation/../Simulated Adata/shift_sigma_sweep_bifurcation/0918/trained/sweep0918_ds3_sigma10.0_seed3_native_nobif_z_decipherseed_1.h5ad,,1329.8
native,genes,bif,2.0,3,1,Base Decipher (genes),,,0.92663968105894,0.9406562330777668,0.930003083165962,0.4369087815284729,0.64982743423035,0.516279829147915,/home/jihyunpark/decipher-bc/Data/Simulated Data/Simulated Data Generation/../Simulated Adata/shift_sigma_sweep_bifurcation/0918/trained/sweep0918_ds3_sigma2.0_seed3_native_bif_genes_decipherseed_1.h5ad,,193.6
native,genes,bif,1.0,5,3,Base Decipher (genes),,,0.781689900923757,0.6403126628723094,0.7133806804498015,0.1723058372735977,0.6452533607251575,0.5030925017857029,/home/jihyunpark/decipher-bc/Data/Simulated Data/Simulated Data Generation/../Simulated Adata/shift_sigma_sweep_bifurcation/0918/trained/sweep0918_ds3_sigma1.0_seed5_native_bif_genes_decipherseed_3.h5ad,,218.0
native,genes,bif,2.0,4,1,Base Decipher (genes),,,0.4360247476856243,0.5580817466418582,0.2404338979113027,0.0047869742847979,0.6752936541379058,0.5565994384094646,/home/jihyunpark/decipher-bc/Data/Simulated Data/Simulated Data Generation/../Simulated Adata/shift_sigma_sweep_bifurcation/0918/trained/sweep0918_ds3_sigma2.0_seed4_native_bif_genes_decipherseed_1.h5ad,,164.4
native,genes,bif,2.0,4,2,Base Decipher (genes),j40xhw6u,https://wandb.ai/jpark-columbia/decipher-bc-sigma-sweep/runs/j40xhw6u,0.5491817958302019,0.4667788120447696,0.4124434141332008,0.0033104163594543,0.6892937621143054,0.6108669768874131,/home/jihyunpark/decipher-bc/Data/Simulated Data/Simulated Data Generation/../Simulated Adata/shift_sigma_sweep_bifurcation/0918/trained/sweep0918_ds3_sigma2.0_seed4_native_bif_genes_decipherseed_2.h5ad,,170.4
native,genes,bif,2.0,4,3,Base Decipher (genes),9hx0jj9b,https://wandb.ai/jpark-columbia/decipher-bc-sigma-sweep/runs/9hx0jj9b,0.3977828601235758,0.544336884569454,0.4409282570492625,0.0037082666531205,0.6819040989858162,0.5526252039156112,/home/jihyunpark/decipher-bc/Data/Simulated Data/Simulated Data Generation/../Simulated Adata/shift_sigma_sweep_bifurcation/0918/trained/sweep0918_ds3_sigma2.0_seed4_native_bif_genes_decipherseed_3.h5ad,,207.0
native,genes,bif,2.0,5,2,Base Decipher (genes),,,0.653333367975891,0.7130114417625512,0.5062314285745148,0.002702857600525,0.7024883014466275,0.5753320201818297,/home/jihyunpark/decipher-bc/Data/Simulated Data/Simulated Data Generation/../Simulated Adata/shift_sigma_sweep_bifurcation/0918/trained/sweep0918_ds3_sigma2.0_seed5_native_bif_genes_decipherseed_2.h5ad,,181.0
native,genes,bif,2.0,5,3,Base Decipher (genes),,,0.5349695329525578,0.5014150315985327,0.2757453382645735,0.0006062221364118,0.7046754903977724,0.6169374255652127,/home/jihyunpark/decipher-bc/Data/Simulated Data/Simulated Data Generation/../Simulated Adata/shift_sigma_sweep_bifurcation/0918/trained/sweep0918_ds3_sigma2.0_seed5_native_bif_genes_decipherseed_3.h5ad,,179.1
native,genes,bif,5.0,4,1,Base Decipher (genes),nxcvntsq,https://wandb.ai/jpark-columbia/decipher-bc-sigma-sweep/runs/nxcvntsq,0.4163257921062724,0.2636625689640495,0.4461875433180211,0.0011757725151255,0.7320623717914928,0.7982310496856952,/home/jihyunpark/decipher-bc/Data/Simulated Data/Simulated Data Generation/../Simulated Adata/shift_sigma_sweep_bifurcation/0918/trained/sweep0918_ds3_sigma5.0_seed4_native_bif_genes_decipherseed_1.h5ad,,142.9
native,genes,bif,2.0,3,2,Base Decipher (genes),w17nua94,https://wandb.ai/jpark-columbia/decipher-bc-sigma-sweep/runs/w17nua94,0.9220732460949091,0.8992493891566418,0.8675694895721467,0.4444469213485718,0.6424050070774053,0.5116787375267593,/home/jihyunpark/decipher-bc/Data/Simulated Data/Simulated Data Generation/../Simulated Adata/shift_sigma_sweep_bifurcation/0918/trained/sweep0918_ds3_sigma2.0_seed3_native_bif_genes_decipherseed_2.h5ad,,429.8
native,genes,bif,5.0,4,2,Base Decipher (genes),,,0.4554668279567813,0.5545442672481924,0.3007082530642639,0.0009407605393789,0.7316624185935927,0.8098994705355445,/home/jihyunpark/decipher-bc/Data/Simulated Data/Simulated Data Generation/../Simulated Adata/shift_sigma_sweep_bifurcation/0918/trained/sweep0918_ds3_sigma5.0_seed4_native_bif_genes_decipherseed_2.h5ad,,153.6
native,genes,bif,5.0,3,1,Base Decipher (genes),oh1vyfrs,https://wandb.ai/jpark-columbia/decipher-bc-sigma-sweep/runs/oh1vyfrs,0.5991460021131828,0.2119893688469249,0.5492746719826513,0.0002374152536503,0.7107299544031995,0.6606360588869302,/home/jihyunpark/decipher-bc/Data/Simulated Data/Simulated Data Generation/../Simulated Adata/shift_sigma_sweep_bifurcation/0918/trained/sweep0918_ds3_sigma5.0_seed3_native_bif_genes_decipherseed_1.h5ad,,274.8
native,genes,bif,5.0,5,1,Base Decipher (genes),,,0.1697680114736383,0.1660405783519424,0.0727780216595855,0.0003973304992541,0.7498148328420988,0.8139584365742243,/home/jihyunpark/decipher-bc/Data/Simulated Data/Simulated Data Generation/../Simulated Adata/shift_sigma_sweep_bifurcation/0918/trained/sweep0918_ds3_sigma5.0_seed5_native_bif_genes_decipherseed_1.h5ad,,168.1
native,genes,bif,5.0,3,3,Base Decipher (genes),hdpdgr7z,https://wandb.ai/jpark-columbia/decipher-bc-sigma-sweep/runs/hdpdgr7z,0.6691801503489859,0.526043623064979,0.4797546213818089,0.001283653313294,0.7154897660401415,0.6361950056178017,/home/jihyunpark/decipher-bc/Data/Simulated Data/Simulated Data Generation/../Simulated Adata/shift_sigma_sweep_bifurcation/0918/trained/sweep0918_ds3_sigma5.0_seed3_native_bif_genes_decipherseed_3.h5ad,,310.1
native,genes,bif,5.0,5,2,Base Decipher (genes),,,0.2029242240820954,0.0666250539538363,0.1270818465350638,0.0009766030125319,0.7519142178120123,0.8171476982396995,/home/jihyunpark/decipher-bc/Data/Simulated Data/Simulated Data Generation/../Simulated Adata/shift_sigma_sweep_bifurcation/0918/trained/sweep0918_ds3_sigma5.0_seed5_native_bif_genes_decipherseed_2.h5ad,,192.5
native,genes,bif,7.5,3,3,Base Decipher (genes),knt6i2b3,https://wandb.ai/jpark-columbia/decipher-bc-sigma-sweep/runs/knt6i2b3,0.5155366952145884,0.1771526508991035,0.5130769745929477,0.0028455259744077,0.7269780697349479,0.7468667564945842,/home/jihyunpark/decipher-bc/Data/Simulated Data/Simulated Data Generation/../Simulated Adata/shift_sigma_sweep_bifurcation/0918/trained/sweep0918_ds3_sigma7.5_seed3_native_bif_genes_decipherseed_3.h5ad,,144.8
native,genes,bif,7.5,3,1,Base Decipher (genes),,,0.4508016056129132,0.2518916654266248,0.3675406864211145,0.0012998237507417,0.7274927023422462,0.7440075746311192,/home/jihyunpark/decipher-bc/Data/Simulated Data/Simulated Data Generation/../Simulated Adata/shift_sigma_sweep_bifurcation/0918/trained/sweep0918_ds3_sigma7.5_seed3_native_bif_genes_decipherseed_1.h5ad,,186.1
native,genes,bif,5.0,5,3,Base Decipher (genes),hc2huey8,https://wandb.ai/jpark-columbia/decipher-bc-sigma-sweep/runs/hc2huey8,0.3812725052518162,0.1668841641936121,0.5406009229888834,2.187129666708642e-06,0.750631928084559,0.8163094388586591,/home/jihyunpark/decipher-bc/Data/Simulated Data/Simulated Data Generation/../Simulated Adata/shift_sigma_sweep_bifurcation/0918/trained/sweep0918_ds3_sigma5.0_seed5_native_bif_genes_decipherseed_3.h5ad,,234.7
native,genes,bif,7.5,4,1,Base Decipher (genes),,,0.4477519258003119,0.2340456897948719,0.3327555685208423,0.0003390736237633,0.7377506667481963,0.8480662692068657,/home/jihyunpark/decipher-bc/Data/Simulated Data/Simulated Data Generation/../Simulated Adata/shift_sigma_sweep_bifurcation/0918/trained/sweep0918_ds3_sigma7.5_seed4_native_bif_genes_decipherseed_1.h5ad,,128.0
native,genes,bif,7.5,3,2,Base Decipher (genes),,,0.4361782887485005,0.1971847990299355,0.8155605463008776,0.0045540947467088,0.727687719142231,0.7542063838156409,/home/jihyunpark/decipher-bc/Data/Simulated Data/Simulated Data Generation/../Simulated Adata/shift_sigma_sweep_bifurcation/0918/trained/sweep0918_ds3_sigma7.5_seed3_native_bif_genes_decipherseed_2.h5ad,,167.6
native,genes,bif,7.5,5,2,Base Decipher (genes),w4owx9y5,https://wandb.ai/jpark-columbia/decipher-bc-sigma-sweep/runs/w4owx9y5,0.3480261989874985,0.0217157393064788,0.3190473581403025,0.0005588812055066,0.7583532892988092,0.8264990783516432,/home/jihyunpark/decipher-bc/Data/Simulated Data/Simulated Data Generation/../Simulated Adata/shift_sigma_sweep_bifurcation/0918/trained/sweep0918_ds3_sigma7.5_seed5_native_bif_genes_decipherseed_2.h5ad,,159.4
native,genes,bif,7.5,4,3,Base Decipher (genes),,,0.4853045720746972,0.5384489732654683,0.4761556485880149,0.000481600058265,0.736290751195166,0.8533225322363112,/home/jihyunpark/decipher-bc/Data/Simulated Data/Simulated Data Generation/../Simulated Adata/shift_sigma_sweep_bifurcation/0918/trained/sweep0918_ds3_sigma7.5_seed4_native_bif_genes_decipherseed_3.h5ad,,193.6
native,genes,bif,7.5,5,1,Base Decipher (genes),,,0.3096827043720675,0.172526572613576,0.2359755671120325,0.000311247567879,0.7580061823402712,0.8686665274206118,/home/jihyunpark/decipher-bc/Data/Simulated Data/Simulated Data Generation/../Simulated Adata/shift_sigma_sweep_bifurcation/0918/trained/sweep0918_ds3_sigma7.5_seed5_native_bif_genes_decipherseed_1.h5ad,,176.9
native,genes,bif,7.5,5,3,Base Decipher (genes),,,0.2846021960373998,0.0639578857792923,0.1441741108009969,9.022032463690266e-05,0.7560551132804867,0.8352045921487865,/home/jihyunpark/decipher-bc/Data/Simulated Data/Simulated Data Generation/../Simulated Adata/shift_sigma_sweep_bifurcation/0918/trained/sweep0918_ds3_sigma7.5_seed5_native_bif_genes_decipherseed_3.h5ad,,163.6
native,genes,bif,10.0,3,3,Base Decipher (genes),,,0.3845967628980334,0.2394684888577382,0.2484383847074616,0.0017989430343732,0.7350964033682106,0.7937157722961479,/home/jihyunpark/decipher-bc/Data/Simulated Data/Simulated Data Generation/../Simulated Adata/shift_sigma_sweep_bifurcation/0918/trained/sweep0918_ds3_sigma10.0_seed3_native_bif_genes_decipherseed_3.h5ad,,129.2
native,z,nobif,7.5,3,1,Base Decipher (z),8v4gd274,https://wandb.ai/jpark-columbia/decipher-bc-sigma-sweep/runs/8v4gd274,0.727672244723707,,,,0.9681148397018624,0.9596066719217664,/home/jihyunpark/decipher-bc/Data/Simulated Data/Simulated Data Generation/../Simulated Adata/shift_sigma_sweep_bifurcation/0918/trained/sweep0918_ds3_sigma7.5_seed3_native_nobif_z_decipherseed_1.h5ad,,2289.8
native,genes,bif,2.0,3,3,Base Decipher (genes),o2rgngpy,https://wandb.ai/jpark-columbia/decipher-bc-sigma-sweep/runs/o2rgngpy,0.7323248077675576,0.3065244611433197,0.8553398906452443,0.2539855539798736,0.6527941498978822,0.4979993817605078,/home/jihyunpark/decipher-bc/Data/Simulated Data/Simulated Data Generation/../Simulated Adata/shift_sigma_sweep_bifurcation/0918/trained/sweep0918_ds3_sigma2.0_seed3_native_bif_genes_decipherseed_3.h5ad,,956.0
native,genes,bif,10.0,4,1,Base Decipher (genes),5retnq5z,https://wandb.ai/jpark-columbia/decipher-bc-sigma-sweep/runs/5retnq5z,0.1125651097044898,0.0666525844459339,0.1971358813443558,0.0005079145194031,0.7183399919971196,0.8756091105613443,/home/jihyunpark/decipher-bc/Data/Simulated Data/Simulated Data Generation/../Simulated Adata/shift_sigma_sweep_bifurcation/0918/trained/sweep0918_ds3_sigma10.0_seed4_native_bif_genes_decipherseed_1.h5ad,,274.6
native,genes,bif,10.0,4,2,Base Decipher (genes),,,0.3433602896627319,0.3899949373442949,0.2785028009238534,0.000809222809039,0.7172092378060794,0.8604272220513169,/home/jihyunpark/decipher-bc/Data/Simulated Data/Simulated Data Generation/../Simulated Adata/shift_sigma_sweep_bifurcation/0918/trained/sweep0918_ds3_sigma10.0_seed4_native_bif_genes_decipherseed_2.h5ad,,176.4
native,genes,bif,7.5,4,2,Base Decipher (genes),jaa79wls,https://wandb.ai/jpark-columbia/decipher-bc-sigma-sweep/runs/jaa79wls,0.3907039037411697,0.3317199367590063,0.3799725509399178,0.0008638033177703,0.7365823113927639,0.8506553662780587,/home/jihyunpark/decipher-bc/Data/Simulated Data/Simulated Data Generation/../Simulated Adata/shift_sigma_sweep_bifurcation/0918/trained/sweep0918_ds3_sigma7.5_seed4_native_bif_genes_decipherseed_2.h5ad,,574.5
native,genes,bif,0.5,4,2,Base Decipher (genes),38ixksc1,https://wandb.ai/jpark-columbia/decipher-bc-sigma-sweep/runs/38ixksc1,0.9392246565770994,0.9093425562296312,0.947202695117183,0.3995310664176941,0.7784661080828712,0.6530405530588393,/home/jihyunpark/decipher-bc/Data/Simulated Data/Simulated Data Generation/../Simulated Adata/shift_sigma_sweep_bifurcation/0918/trained/sweep0918_ds3_sigma0.5_seed4_native_bif_genes_decipherseed_2.h5ad,,1519.4
native,genes,bif,10.0,3,2,Base Decipher (genes),ta4alqff,https://wandb.ai/jpark-columbia/decipher-bc-sigma-sweep/runs/ta4alqff,0.4061285971283062,0.2452537160099809,0.1906822627401454,-0.000124485901324,0.7141431721402529,0.7934174734713365,/home/jihyunpark/decipher-bc/Data/Simulated Data/Simulated Data Generation/../Simulated Adata/shift_sigma_sweep_bifurcation/0918/trained/sweep0918_ds3_sigma10.0_seed3_native_bif_genes_decipherseed_2.h5ad,,435.5
native,genes,bif,10.0,4,3,Base Decipher (genes),,,0.2906876621111565,0.3267664237165591,0.1623971726872002,-0.0001264769525732,0.7346634668153814,0.8662399688216227,/home/jihyunpark/decipher-bc/Data/Simulated Data/Simulated Data Generation/../Simulated Adata/shift_sigma_sweep_bifurcation/0918/trained/sweep0918_ds3_sigma10.0_seed4_native_bif_genes_decipherseed_3.h5ad,,231.6
native,genes,nobif,0.1,3,2,Base Decipher (genes),zlw2kxv1,https://wandb.ai/jpark-columbia/decipher-bc-sigma-sweep/runs/zlw2kxv1,0.994136534819078,,,,0.8900337467997184,0.7504969136913554,/home/jihyunpark/decipher-bc/Data/Simulated Data/Simulated Data Generation/../Simulated Adata/shift_sigma_sweep_bifurcation/0918/trained/sweep0918_ds3_sigma0.1_seed3_native_nobif_genes_decipherseed_2.h5ad,,154.9
native,genes,bif,10.0,5,2,Base Decipher (genes),,,0.3389257235500725,0.1390071748148107,0.2497103562245877,-0.0001119238222599,0.7582526466765329,0.8929839602883602,/home/jihyunpark/decipher-bc/Data/Simulated Data/Simulated Data Generation/../Simulated Adata/shift_sigma_sweep_bifurcation/0918/trained/sweep0918_ds3_sigma10.0_seed5_native_bif_genes_decipherseed_2.h5ad,,202.3
native,genes,nobif,0.1,4,1,Base Decipher (genes),kfhmj0lb,https://wandb.ai/jpark-columbia/decipher-bc-sigma-sweep/runs/kfhmj0lb,0.972675680669984,,,,0.7969290111271242,0.5826714082450636,/home/jihyunpark/decipher-bc/Data/Simulated Data/Simulated Data Generation/../Simulated Adata/shift_sigma_sweep_bifurcation/0918/trained/sweep0918_ds3_sigma0.1_seed4_native_nobif_genes_decipherseed_1.h5ad,,204.7
native,genes,nobif,0.1,4,2,Base Decipher (genes),,,0.9772558674535824,,,,0.773301394846222,0.5619291934857826,/home/jihyunpark/decipher-bc/Data/Simulated Data/Simulated Data Generation/../Simulated Adata/shift_sigma_sweep_bifurcation/0918/trained/sweep0918_ds3_sigma0.1_seed4_native_nobif_genes_decipherseed_2.h5ad,,125.7
native,genes,nobif,0.1,3,3,Base Decipher (genes),,,0.9913736078224218,,,,0.8946612536638956,0.7526127646175422,/home/jihyunpark/decipher-bc/Data/Simulated Data/Simulated Data Generation/../Simulated Adata/shift_sigma_sweep_bifurcation/0918/trained/sweep0918_ds3_sigma0.1_seed3_native_nobif_genes_decipherseed_3.h5ad,,182.5
native,genes,bif,10.0,3,1,Base Decipher (genes),0dulx7tc,https://wandb.ai/jpark-columbia/decipher-bc-sigma-sweep/runs/0dulx7tc,0.5782266519891942,0.6941540075726358,0.4436928521978456,0.0007643612334504,0.727721962529396,0.7959822510139218,/home/jihyunpark/decipher-bc/Data/Simulated Data/Simulated Data Generation/../Simulated Adata/shift_sigma_sweep_bifurcation/0918/trained/sweep0918_ds3_sigma10.0_seed3_native_bif_genes_decipherseed_1.h5ad,,574.8
native,genes,nobif,0.1,5,1,Base Decipher (genes),b8ymu9k9,https://wandb.ai/jpark-columbia/decipher-bc-sigma-sweep/runs/b8ymu9k9,0.969316531215116,,,,0.7612781093632395,0.566861133423777,/home/jihyunpark/decipher-bc/Data/Simulated Data/Simulated Data Generation/../Simulated Adata/shift_sigma_sweep_bifurcation/0918/trained/sweep0918_ds3_sigma0.1_seed5_native_nobif_genes_decipherseed_1.h5ad,,143.3
native,genes,nobif,0.1,4,3,Base Decipher (genes),,,0.973582729047909,,,,0.7976636766643372,0.5984173183599582,/home/jihyunpark/decipher-bc/Data/Simulated Data/Simulated Data Generation/../Simulated Adata/shift_sigma_sweep_bifurcation/0918/trained/sweep0918_ds3_sigma0.1_seed4_native_nobif_genes_decipherseed_3.h5ad,,179.9
native,genes,bif,10.0,5,3,Base Decipher (genes),2wm298b5,https://wandb.ai/jpark-columbia/decipher-bc-sigma-sweep/runs/2wm298b5,0.1942151030046046,0.0228696943691071,0.0299803331429919,0.0009087559301406,0.7577878041273903,0.8832208763278264,/home/jihyunpark/decipher-bc/Data/Simulated Data/Simulated Data Generation/../Simulated Adata/shift_sigma_sweep_bifurcation/0918/trained/sweep0918_ds3_sigma10.0_seed5_native_bif_genes_decipherseed_3.h5ad,,436.7
native,genes,nobif,0.5,3,1,Base Decipher (genes),,,0.9904643432816824,,,,0.8346242187572147,0.6898740604765877,/home/jihyunpark/decipher-bc/Data/Simulated Data/Simulated Data Generation/../Simulated Adata/shift_sigma_sweep_bifurcation/0918/trained/sweep0918_ds3_sigma0.5_seed3_native_nobif_genes_decipherseed_1.h5ad,,190.4
native,genes,nobif,0.5,3,2,Base Decipher (genes),,,0.9894903648544154,,,,0.8413744655459793,0.693058443794625,/home/jihyunpark/decipher-bc/Data/Simulated Data/Simulated Data Generation/../Simulated Adata/shift_sigma_sweep_bifurcation/0918/trained/sweep0918_ds3_sigma0.5_seed3_native_nobif_genes_decipherseed_2.h5ad,,174.8
native,genes,nobif,0.1,3,1,Base Decipher (genes),ypxcz54w,https://wandb.ai/jpark-columbia/decipher-bc-sigma-sweep/runs/ypxcz54w,0.9929935239584912,,,,0.8934343029495619,0.7528312362418403,/home/jihyunpark/decipher-bc/Data/Simulated Data/Simulated Data Generation/../Simulated Adata/shift_sigma_sweep_bifurcation/0918/trained/sweep0918_ds3_sigma0.1_seed3_native_nobif_genes_decipherseed_1.h5ad,,580.0
native,genes,nobif,0.5,3,3,Base Decipher (genes),,,0.9865304091731544,,,,0.840736122650603,0.6876147409826772,/home/jihyunpark/decipher-bc/Data/Simulated Data/Simulated Data Generation/../Simulated Adata/shift_sigma_sweep_bifurcation/0918/trained/sweep0918_ds3_sigma0.5_seed3_native_nobif_genes_decipherseed_3.h5ad,,201.8
native,genes,nobif,0.5,5,1,Base Decipher (genes),,,0.9693411981752922,,,,0.6866164268088746,0.556485223938081,/home/jihyunpark/decipher-bc/Data/Simulated Data/Simulated Data Generation/../Simulated Adata/shift_sigma_sweep_bifurcation/0918/trained/sweep0918_ds3_sigma0.5_seed5_native_nobif_genes_decipherseed_1.h5ad,,149.2
native,genes,nobif,0.5,4,3,Base Decipher (genes),ewga516y,https://wandb.ai/jpark-columbia/decipher-bc-sigma-sweep/runs/ewga516y,0.9734835437776576,,,,0.7097512794159047,0.5240729698668918,/home/jihyunpark/decipher-bc/Data/Simulated Data/Simulated Data Generation/../Simulated Adata/shift_sigma_sweep_bifurcation/0918/trained/sweep0918_ds3_sigma0.5_seed4_native_nobif_genes_decipherseed_3.h5ad,,279.4
native,genes,nobif,0.5,5,3,Base Decipher (genes),5kul3drt,https://wandb.ai/jpark-columbia/decipher-bc-sigma-sweep/runs/5kul3drt,0.9626999177891472,,,,0.688612100856488,0.5521699826383941,/home/jihyunpark/decipher-bc/Data/Simulated Data/Simulated Data Generation/../Simulated Adata/shift_sigma_sweep_bifurcation/0918/trained/sweep0918_ds3_sigma0.5_seed5_native_nobif_genes_decipherseed_3.h5ad,,171.3
native,genes,bif,5.0,3,2,Base Decipher (genes),c55tf6oi,https://wandb.ai/jpark-columbia/decipher-bc-sigma-sweep/runs/c55tf6oi,0.418140829412351,0.1015377564710271,0.1668655956440261,0.0002365303953411,0.7113259847622141,0.668839258003866,/home/jihyunpark/decipher-bc/Data/Simulated Data/Simulated Data Generation/../Simulated Adata/shift_sigma_sweep_bifurcation/0918/trained/sweep0918_ds3_sigma5.0_seed3_native_bif_genes_decipherseed_2.h5ad,,1514.8
native,genes,nobif,0.1,5,3,Base Decipher (genes),8nzjtdgs,https://wandb.ai/jpark-columbia/decipher-bc-sigma-sweep/runs/8nzjtdgs,0.97149767833247,,,,0.7638879542252779,0.5581831346497956,/home/jihyunpark/decipher-bc/Data/Simulated Data/Simulated Data Generation/../Simulated Adata/shift_sigma_sweep_bifurcation/0918/trained/sweep0918_ds3_sigma0.1_seed5_native_nobif_genes_decipherseed_3.h5ad,,570.2
native,genes,nobif,1.0,3,2,Base Decipher (genes),4e1gxurt,https://wandb.ai/jpark-columbia/decipher-bc-sigma-sweep/runs/4e1gxurt,0.9879402737935122,,,,0.7722770972526326,0.6914036721664265,/home/jihyunpark/decipher-bc/Data/Simulated Data/Simulated Data Generation/../Simulated Adata/shift_sigma_sweep_bifurcation/0918/trained/sweep0918_ds3_sigma1.0_seed3_native_nobif_genes_decipherseed_2.h5ad,,204.9
native,z,nobif,10.0,4,2,Base Decipher (z),u7ggwa8u,https://wandb.ai/jpark-columbia/decipher-bc-sigma-sweep/runs/u7ggwa8u,0.5617939767945486,,,,0.9737607487995684,0.9670074818721224,/home/jihyunpark/decipher-bc/Data/Simulated Data/Simulated Data Generation/../Simulated Adata/shift_sigma_sweep_bifurcation/0918/trained/sweep0918_ds3_sigma10.0_seed4_native_nobif_z_decipherseed_2.h5ad,,2864.6
native,genes,nobif,1.0,3,3,Base Decipher (genes),jf5180qb,https://wandb.ai/jpark-columbia/decipher-bc-sigma-sweep/runs/jf5180qb,0.9776719471597785,,,,0.7740108113198825,0.6875691631907423,/home/jihyunpark/decipher-bc/Data/Simulated Data/Simulated Data Generation/../Simulated Adata/shift_sigma_sweep_bifurcation/0918/trained/sweep0918_ds3_sigma1.0_seed3_native_nobif_genes_decipherseed_3.h5ad,,194.5
native,genes,nobif,1.0,3,1,Base Decipher (genes),,,0.9798202773943252,,,,0.7584311270776073,0.6510757409634401,/home/jihyunpark/decipher-bc/Data/Simulated Data/Simulated Data Generation/../Simulated Adata/shift_sigma_sweep_bifurcation/0918/trained/sweep0918_ds3_sigma1.0_seed3_native_nobif_genes_decipherseed_1.h5ad,,233.3
native,genes,nobif,1.0,4,2,Base Decipher (genes),,,0.9016066881159396,,,,0.6465985824903165,0.4712318444785185,/home/jihyunpark/decipher-bc/Data/Simulated Data/Simulated Data Generation/../Simulated Adata/shift_sigma_sweep_bifurcation/0918/trained/sweep0918_ds3_sigma1.0_seed4_native_nobif_genes_decipherseed_2.h5ad,,163.8
native,genes,nobif,1.0,4,1,Base Decipher (genes),,,0.9190573591093616,,,,0.6537005071903534,0.5247473145978461,/home/jihyunpark/decipher-bc/Data/Simulated Data/Simulated Data Generation/../Simulated Adata/shift_sigma_sweep_bifurcation/0918/trained/sweep0918_ds3_sigma1.0_seed4_native_nobif_genes_decipherseed_1.h5ad,,200.5
native,genes,nobif,1.0,4,3,Base Decipher (genes),,,0.870134071405104,,,,0.6458633127859542,0.5184250317758053,/home/jihyunpark/decipher-bc/Data/Simulated Data/Simulated Data Generation/../Simulated Adata/shift_sigma_sweep_bifurcation/0918/trained/sweep0918_ds3_sigma1.0_seed4_native_nobif_genes_decipherseed_3.h5ad,,168.5
native,genes,nobif,1.0,5,2,Base Decipher (genes),guoz4uk3,https://wandb.ai/jpark-columbia/decipher-bc-sigma-sweep/runs/guoz4uk3,0.7907787284971569,,,,0.6622135758887491,0.5274941815189105,/home/jihyunpark/decipher-bc/Data/Simulated Data/Simulated Data Generation/../Simulated Adata/shift_sigma_sweep_bifurcation/0918/trained/sweep0918_ds3_sigma1.0_seed5_native_nobif_genes_decipherseed_2.h5ad,,161.9
native,genes,bif,5.0,4,3,Base Decipher (genes),yjl1wblu,https://wandb.ai/jpark-columbia/decipher-bc-sigma-sweep/runs/yjl1wblu,0.2725846960591337,0.2836089454112505,0.3201711892531561,0.0004254792875144,0.7309809646330072,0.7902853945629482,/home/jihyunpark/decipher-bc/Data/Simulated Data/Simulated Data Generation/../Simulated Adata/shift_sigma_sweep_bifurcation/0918/trained/sweep0918_ds3_sigma5.0_seed4_native_bif_genes_decipherseed_3.h5ad,,1727.1
native,genes,nobif,1.0,5,3,Base Decipher (genes),ghu9byp6,https://wandb.ai/jpark-columbia/decipher-bc-sigma-sweep/runs/ghu9byp6,0.8299463596260944,,,,0.662513621293074,0.5064009449207119,/home/jihyunpark/decipher-bc/Data/Simulated Data/Simulated Data Generation/../Simulated Adata/shift_sigma_sweep_bifurcation/0918/trained/sweep0918_ds3_sigma1.0_seed5_native_nobif_genes_decipherseed_3.h5ad,,230.1
native,genes,nobif,0.5,4,2,Base Decipher (genes),rs6857yp,https://wandb.ai/jpark-columbia/decipher-bc-sigma-sweep/runs/rs6857yp,0.9616827906924325,,,,0.707356296055623,0.5389903687072014,/home/jihyunpark/decipher-bc/Data/Simulated Data/Simulated Data Generation/../Simulated Adata/shift_sigma_sweep_bifurcation/0918/trained/sweep0918_ds3_sigma0.5_seed4_native_nobif_genes_decipherseed_2.h5ad,,749.4
native,genes,nobif,2.0,3,2,Base Decipher (genes),,,0.819673950614187,,,,0.6843122189746433,0.5611278094700484,/home/jihyunpark/decipher-bc/Data/Simulated Data/Simulated Data Generation/../Simulated Adata/shift_sigma_sweep_bifurcation/0918/trained/sweep0918_ds3_sigma2.0_seed3_native_nobif_genes_decipherseed_2.h5ad,,172.5
native,genes,nobif,2.0,4,1,Base Decipher (genes),,,0.5563159830266632,,,,0.7024083756917162,0.6739312164230793,/home/jihyunpark/decipher-bc/Data/Simulated Data/Simulated Data Generation/../Simulated Adata/shift_sigma_sweep_bifurcation/0918/trained/sweep0918_ds3_sigma2.0_seed4_native_nobif_genes_decipherseed_1.h5ad,,154.2
native,genes,nobif,2.0,3,3,Base Decipher (genes),,,0.9515771674661264,,,,0.6965719191043969,0.5871106289007026,/home/jihyunpark/decipher-bc/Data/Simulated Data/Simulated Data Generation/../Simulated Adata/shift_sigma_sweep_bifurcation/0918/trained/sweep0918_ds3_sigma2.0_seed3_native_nobif_genes_decipherseed_3.h5ad,,206.1
native,genes,nobif,2.0,4,2,Base Decipher (genes),,,0.3890964297619303,,,,0.7093547507494543,0.6864098331413079,/home/jihyunpark/decipher-bc/Data/Simulated Data/Simulated Data Generation/../Simulated Adata/shift_sigma_sweep_bifurcation/0918/trained/sweep0918_ds3_sigma2.0_seed4_native_nobif_genes_decipherseed_2.h5ad,,175.1
native,genes,nobif,2.0,5,1,Base Decipher (genes),,,0.5002717553735914,,,,0.7353444837094711,0.7282321466551201,/home/jihyunpark/decipher-bc/Data/Simulated Data/Simulated Data Generation/../Simulated Adata/shift_sigma_sweep_bifurcation/0918/trained/sweep0918_ds3_sigma2.0_seed5_native_nobif_genes_decipherseed_1.h5ad,,164.7
native,genes,nobif,2.0,4,3,Base Decipher (genes),,,0.4003514763444848,,,,0.705264847495037,0.6860445575386087,/home/jihyunpark/decipher-bc/Data/Simulated Data/Simulated Data Generation/../Simulated Adata/shift_sigma_sweep_bifurcation/0918/trained/sweep0918_ds3_sigma2.0_seed4_native_nobif_genes_decipherseed_3.h5ad,,195.5
native,genes,nobif,0.5,4,1,Base Decipher (genes),29eh4llt,https://wandb.ai/jpark-columbia/decipher-bc-sigma-sweep/runs/29eh4llt,0.9743547392897928,,,,0.709551243527373,0.5493651482683323,/home/jihyunpark/decipher-bc/Data/Simulated Data/Simulated Data Generation/../Simulated Adata/shift_sigma_sweep_bifurcation/0918/trained/sweep0918_ds3_sigma0.5_seed4_native_nobif_genes_decipherseed_1.h5ad,,939.7
native,genes,nobif,2.0,5,2,Base Decipher (genes),,,0.6106470186002686,,,,0.7361977146050891,0.6933575888052635,/home/jihyunpark/decipher-bc/Data/Simulated Data/Simulated Data Generation/../Simulated Adata/shift_sigma_sweep_bifurcation/0918/trained/sweep0918_ds3_sigma2.0_seed5_native_nobif_genes_decipherseed_2.h5ad,,198.9
native,genes,nobif,5.0,3,1,Base Decipher (genes),,,0.602102486486286,,,,0.749020585807757,0.7499209691015944,/home/jihyunpark/decipher-bc/Data/Simulated Data/Simulated Data Generation/../Simulated Adata/shift_sigma_sweep_bifurcation/0918/trained/sweep0918_ds3_sigma5.0_seed3_native_nobif_genes_decipherseed_1.h5ad,,220.8
native,genes,nobif,5.0,3,3,Base Decipher (genes),,,0.6428565468826144,,,,0.7475721584813999,0.7549962495542135,/home/jihyunpark/decipher-bc/Data/Simulated Data/Simulated Data Generation/../Simulated Adata/shift_sigma_sweep_bifurcation/0918/trained/sweep0918_ds3_sigma5.0_seed3_native_nobif_genes_decipherseed_3.h5ad,,191.0
native,genes,nobif,5.0,4,2,Base Decipher (genes),,,0.2199518262601867,,,,0.7384622934577543,0.8445843652158609,/home/jihyunpark/decipher-bc/Data/Simulated Data/Simulated Data Generation/../Simulated Adata/shift_sigma_sweep_bifurcation/0918/trained/sweep0918_ds3_sigma5.0_seed4_native_nobif_genes_decipherseed_2.h5ad,,163.5
native,genes,nobif,5.0,3,2,Base Decipher (genes),8tu4epqq,https://wandb.ai/jpark-columbia/decipher-bc-sigma-sweep/runs/8tu4epqq,0.4151682295758378,,,,0.7237898872716348,0.7751098255413436,/home/jihyunpark/decipher-bc/Data/Simulated Data/Simulated Data Generation/../Simulated Adata/shift_sigma_sweep_bifurcation/0918/trained/sweep0918_ds3_sigma5.0_seed3_native_nobif_genes_decipherseed_2.h5ad,,275.7
native,genes,nobif,5.0,4,3,Base Decipher (genes),,,0.2446076266857949,,,,0.7398962271396049,0.8508975280902912,/home/jihyunpark/decipher-bc/Data/Simulated Data/Simulated Data Generation/../Simulated Adata/shift_sigma_sweep_bifurcation/0918/trained/sweep0918_ds3_sigma5.0_seed4_native_nobif_genes_decipherseed_3.h5ad,,152.4
native,genes,nobif,5.0,4,1,Base Decipher (genes),,,0.2382916152390206,,,,0.7369238177750497,0.8444042782412762,/home/jihyunpark/decipher-bc/Data/Simulated Data/Simulated Data Generation/../Simulated Adata/shift_sigma_sweep_bifurcation/0918/trained/sweep0918_ds3_sigma5.0_seed4_native_nobif_genes_decipherseed_1.h5ad,,201.4
native,genes,nobif,5.0,5,1,Base Decipher (genes),,,0.2889755396266141,,,,0.7696896197252874,0.8608711844569062,/home/jihyunpark/decipher-bc/Data/Simulated Data/Simulated Data Generation/../Simulated Adata/shift_sigma_sweep_bifurcation/0918/trained/sweep0918_ds3_sigma5.0_seed5_native_nobif_genes_decipherseed_1.h5ad,,203.0
native,genes,nobif,5.0,5,3,Base Decipher (genes),4njq81fh,https://wandb.ai/jpark-columbia/decipher-bc-sigma-sweep/runs/4njq81fh,0.3299199077491547,,,,0.766089393303409,0.8416809118561093,/home/jihyunpark/decipher-bc/Data/Simulated Data/Simulated Data Generation/../Simulated Adata/shift_sigma_sweep_bifurcation/0918/trained/sweep0918_ds3_sigma5.0_seed5_native_nobif_genes_decipherseed_3.h5ad,,195.3
native,genes,nobif,5.0,5,2,Base Decipher (genes),,,0.3112262014456746,,,,0.7711490904034373,0.8304259290604543,/home/jihyunpark/decipher-bc/Data/Simulated Data/Simulated Data Generation/../Simulated Adata/shift_sigma_sweep_bifurcation/0918/trained/sweep0918_ds3_sigma5.0_seed5_native_nobif_genes_decipherseed_2.h5ad,,167.3
native,genes,nobif,7.5,3,2,Base Decipher (genes),cez8o50t,https://wandb.ai/jpark-columbia/decipher-bc-sigma-sweep/runs/cez8o50t,0.3533407178196064,,,,0.7315721167792744,0.826482978174568,/home/jihyunpark/decipher-bc/Data/Simulated Data/Simulated Data Generation/../Simulated Adata/shift_sigma_sweep_bifurcation/0918/trained/sweep0918_ds3_sigma7.5_seed3_native_nobif_genes_decipherseed_2.h5ad,,164.3
native,genes,nobif,7.5,3,1,Base Decipher (genes),9tofu7ny,https://wandb.ai/jpark-columbia/decipher-bc-sigma-sweep/runs/9tofu7ny,0.4539177248120524,,,,0.7443353100334658,0.8364757929958881,/home/jihyunpark/decipher-bc/Data/Simulated Data/Simulated Data Generation/../Simulated Adata/shift_sigma_sweep_bifurcation/0918/trained/sweep0918_ds3_sigma7.5_seed3_native_nobif_genes_decipherseed_1.h5ad,,238.6
native,genes,nobif,0.5,5,2,Base Decipher (genes),xt4vwpl1,https://wandb.ai/jpark-columbia/decipher-bc-sigma-sweep/runs/xt4vwpl1,0.9656798648574182,,,,0.6843858509768317,0.5401863899378061,/home/jihyunpark/decipher-bc/Data/Simulated Data/Simulated Data Generation/../Simulated Adata/shift_sigma_sweep_bifurcation/0918/trained/sweep0918_ds3_sigma0.5_seed5_native_nobif_genes_decipherseed_2.h5ad,,1135.1
native,genes,nobif,7.5,3,3,Base Decipher (genes),,,0.4702144201673105,,,,0.737901524480547,0.8217068215406045,/home/jihyunpark/decipher-bc/Data/Simulated Data/Simulated Data Generation/../Simulated Adata/shift_sigma_sweep_bifurcation/0918/trained/sweep0918_ds3_sigma7.5_seed3_native_nobif_genes_decipherseed_3.h5ad,,139.5
native,genes,nobif,7.5,4,2,Base Decipher (genes),,,0.385862437857997,,,,0.7398678424715985,0.887924205227842,/home/jihyunpark/decipher-bc/Data/Simulated Data/Simulated Data Generation/../Simulated Adata/shift_sigma_sweep_bifurcation/0918/trained/sweep0918_ds3_sigma7.5_seed4_native_nobif_genes_decipherseed_2.h5ad,,200.2
native,genes,nobif,7.5,4,3,Base Decipher (genes),0kazghzf,https://wandb.ai/jpark-columbia/decipher-bc-sigma-sweep/runs/0kazghzf,0.2721215358161652,,,,0.7385715707143747,0.8812981694171256,/home/jihyunpark/decipher-bc/Data/Simulated Data/Simulated Data Generation/../Simulated Adata/shift_sigma_sweep_bifurcation/0918/trained/sweep0918_ds3_sigma7.5_seed4_native_nobif_genes_decipherseed_3.h5ad,,274.5
native,genes,nobif,7.5,5,1,Base Decipher (genes),,,0.1729478208272636,,,,0.7627005367761305,0.8852226855672686,/home/jihyunpark/decipher-bc/Data/Simulated Data/Simulated Data Generation/../Simulated Adata/shift_sigma_sweep_bifurcation/0918/trained/sweep0918_ds3_sigma7.5_seed5_native_nobif_genes_decipherseed_1.h5ad,,173.5
native,genes,nobif,7.5,5,3,Base Decipher (genes),zr92594w,https://wandb.ai/jpark-columbia/decipher-bc-sigma-sweep/runs/zr92594w,0.1357026160384767,,,,0.7674539614159626,0.884547082451104,/home/jihyunpark/decipher-bc/Data/Simulated Data/Simulated Data Generation/../Simulated Adata/shift_sigma_sweep_bifurcation/0918/trained/sweep0918_ds3_sigma7.5_seed5_native_nobif_genes_decipherseed_3.h5ad,,234.1
native,genes,nobif,0.1,5,2,Base Decipher (genes),p9xv6taw,https://wandb.ai/jpark-columbia/decipher-bc-sigma-sweep/runs/p9xv6taw,0.9710080911513445,,,,0.7650965306189722,0.5697044649503955,/home/jihyunpark/decipher-bc/Data/Simulated Data/Simulated Data Generation/../Simulated Adata/shift_sigma_sweep_bifurcation/0918/trained/sweep0918_ds3_sigma0.1_seed5_native_nobif_genes_decipherseed_2.h5ad,,1715.3
native,genes,nobif,10.0,3,2,Base Decipher (genes),,,0.590648014008459,,,,0.7320083915308254,0.8619683223715566,/home/jihyunpark/decipher-bc/Data/Simulated Data/Simulated Data Generation/../Simulated Adata/shift_sigma_sweep_bifurcation/0918/trained/sweep0918_ds3_sigma10.0_seed3_native_nobif_genes_decipherseed_2.h5ad,,153.5
native,genes,nobif,10.0,3,1,Base Decipher (genes),,,0.4652448231646298,,,,0.7429216223689947,0.8625583157708558,/home/jihyunpark/decipher-bc/Data/Simulated Data/Simulated Data Generation/../Simulated Adata/shift_sigma_sweep_bifurcation/0918/trained/sweep0918_ds3_sigma10.0_seed3_native_nobif_genes_decipherseed_1.h5ad,,237.1
native,genes,nobif,10.0,4,3,Base Decipher (genes),jpd3c5wi,https://wandb.ai/jpark-columbia/decipher-bc-sigma-sweep/runs/jpd3c5wi,0.0784813135835153,,,,0.7385239913900734,0.8982297011492621,/home/jihyunpark/decipher-bc/Data/Simulated Data/Simulated Data Generation/../Simulated Adata/shift_sigma_sweep_bifurcation/0918/trained/sweep0918_ds3_sigma10.0_seed4_native_nobif_genes_decipherseed_3.h5ad,,167.0
native,genes,nobif,10.0,4,1,Base Decipher (genes),,,0.4192713830653224,,,,0.7350206588930283,0.8985076593396297,/home/jihyunpark/decipher-bc/Data/Simulated Data/Simulated Data Generation/../Simulated Adata/shift_sigma_sweep_bifurcation/0918/trained/sweep0918_ds3_sigma10.0_seed4_native_nobif_genes_decipherseed_1.h5ad,,186.0
native,genes,nobif,10.0,3,3,Base Decipher (genes),t81co8kg,https://wandb.ai/jpark-columbia/decipher-bc-sigma-sweep/runs/t81co8kg,0.6123808587575206,,,,0.734886089473574,0.8508495447083463,/home/jihyunpark/decipher-bc/Data/Simulated Data/Simulated Data Generation/../Simulated Adata/shift_sigma_sweep_bifurcation/0918/trained/sweep0918_ds3_sigma10.0_seed3_native_nobif_genes_decipherseed_3.h5ad,,295.1
native,genes,nobif,10.0,4,2,Base Decipher (genes),rtl648ou,https://wandb.ai/jpark-columbia/decipher-bc-sigma-sweep/runs/rtl648ou,0.3170501290440573,,,,0.7353847431851699,0.899297064035053,/home/jihyunpark/decipher-bc/Data/Simulated Data/Simulated Data Generation/../Simulated Adata/shift_sigma_sweep_bifurcation/0918/trained/sweep0918_ds3_sigma10.0_seed4_native_nobif_genes_decipherseed_2.h5ad,,168.8
native,genes,nobif,10.0,5,2,Base Decipher (genes),a6a79for,https://wandb.ai/jpark-columbia/decipher-bc-sigma-sweep/runs/a6a79for,0.2171945737703428,,,,0.7720480893270043,0.9116983251860928,/home/jihyunpark/decipher-bc/Data/Simulated Data/Simulated Data Generation/../Simulated Adata/shift_sigma_sweep_bifurcation/0918/trained/sweep0918_ds3_sigma10.0_seed5_native_nobif_genes_decipherseed_2.h5ad,,203.2
native,genes,nobif,10.0,5,3,Base Decipher (genes),voh4451t,https://wandb.ai/jpark-columbia/decipher-bc-sigma-sweep/runs/voh4451t,0.1972123379179199,,,,0.7644653527303851,0.9026532870998882,/home/jihyunpark/decipher-bc/Data/Simulated Data/Simulated Data Generation/../Simulated Adata/shift_sigma_sweep_bifurcation/0918/trained/sweep0918_ds3_sigma10.0_seed5_native_nobif_genes_decipherseed_3.h5ad,,221.7
model2,z,bif,0.1,4,2,Set1 vz2,,,0.9822597556370912,0.9748053455884412,0.9752708226062428,0.4385667145252228,0.8885465933214992,0.7857063384031704,/home/jihyunpark/decipher-bc/Data/Simulated Data/Simulated Data Generation/../Simulated Adata/shift_sigma_sweep_bifurcation/0918/trained/sweep0918_ds3_sigma0.1_seed4_model2_bif_z_decipherseed_2.h5ad,,133.8
model2,z,bif,0.1,4,1,Set1 vz2,xrmexi5w,https://wandb.ai/jpark-columbia/decipher-bc-sigma-sweep/runs/xrmexi5w,0.9801485641523994,0.973287763276826,0.9734802870491008,0.4732614457607269,0.8851097592858063,0.7867988399891408,/home/jihyunpark/decipher-bc/Data/Simulated Data/Simulated Data Generation/../Simulated Adata/shift_sigma_sweep_bifurcation/0918/trained/sweep0918_ds3_sigma0.1_seed4_model2_bif_z_decipherseed_1.h5ad,,176.9
model2,z,bif,0.1,4,3,Set1 vz2,,,0.980351075998765,0.9730949764171868,0.9770095773795682,0.3532970547676086,0.8868860881444068,0.7864979495562546,/home/jihyunpark/decipher-bc/Data/Simulated Data/Simulated Data Generation/../Simulated Adata/shift_sigma_sweep_bifurcation/0918/trained/sweep0918_ds3_sigma0.1_seed4_model2_bif_z_decipherseed_3.h5ad,,152.2
model2,z,bif,0.1,3,1,Set1 vz2,,,0.9939717192982048,0.991032570285666,0.9915340514836056,0.5114484429359436,0.9493885451078456,0.905509346532047,/home/jihyunpark/decipher-bc/Data/Simulated Data/Simulated Data Generation/../Simulated Adata/shift_sigma_sweep_bifurcation/0918/trained/sweep0918_ds3_sigma0.1_seed3_model2_bif_z_decipherseed_1.h5ad,,235.4
model2,z,bif,0.1,3,3,Set1 vz2,,,0.9908705862740156,0.9912596225776712,0.992226346256568,0.4712473154067993,0.9495565427446588,0.9065017323626016,/home/jihyunpark/decipher-bc/Data/Simulated Data/Simulated Data Generation/../Simulated Adata/shift_sigma_sweep_bifurcation/0918/trained/sweep0918_ds3_sigma0.1_seed3_model2_bif_z_decipherseed_3.h5ad,,206.8
native,genes,nobif,1.0,5,1,Base Decipher (genes),hwlvae8q,https://wandb.ai/jpark-columbia/decipher-bc-sigma-sweep/runs/hwlvae8q,0.722634901413681,,,,0.6614567308773699,0.5392606123392334,/home/jihyunpark/decipher-bc/Data/Simulated Data/Simulated Data Generation/../Simulated Adata/shift_sigma_sweep_bifurcation/0918/trained/sweep0918_ds3_sigma1.0_seed5_native_nobif_genes_decipherseed_1.h5ad,,1519.1
model2,z,bif,0.1,5,1,Set1 vz2,jq8fmn9a,https://wandb.ai/jpark-columbia/decipher-bc-sigma-sweep/runs/jq8fmn9a,0.9714994449031944,0.9676136085983634,0.956019464569249,0.4271944761276245,0.8831962839387781,0.7695853282666503,/home/jihyunpark/decipher-bc/Data/Simulated Data/Simulated Data Generation/../Simulated Adata/shift_sigma_sweep_bifurcation/0918/trained/sweep0918_ds3_sigma0.1_seed5_model2_bif_z_decipherseed_1.h5ad,,162.5
model2,z,bif,0.1,5,2,Set1 vz2,3mb4ry2l,https://wandb.ai/jpark-columbia/decipher-bc-sigma-sweep/runs/3mb4ry2l,0.9736806530567746,0.963150766630286,0.9583277809074822,0.5052300691604614,0.8830514721938113,0.7743204494681358,/home/jihyunpark/decipher-bc/Data/Simulated Data/Simulated Data Generation/../Simulated Adata/shift_sigma_sweep_bifurcation/0918/trained/sweep0918_ds3_sigma0.1_seed5_model2_bif_z_decipherseed_2.h5ad,,206.4
native,genes,nobif,10.0,5,1,Base Decipher (genes),afubjyzp,https://wandb.ai/jpark-columbia/decipher-bc-sigma-sweep/runs/afubjyzp,0.3320000247358954,,,,0.7653495413227955,0.908813500968542,/home/jihyunpark/decipher-bc/Data/Simulated Data/Simulated Data Generation/../Simulated Adata/shift_sigma_sweep_bifurcation/0918/trained/sweep0918_ds3_sigma10.0_seed5_native_nobif_genes_decipherseed_1.h5ad,,569.6
model2,z,bif,0.1,5,3,Set1 vz2,,,0.973726541206296,0.9651962131946572,0.9595001528945092,0.4580836892127991,0.8801302031880341,0.766589374876898,/home/jihyunpark/decipher-bc/Data/Simulated Data/Simulated Data Generation/../Simulated Adata/shift_sigma_sweep_bifurcation/0918/trained/sweep0918_ds3_sigma0.1_seed5_model2_bif_z_decipherseed_3.h5ad,,133.6
native,genes,nobif,7.5,5,2,Base Decipher (genes),f41tdtqc,https://wandb.ai/jpark-columbia/decipher-bc-sigma-sweep/runs/f41tdtqc,0.388634417957377,,,,0.7725603374119642,0.8900217508559852,/home/jihyunpark/decipher-bc/Data/Simulated Data/Simulated Data Generation/../Simulated Adata/shift_sigma_sweep_bifurcation/0918/trained/sweep0918_ds3_sigma7.5_seed5_native_nobif_genes_decipherseed_2.h5ad,,944.4
model2,z,bif,0.5,3,1,Set1 vz2,,,0.965433089314398,0.9629037363730026,0.9440864216433008,0.5103822350502014,0.9417580801788504,0.8969706107060612,/home/jihyunpark/decipher-bc/Data/Simulated Data/Simulated Data Generation/../Simulated Adata/shift_sigma_sweep_bifurcation/0918/trained/sweep0918_ds3_sigma0.5_seed3_model2_bif_z_decipherseed_1.h5ad,,190.6
model2,z,bif,0.5,3,3,Set1 vz2,,,0.9536025251188516,0.9627965817813542,0.9103154881873284,0.439988225698471,0.9469249804438924,0.9007128091091348,/home/jihyunpark/decipher-bc/Data/Simulated Data/Simulated Data Generation/../Simulated Adata/shift_sigma_sweep_bifurcation/0918/trained/sweep0918_ds3_sigma0.5_seed3_model2_bif_z_decipherseed_3.h5ad,,207.1
native,genes,bif,2.0,5,1,Base Decipher (genes),gzx9o7k2,https://wandb.ai/jpark-columbia/decipher-bc-sigma-sweep/runs/gzx9o7k2,0.5881765142545763,0.4130148279866525,0.5762901201699528,0.006672247312963,0.7039279726853964,0.6451763306319789,/home/jihyunpark/decipher-bc/Data/Simulated Data/Simulated Data Generation/../Simulated Adata/shift_sigma_sweep_bifurcation/0918/trained/sweep0918_ds3_sigma2.0_seed5_native_bif_genes_decipherseed_1.h5ad,,3444.7
model2,z,bif,0.5,3,2,Set1 vz2,,,0.9593413002443728,0.9682377782119286,0.9476083105061018,0.4597595632076263,0.9481254038856656,0.9017669393511468,/home/jihyunpark/decipher-bc/Data/Simulated Data/Simulated Data Generation/../Simulated Adata/shift_sigma_sweep_bifurcation/0918/trained/sweep0918_ds3_sigma0.5_seed3_model2_bif_z_decipherseed_2.h5ad,,218.6
model2,z,bif,0.5,4,3,Set1 vz2,5sps61tj,https://wandb.ai/jpark-columbia/decipher-bc-sigma-sweep/runs/5sps61tj,0.901718997511241,0.8489129037353406,0.9131481473229648,0.3732154965400696,0.9006958795674751,0.7936010711252643,/home/jihyunpark/decipher-bc/Data/Simulated Data/Simulated Data Generation/../Simulated Adata/shift_sigma_sweep_bifurcation/0918/trained/sweep0918_ds3_sigma0.5_seed4_model2_bif_z_decipherseed_3.h5ad,,220.4
model2,z,bif,0.5,5,2,Set1 vz2,,,0.8609982874662025,0.9494091684699985,0.7934994838384847,0.3976408839225769,0.8971923633578995,0.8002837488966925,/home/jihyunpark/decipher-bc/Data/Simulated Data/Simulated Data Generation/../Simulated Adata/shift_sigma_sweep_bifurcation/0918/trained/sweep0918_ds3_sigma0.5_seed5_model2_bif_z_decipherseed_2.h5ad,,193.3
native,genes,nobif,7.5,4,1,Base Decipher (genes),y08f03w7,https://wandb.ai/jpark-columbia/decipher-bc-sigma-sweep/runs/y08f03w7,0.4824569737498282,,,,0.7376923946566121,0.8809744415806808,/home/jihyunpark/decipher-bc/Data/Simulated Data/Simulated Data Generation/../Simulated Adata/shift_sigma_sweep_bifurcation/0918/trained/sweep0918_ds3_sigma7.5_seed4_native_nobif_genes_decipherseed_1.h5ad,,1316.9
model2,z,bif,1.0,3,2,Set1 vz2,kqpst6qm,https://wandb.ai/jpark-columbia/decipher-bc-sigma-sweep/runs/kqpst6qm,0.909127019971674,0.899477086446432,0.8314004216042745,0.3858471512794494,0.949166666157106,0.8946465360126786,/home/jihyunpark/decipher-bc/Data/Simulated Data/Simulated Data Generation/../Simulated Adata/shift_sigma_sweep_bifurcation/0918/trained/sweep0918_ds3_sigma1.0_seed3_model2_bif_z_decipherseed_2.h5ad,,215.0
model2,z,bif,0.5,5,3,Set1 vz2,ib2q9for,https://wandb.ai/jpark-columbia/decipher-bc-sigma-sweep/runs/ib2q9for,0.849712827345717,0.8907653970061081,0.7473624339897091,0.3745277225971222,0.8980532163149424,0.8037283597350614,/home/jihyunpark/decipher-bc/Data/Simulated Data/Simulated Data Generation/../Simulated Adata/shift_sigma_sweep_bifurcation/0918/trained/sweep0918_ds3_sigma0.5_seed5_model2_bif_z_decipherseed_3.h5ad,,309.9
model2,z,bif,1.0,3,1,Set1 vz2,,,0.915457238308882,0.9003581621492885,0.8400376323359687,0.4569838941097259,0.946279584420447,0.8891829385881699,/home/jihyunpark/decipher-bc/Data/Simulated Data/Simulated Data Generation/../Simulated Adata/shift_sigma_sweep_bifurcation/0918/trained/sweep0918_ds3_sigma1.0_seed3_model2_bif_z_decipherseed_1.h5ad,,226.0
model2,z,bif,1.0,4,1,Set1 vz2,,,0.8422958247606637,0.7725294585461822,0.8028839142181462,0.3720267713069916,0.9126497817842848,0.8304149017188551,/home/jihyunpark/decipher-bc/Data/Simulated Data/Simulated Data Generation/../Simulated Adata/shift_sigma_sweep_bifurcation/0918/trained/sweep0918_ds3_sigma1.0_seed4_model2_bif_z_decipherseed_1.h5ad,,191.1
model2,z,bif,1.0,4,3,Set1 vz2,6shqmy40,https://wandb.ai/jpark-columbia/decipher-bc-sigma-sweep/runs/6shqmy40,0.8630503243863472,0.6949409942110055,0.8153373000265289,0.29500412940979,0.9126300238605356,0.8277531861213703,/home/jihyunpark/decipher-bc/Data/Simulated Data/Simulated Data Generation/../Simulated Adata/shift_sigma_sweep_bifurcation/0918/trained/sweep0918_ds3_sigma1.0_seed4_model2_bif_z_decipherseed_3.h5ad,,180.3
model2,z,bif,1.0,5,1,Set1 vz2,gcntuhea,https://wandb.ai/jpark-columbia/decipher-bc-sigma-sweep/runs/gcntuhea,0.8589925365480552,0.9042392482312926,0.7776681960414614,0.2672140896320343,0.9162035603550394,0.8524153343053581,/home/jihyunpark/decipher-bc/Data/Simulated Data/Simulated Data Generation/../Simulated Adata/shift_sigma_sweep_bifurcation/0918/trained/sweep0918_ds3_sigma1.0_seed5_model2_bif_z_decipherseed_1.h5ad,,199.0
model2,z,bif,0.1,3,2,Set1 vz2,46fq3zux,https://wandb.ai/jpark-columbia/decipher-bc-sigma-sweep/runs/46fq3zux,0.9945912568608898,0.9918045863566372,0.9922592883859066,0.4607844054698944,0.9481285544778324,0.903144169360123,/home/jihyunpark/decipher-bc/Data/Simulated Data/Simulated Data Generation/../Simulated Adata/shift_sigma_sweep_bifurcation/0918/trained/sweep0918_ds3_sigma0.1_seed3_model2_bif_z_decipherseed_2.h5ad,,936.7
model2,z,bif,1.0,5,2,Set1 vz2,iaufyohq,https://wandb.ai/jpark-columbia/decipher-bc-sigma-sweep/runs/iaufyohq,0.7579759859103968,0.8731742927174743,0.5867473118822041,0.3029493689537048,0.9167935262648098,0.852622129860668,/home/jihyunpark/decipher-bc/Data/Simulated Data/Simulated Data Generation/../Simulated Adata/shift_sigma_sweep_bifurcation/0918/trained/sweep0918_ds3_sigma1.0_seed5_model2_bif_z_decipherseed_2.h5ad,,159.9
model2,z,bif,1.0,5,3,Set1 vz2,jvws3a42,https://wandb.ai/jpark-columbia/decipher-bc-sigma-sweep/runs/jvws3a42,0.7948534256541591,0.8808807712906651,0.6438054289897658,0.3589736819267273,0.9158345601167156,0.8500680643753732,/home/jihyunpark/decipher-bc/Data/Simulated Data/Simulated Data Generation/../Simulated Adata/shift_sigma_sweep_bifurcation/0918/trained/sweep0918_ds3_sigma1.0_seed5_model2_bif_z_decipherseed_3.h5ad,,169.9
model2,z,bif,0.5,4,2,Set1 vz2,qsy0z2a7,https://wandb.ai/jpark-columbia/decipher-bc-sigma-sweep/runs/qsy0z2a7,0.9215395490860532,0.8953601644160922,0.8358011044964794,0.3939406871795654,0.9032509084799124,0.8006079395201874,/home/jihyunpark/decipher-bc/Data/Simulated Data/Simulated Data Generation/../Simulated Adata/shift_sigma_sweep_bifurcation/0918/trained/sweep0918_ds3_sigma0.5_seed4_model2_bif_z_decipherseed_2.h5ad,,750.3
model2,z,bif,2.0,3,3,Set1 vz2,whkjl3sf,https://wandb.ai/jpark-columbia/decipher-bc-sigma-sweep/runs/whkjl3sf,0.7839338081837769,0.7683138519774596,0.750374192836226,0.2119621187448501,0.9463796692878034,0.894519877561954,/home/jihyunpark/decipher-bc/Data/Simulated Data/Simulated Data Generation/../Simulated Adata/shift_sigma_sweep_bifurcation/0918/trained/sweep0918_ds3_sigma2.0_seed3_model2_bif_z_decipherseed_3.h5ad,,231.1
model2,z,bif,2.0,3,1,Set1 vz2,,,0.8839839849457423,0.7267314976983845,0.895286576236639,0.2415294051170349,0.9470670331922342,0.8979569287182152,/home/jihyunpark/decipher-bc/Data/Simulated Data/Simulated Data Generation/../Simulated Adata/shift_sigma_sweep_bifurcation/0918/trained/sweep0918_ds3_sigma2.0_seed3_model2_bif_z_decipherseed_1.h5ad,,208.2
model2,z,bif,2.0,3,2,Set1 vz2,,,0.8669029190742575,0.6836841727252726,0.8255678644055242,0.2560718655586242,0.9451815960723798,0.8938738718023774,/home/jihyunpark/decipher-bc/Data/Simulated Data/Simulated Data Generation/../Simulated Adata/shift_sigma_sweep_bifurcation/0918/trained/sweep0918_ds3_sigma2.0_seed3_model2_bif_z_decipherseed_2.h5ad,,211.2
model2,z,bif,2.0,4,1,Set1 vz2,ec7hxqls,https://wandb.ai/jpark-columbia/decipher-bc-sigma-sweep/runs/ec7hxqls,0.7813815528081718,0.5842249744267886,0.6348957108475428,0.1238462254405021,0.9339563633296942,0.8816054865096474,/home/jihyunpark/decipher-bc/Data/Simulated Data/Simulated Data Generation/../Simulated Adata/shift_sigma_sweep_bifurcation/0918/trained/sweep0918_ds3_sigma2.0_seed4_model2_bif_z_decipherseed_1.h5ad,,220.3
model2,z,bif,2.0,4,2,Set1 vz2,,,0.8025035164585803,0.6973501538330109,0.7828894279404538,0.1945397406816482,0.9319543031409688,0.8778768464937514,/home/jihyunpark/decipher-bc/Data/Simulated Data/Simulated Data Generation/../Simulated Adata/shift_sigma_sweep_bifurcation/0918/trained/sweep0918_ds3_sigma2.0_seed4_model2_bif_z_decipherseed_2.h5ad,,211.2
model2,z,bif,2.0,4,3,Set1 vz2,,,0.7332582067137792,0.6929647736767096,0.643228474126828,0.1851188540458679,0.9329398240182148,0.8791824708297462,/home/jihyunpark/decipher-bc/Data/Simulated Data/Simulated Data Generation/../Simulated Adata/shift_sigma_sweep_bifurcation/0918/trained/sweep0918_ds3_sigma2.0_seed4_model2_bif_z_decipherseed_3.h5ad,,205.9
model2,z,bif,2.0,5,2,Set1 vz2,f9x1tv2k,https://wandb.ai/jpark-columbia/decipher-bc-sigma-sweep/runs/f9x1tv2k,0.6629818029775117,0.6772187127648888,0.4335226520125186,0.2049068361520767,0.9387585411305748,0.8891962172865477,/home/jihyunpark/decipher-bc/Data/Simulated Data/Simulated Data Generation/../Simulated Adata/shift_sigma_sweep_bifurcation/0918/trained/sweep0918_ds3_sigma2.0_seed5_model2_bif_z_decipherseed_2.h5ad,,216.0
native,genes,nobif,2.0,5,3,Base Decipher (genes),aj3htp18,https://wandb.ai/jpark-columbia/decipher-bc-sigma-sweep/runs/aj3htp18,0.4659823346344678,,,,0.7357422594181959,0.7060644694148048,/home/jihyunpark/decipher-bc/Data/Simulated Data/Simulated Data Generation/../Simulated Adata/shift_sigma_sweep_bifurcation/0918/trained/sweep0918_ds3_sigma2.0_seed5_native_nobif_genes_decipherseed_3.h5ad,,2294.7
native,genes,bif,10.0,5,1,Base Decipher (genes),6gc1du8c,https://wandb.ai/jpark-columbia/decipher-bc-sigma-sweep/runs/6gc1du8c,0.3561594928206119,0.3240108902187623,0.2437427403368398,0.0008067349554039,0.7576400724114738,0.8900809514052221,/home/jihyunpark/decipher-bc/Data/Simulated Data/Simulated Data Generation/../Simulated Adata/shift_sigma_sweep_bifurcation/0918/trained/sweep0918_ds3_sigma10.0_seed5_native_bif_genes_decipherseed_1.h5ad,,3450.3
model2,z,bif,5.0,3,1,Set1 vz2,,,0.7846324756065168,0.721182242940091,0.5472004416135945,0.0987456366419792,0.9556177121661712,0.934798429011543,/home/jihyunpark/decipher-bc/Data/Simulated Data/Simulated Data Generation/../Simulated Adata/shift_sigma_sweep_bifurcation/0918/trained/sweep0918_ds3_sigma5.0_seed3_model2_bif_z_decipherseed_1.h5ad,,231.0
model2,z,bif,5.0,4,2,Set1 vz2,,,0.6412316587073688,0.6267504941290781,0.6187120593641244,0.1022835001349449,0.9596741655536772,0.9327910301362404,/home/jihyunpark/decipher-bc/Data/Simulated Data/Simulated Data Generation/../Simulated Adata/shift_sigma_sweep_bifurcation/0918/trained/sweep0918_ds3_sigma5.0_seed4_model2_bif_z_decipherseed_2.h5ad,,182.2
model2,z,bif,5.0,3,3,Set1 vz2,,,0.7450691142976814,0.7379390950642744,0.5155622615273647,0.0246973726898431,0.9538145058517732,0.929513168869364,/home/jihyunpark/decipher-bc/Data/Simulated Data/Simulated Data Generation/../Simulated Adata/shift_sigma_sweep_bifurcation/0918/trained/sweep0918_ds3_sigma5.0_seed3_model2_bif_z_decipherseed_3.h5ad,,242.4
model2,z,bif,5.0,4,3,Set1 vz2,mzp2um1y,https://wandb.ai/jpark-columbia/decipher-bc-sigma-sweep/runs/mzp2um1y,0.8080387612594391,0.7366708343771412,0.6846217909783779,0.0867018178105354,0.9586710445727932,0.9321794300485337,/home/jihyunpark/decipher-bc/Data/Simulated Data/Simulated Data Generation/../Simulated Adata/shift_sigma_sweep_bifurcation/0918/trained/sweep0918_ds3_sigma5.0_seed4_model2_bif_z_decipherseed_3.h5ad,,221.6
model2,z,bif,5.0,4,1,Set1 vz2,,,0.5432064802539943,0.5278033134851955,0.2692464338629235,0.2788920104503631,0.9589145935001904,0.9319584772437748,/home/jihyunpark/decipher-bc/Data/Simulated Data/Simulated Data Generation/../Simulated Adata/shift_sigma_sweep_bifurcation/0918/trained/sweep0918_ds3_sigma5.0_seed4_model2_bif_z_decipherseed_1.h5ad,,280.3
native,genes,nobif,2.0,3,1,Base Decipher (genes),xjljmxlq,https://wandb.ai/jpark-columbia/decipher-bc-sigma-sweep/runs/xjljmxlq,0.7958833202858465,,,,0.6993298912634514,0.5603456624212373,/home/jihyunpark/decipher-bc/Data/Simulated Data/Simulated Data Generation/../Simulated Adata/shift_sigma_sweep_bifurcation/0918/trained/sweep0918_ds3_sigma2.0_seed3_native_nobif_genes_decipherseed_1.h5ad,,2680.1
model2,z,bif,1.0,3,3,Set1 vz2,6z4sjpif,https://wandb.ai/jpark-columbia/decipher-bc-sigma-sweep/runs/6z4sjpif,0.8852196390880442,0.876894873021135,0.8470709191292422,0.406743049621582,0.9475344053850816,0.8930298102685881,/home/jihyunpark/decipher-bc/Data/Simulated Data/Simulated Data Generation/../Simulated Adata/shift_sigma_sweep_bifurcation/0918/trained/sweep0918_ds3_sigma1.0_seed3_model2_bif_z_decipherseed_3.h5ad,,1124.9
model2,z,bif,5.0,5,1,Set1 vz2,,,0.6598684817918269,0.4737039816708158,0.6866347497910829,0.1324949264526367,0.9591152263342642,0.9370173714226256,/home/jihyunpark/decipher-bc/Data/Simulated Data/Simulated Data Generation/../Simulated Adata/shift_sigma_sweep_bifurcation/0918/trained/sweep0918_ds3_sigma5.0_seed5_model2_bif_z_decipherseed_1.h5ad,,311.3
model2,z,bif,5.0,5,3,Set1 vz2,,,0.7462925416370464,0.7098312654833268,0.5360126210606858,0.1225323155522346,0.958513263472322,0.9381842911997794,/home/jihyunpark/decipher-bc/Data/Simulated Data/Simulated Data Generation/../Simulated Adata/shift_sigma_sweep_bifurcation/0918/trained/sweep0918_ds3_sigma5.0_seed5_model2_bif_z_decipherseed_3.h5ad,,230.2
model2,z,bif,7.5,3,2,Set1 vz2,,,0.7485836149529957,0.7448821811604868,0.5758193957199449,0.0635845139622688,0.9619755348484642,0.9488111977228336,/home/jihyunpark/decipher-bc/Data/Simulated Data/Simulated Data Generation/../Simulated Adata/shift_sigma_sweep_bifurcation/0918/trained/sweep0918_ds3_sigma7.5_seed3_model2_bif_z_decipherseed_2.h5ad,,216.7
model2,z,bif,7.5,3,1,Set1 vz2,9hy869t3,https://wandb.ai/jpark-columbia/decipher-bc-sigma-sweep/runs/9hy869t3,0.788522494326246,0.6652986612430593,0.7601487993010604,0.0767413899302482,0.9608401069922118,0.9472223698142286,/home/jihyunpark/decipher-bc/Data/Simulated Data/Simulated Data Generation/../Simulated Adata/shift_sigma_sweep_bifurcation/0918/trained/sweep0918_ds3_sigma7.5_seed3_model2_bif_z_decipherseed_1.h5ad,,274.7
model2,z,bif,7.5,3,3,Set1 vz2,54vtgoh2,https://wandb.ai/jpark-columbia/decipher-bc-sigma-sweep/runs/54vtgoh2,0.7057830299685339,0.7160260564664658,0.6060042367434544,0.1306792795658111,0.9613238739143862,0.94725826585614,/home/jihyunpark/decipher-bc/Data/Simulated Data/Simulated Data Generation/../Simulated Adata/shift_sigma_sweep_bifurcation/0918/trained/sweep0918_ds3_sigma7.5_seed3_model2_bif_z_decipherseed_3.h5ad,,285.6
model2,z,bif,7.5,4,2,Set1 vz2,3z7xdom7,https://wandb.ai/jpark-columbia/decipher-bc-sigma-sweep/runs/3z7xdom7,0.6576451973529742,0.4897874689021125,0.525914953425952,0.0685242041945457,0.9688743612354084,0.9528627992166104,/home/jihyunpark/decipher-bc/Data/Simulated Data/Simulated Data Generation/../Simulated Adata/shift_sigma_sweep_bifurcation/0918/trained/sweep0918_ds3_sigma7.5_seed4_model2_bif_z_decipherseed_2.h5ad,,258.7
model2,z,bif,7.5,4,3,Set1 vz2,eknc65ei,https://wandb.ai/jpark-columbia/decipher-bc-sigma-sweep/runs/eknc65ei,0.7773255406498659,0.6929409096773586,0.5402864280454813,0.136291816830635,0.9681314010372956,0.9524589485976116,/home/jihyunpark/decipher-bc/Data/Simulated Data/Simulated Data Generation/../Simulated Adata/shift_sigma_sweep_bifurcation/0918/trained/sweep0918_ds3_sigma7.5_seed4_model2_bif_z_decipherseed_3.h5ad,,260.4
model2,z,bif,5.0,3,2,Set1 vz2,vv59o4ft,https://wandb.ai/jpark-columbia/decipher-bc-sigma-sweep/runs/vv59o4ft,0.7298058197781377,0.5840683790893602,0.7854533368650598,0.0966593921184539,0.9544599158837244,0.9301573744643812,/home/jihyunpark/decipher-bc/Data/Simulated Data/Simulated Data Generation/../Simulated Adata/shift_sigma_sweep_bifurcation/0918/trained/sweep0918_ds3_sigma5.0_seed3_model2_bif_z_decipherseed_2.h5ad,,775.5
model2,z,bif,7.5,4,1,Set1 vz2,2613xrjv,https://wandb.ai/jpark-columbia/decipher-bc-sigma-sweep/runs/2613xrjv,0.6841072467056302,0.4363417005213295,0.5871303925207946,0.1602299511432647,0.966649735408265,0.9520197234504718,/home/jihyunpark/decipher-bc/Data/Simulated Data/Simulated Data Generation/../Simulated Adata/shift_sigma_sweep_bifurcation/0918/trained/sweep0918_ds3_sigma7.5_seed4_model2_bif_z_decipherseed_1.h5ad,,455.0
model2,z,bif,7.5,5,1,Set1 vz2,,,0.6286247523767998,0.3578636364391098,0.4690937069487562,0.0766406133770942,0.9621994898888476,0.9508012515312718,/home/jihyunpark/decipher-bc/Data/Simulated Data/Simulated Data Generation/../Simulated Adata/shift_sigma_sweep_bifurcation/0918/trained/sweep0918_ds3_sigma7.5_seed5_model2_bif_z_decipherseed_1.h5ad,,247.3
model2,z,bif,7.5,5,2,Set1 vz2,,,0.7709285545087851,0.7743019699391199,0.6858331472531767,0.1099728271365165,0.9632076302719385,0.9530899321199876,/home/jihyunpark/decipher-bc/Data/Simulated Data/Simulated Data Generation/../Simulated Adata/shift_sigma_sweep_bifurcation/0918/trained/sweep0918_ds3_sigma7.5_seed5_model2_bif_z_decipherseed_2.h5ad,,247.7
model2,z,bif,7.5,5,3,Set1 vz2,,,0.7248564025006456,0.514668025191691,0.7853221594178522,0.0762221068143844,0.9624426262931104,0.9520335922025852,/home/jihyunpark/decipher-bc/Data/Simulated Data/Simulated Data Generation/../Simulated Adata/shift_sigma_sweep_bifurcation/0918/trained/sweep0918_ds3_sigma7.5_seed5_model2_bif_z_decipherseed_3.h5ad,,239.7
model2,z,bif,10.0,3,2,Set1 vz2,9r6dj6wh,https://wandb.ai/jpark-columbia/decipher-bc-sigma-sweep/runs/9r6dj6wh,0.7391166887121129,0.6976532923370679,0.5358709440493673,0.0597929842770099,0.9665051817774704,0.9587817880853604,/home/jihyunpark/decipher-bc/Data/Simulated Data/Simulated Data Generation/../Simulated Adata/shift_sigma_sweep_bifurcation/0918/trained/sweep0918_ds3_sigma10.0_seed3_model2_bif_z_decipherseed_2.h5ad,,218.9
model2,z,bif,10.0,3,1,Set1 vz2,,,0.797626725394949,0.832221938726517,0.6145755172443768,0.0432462766766548,0.9663942171071724,0.9575790693308344,/home/jihyunpark/decipher-bc/Data/Simulated Data/Simulated Data Generation/../Simulated Adata/shift_sigma_sweep_bifurcation/0918/trained/sweep0918_ds3_sigma10.0_seed3_model2_bif_z_decipherseed_1.h5ad,,252.9
model2,z,bif,0.5,5,1,Set1 vz2,yf3hmg43,https://wandb.ai/jpark-columbia/decipher-bc-sigma-sweep/runs/yf3hmg43,0.8114770753737516,0.941437579958194,0.7625064879956879,0.4193164408206939,0.8976145433785406,0.798495970612518,/home/jihyunpark/decipher-bc/Data/Simulated Data/Simulated Data Generation/../Simulated Adata/shift_sigma_sweep_bifurcation/0918/trained/sweep0918_ds3_sigma0.5_seed5_model2_bif_z_decipherseed_1.h5ad,,1744.0
model2,z,bif,10.0,3,3,Set1 vz2,,,0.773005829904385,0.7400010054197373,0.69151860107732,0.060557771474123,0.9665810520387892,0.9588467585545244,/home/jihyunpark/decipher-bc/Data/Simulated Data/Simulated Data Generation/../Simulated Adata/shift_sigma_sweep_bifurcation/0918/trained/sweep0918_ds3_sigma10.0_seed3_model2_bif_z_decipherseed_3.h5ad,,241.2
model2,z,bif,10.0,4,2,Set1 vz2,16rpg3jf,https://wandb.ai/jpark-columbia/decipher-bc-sigma-sweep/runs/16rpg3jf,0.6738533674678463,0.513774002545579,0.6064457097491462,0.1260779649019241,0.9714915492892596,0.9594431658808318,/home/jihyunpark/decipher-bc/Data/Simulated Data/Simulated Data Generation/../Simulated Adata/shift_sigma_sweep_bifurcation/0918/trained/sweep0918_ds3_sigma10.0_seed4_model2_bif_z_decipherseed_2.h5ad,,286.0
model2,z,bif,10.0,4,3,Set1 vz2,azwaptkc,https://wandb.ai/jpark-columbia/decipher-bc-sigma-sweep/runs/azwaptkc,0.729576159565299,0.7212530204648256,0.5142597968322046,0.122477225959301,0.9721345916429728,0.9594318520106316,/home/jihyunpark/decipher-bc/Data/Simulated Data/Simulated Data Generation/../Simulated Adata/shift_sigma_sweep_bifurcation/0918/trained/sweep0918_ds3_sigma10.0_seed4_model2_bif_z_decipherseed_3.h5ad,,274.8
model2,z,bif,10.0,4,1,Set1 vz2,jzuh0qk5,https://wandb.ai/jpark-columbia/decipher-bc-sigma-sweep/runs/jzuh0qk5,0.6235204516197966,0.3934118081041514,0.3680640326081909,0.0778960138559341,0.9702521605804204,0.958028263488287,/home/jihyunpark/decipher-bc/Data/Simulated Data/Simulated Data Generation/../Simulated Adata/shift_sigma_sweep_bifurcation/0918/trained/sweep0918_ds3_sigma10.0_seed4_model2_bif_z_decipherseed_1.h5ad,,455.7
model2,z,bif,1.0,4,2,Set1 vz2,u5zok5kx,https://wandb.ai/jpark-columbia/decipher-bc-sigma-sweep/runs/u5zok5kx,0.8976271955124441,0.8438350937161309,0.7917153087238777,0.3297112882137298,0.9139342885164738,0.8292133594643551,/home/jihyunpark/decipher-bc/Data/Simulated Data/Simulated Data Generation/../Simulated Adata/shift_sigma_sweep_bifurcation/0918/trained/sweep0918_ds3_sigma1.0_seed4_model2_bif_z_decipherseed_2.h5ad,,1706.0
model2,z,bif,10.0,5,2,Set1 vz2,,,0.7912427847700073,0.8539653477895733,0.6321480674823176,0.0340131111443042,0.965020340363321,0.9603547255352872,/home/jihyunpark/decipher-bc/Data/Simulated Data/Simulated Data Generation/../Simulated Adata/shift_sigma_sweep_bifurcation/0918/trained/sweep0918_ds3_sigma10.0_seed5_model2_bif_z_decipherseed_2.h5ad,,226.6
model2,z,nobif,0.1,3,1,Set1 vz2,,,0.9918899021219574,,,,0.9046170084893368,0.7764820647802525,/home/jihyunpark/decipher-bc/Data/Simulated Data/Simulated Data Generation/../Simulated Adata/shift_sigma_sweep_bifurcation/0918/trained/sweep0918_ds3_sigma0.1_seed3_model2_nobif_z_decipherseed_1.h5ad,,204.1
model2,z,bif,10.0,5,1,Set1 vz2,,,0.6639817125560439,0.5221672159101526,0.6023214949359713,0.0613765716552734,0.9634149352421768,0.9595316948566932,/home/jihyunpark/decipher-bc/Data/Simulated Data/Simulated Data Generation/../Simulated Adata/shift_sigma_sweep_bifurcation/0918/trained/sweep0918_ds3_sigma10.0_seed5_model2_bif_z_decipherseed_1.h5ad,,289.5
model2,z,nobif,0.1,3,2,Set1 vz2,,,0.9911976161459044,,,,0.9055386348578508,0.7789858860104663,/home/jihyunpark/decipher-bc/Data/Simulated Data/Simulated Data Generation/../Simulated Adata/shift_sigma_sweep_bifurcation/0918/trained/sweep0918_ds3_sigma0.1_seed3_model2_nobif_z_decipherseed_2.h5ad,,252.5
model2,z,nobif,0.1,4,3,Set1 vz2,,,0.975449686921865,,,,0.8292535411096584,0.6397158616281147,/home/jihyunpark/decipher-bc/Data/Simulated Data/Simulated Data Generation/../Simulated Adata/shift_sigma_sweep_bifurcation/0918/trained/sweep0918_ds3_sigma0.1_seed4_model2_nobif_z_decipherseed_3.h5ad,,134.7
model2,z,nobif,0.1,4,1,Set1 vz2,,,0.9749513203648066,,,,0.8224346190871937,0.6339696947258688,/home/jihyunpark/decipher-bc/Data/Simulated Data/Simulated Data Generation/../Simulated Adata/shift_sigma_sweep_bifurcation/0918/trained/sweep0918_ds3_sigma0.1_seed4_model2_nobif_z_decipherseed_1.h5ad,,158.1
model2,z,nobif,0.1,4,2,Set1 vz2,,,0.9766130971872736,,,,0.8184591142330588,0.616413983109337,/home/jihyunpark/decipher-bc/Data/Simulated Data/Simulated Data Generation/../Simulated Adata/shift_sigma_sweep_bifurcation/0918/trained/sweep0918_ds3_sigma0.1_seed4_model2_nobif_z_decipherseed_2.h5ad,,172.9
model2,z,bif,10.0,5,3,Set1 vz2,p8naikw4,https://wandb.ai/jpark-columbia/decipher-bc-sigma-sweep/runs/p8naikw4,0.5569907432569335,0.5554248923012821,0.3612451386357418,0.0127072455361485,0.9646366865553784,0.9601660423422516,/home/jihyunpark/decipher-bc/Data/Simulated Data/Simulated Data Generation/../Simulated Adata/shift_sigma_sweep_bifurcation/0918/trained/sweep0918_ds3_sigma10.0_seed5_model2_bif_z_decipherseed_3.h5ad,,424.8
model2,z,nobif,0.1,5,3,Set1 vz2,,,0.9617342891108676,,,,0.8130622864567089,0.6344366430056836,/home/jihyunpark/decipher-bc/Data/Simulated Data/Simulated Data Generation/../Simulated Adata/shift_sigma_sweep_bifurcation/0918/trained/sweep0918_ds3_sigma0.1_seed5_model2_nobif_z_decipherseed_3.h5ad,,128.2
model2,z,nobif,0.1,5,1,Set1 vz2,73k7nqwn,https://wandb.ai/jpark-columbia/decipher-bc-sigma-sweep/runs/73k7nqwn,0.9623613953742816,,,,0.8044433118629241,0.6153860384556733,/home/jihyunpark/decipher-bc/Data/Simulated Data/Simulated Data Generation/../Simulated Adata/shift_sigma_sweep_bifurcation/0918/trained/sweep0918_ds3_sigma0.1_seed5_model2_nobif_z_decipherseed_1.h5ad,,276.3
model2,z,bif,2.0,5,3,Set1 vz2,js09fw3x,https://wandb.ai/jpark-columbia/decipher-bc-sigma-sweep/runs/js09fw3x,0.7481351931448881,0.7606959874291971,0.5722021762062598,0.1628990918397903,0.9390223828960784,0.8908310580613465,/home/jihyunpark/decipher-bc/Data/Simulated Data/Simulated Data Generation/../Simulated Adata/shift_sigma_sweep_bifurcation/0918/trained/sweep0918_ds3_sigma2.0_seed5_model2_bif_z_decipherseed_3.h5ad,,1514.5
model2,z,nobif,0.1,5,2,Set1 vz2,,,0.9596198964043148,,,,0.8180216947298676,0.6373579458006261,/home/jihyunpark/decipher-bc/Data/Simulated Data/Simulated Data Generation/../Simulated Adata/shift_sigma_sweep_bifurcation/0918/trained/sweep0918_ds3_sigma0.1_seed5_model2_nobif_z_decipherseed_2.h5ad,,210.9
model2,z,nobif,0.5,3,1,Set1 vz2,zt0x3uwg,https://wandb.ai/jpark-columbia/decipher-bc-sigma-sweep/runs/zt0x3uwg,0.963830170165326,,,,0.9203666283652624,0.796352636840444,/home/jihyunpark/decipher-bc/Data/Simulated Data/Simulated Data Generation/../Simulated Adata/shift_sigma_sweep_bifurcation/0918/trained/sweep0918_ds3_sigma0.5_seed3_model2_nobif_z_decipherseed_1.h5ad,,301.5
model2,z,nobif,0.5,4,2,Set1 vz2,,,0.950867197696666,,,,0.8113298186532423,0.6088169619231005,/home/jihyunpark/decipher-bc/Data/Simulated Data/Simulated Data Generation/../Simulated Adata/shift_sigma_sweep_bifurcation/0918/trained/sweep0918_ds3_sigma0.5_seed4_model2_nobif_z_decipherseed_2.h5ad,,158.3
model2,z,nobif,0.5,3,2,Set1 vz2,daej172v,https://wandb.ai/jpark-columbia/decipher-bc-sigma-sweep/runs/daej172v,0.9604599760023468,,,,0.9201545195984878,0.7976972733811379,/home/jihyunpark/decipher-bc/Data/Simulated Data/Simulated Data Generation/../Simulated Adata/shift_sigma_sweep_bifurcation/0918/trained/sweep0918_ds3_sigma0.5_seed3_model2_nobif_z_decipherseed_2.h5ad,,292.5
model2,z,nobif,0.5,3,3,Set1 vz2,,,0.9577139451378024,,,,0.9199707945473838,0.7984903236826136,/home/jihyunpark/decipher-bc/Data/Simulated Data/Simulated Data Generation/../Simulated Adata/shift_sigma_sweep_bifurcation/0918/trained/sweep0918_ds3_sigma0.5_seed3_model2_nobif_z_decipherseed_3.h5ad,,256.7
model2,z,nobif,0.5,4,3,Set1 vz2,,,0.9700566210933532,,,,0.8436817032264361,0.6598520995808604,/home/jihyunpark/decipher-bc/Data/Simulated Data/Simulated Data Generation/../Simulated Adata/shift_sigma_sweep_bifurcation/0918/trained/sweep0918_ds3_sigma0.5_seed4_model2_nobif_z_decipherseed_3.h5ad,,203.1
model2,z,nobif,0.5,4,1,Set1 vz2,,,0.9520239355216148,,,,0.8471772958213153,0.666226790228122,/home/jihyunpark/decipher-bc/Data/Simulated Data/Simulated Data Generation/../Simulated Adata/shift_sigma_sweep_bifurcation/0918/trained/sweep0918_ds3_sigma0.5_seed4_model2_nobif_z_decipherseed_1.h5ad,,227.3
model2,z,bif,5.0,5,2,Set1 vz2,0ohirztq,https://wandb.ai/jpark-columbia/decipher-bc-sigma-sweep/runs/0ohirztq,0.6702631299616921,0.6985306401316942,0.618804901500454,0.1219982504844665,0.9587928273798554,0.9377891620079828,/home/jihyunpark/decipher-bc/Data/Simulated Data/Simulated Data Generation/../Simulated Adata/shift_sigma_sweep_bifurcation/0918/trained/sweep0918_ds3_sigma5.0_seed5_model2_bif_z_decipherseed_2.h5ad,,1345.5
model2,z,nobif,0.5,5,1,Set1 vz2,fhuc5hix,https://wandb.ai/jpark-columbia/decipher-bc-sigma-sweep/runs/fhuc5hix,0.9475502800281737,,,,0.8641931567482609,0.7287639832151498,/home/jihyunpark/decipher-bc/Data/Simulated Data/Simulated Data Generation/../Simulated Adata/shift_sigma_sweep_bifurcation/0918/trained/sweep0918_ds3_sigma0.5_seed5_model2_nobif_z_decipherseed_1.h5ad,,254.9
model2,z,nobif,0.5,5,2,Set1 vz2,,,0.901822628597108,,,,0.8636171940249778,0.7220694425125291,/home/jihyunpark/decipher-bc/Data/Simulated Data/Simulated Data Generation/../Simulated Adata/shift_sigma_sweep_bifurcation/0918/trained/sweep0918_ds3_sigma0.5_seed5_model2_nobif_z_decipherseed_2.h5ad,,198.3
model2,z,nobif,1.0,3,3,Set1 vz2,,,0.8868021846934977,,,,0.930399142362546,0.8572032013168308,/home/jihyunpark/decipher-bc/Data/Simulated Data/Simulated Data Generation/../Simulated Adata/shift_sigma_sweep_bifurcation/0918/trained/sweep0918_ds3_sigma1.0_seed3_model2_nobif_z_decipherseed_3.h5ad,,191.7
model2,z,nobif,1.0,3,1,Set1 vz2,,,0.8333976428652946,,,,0.9317747815248418,0.8565965249450174,/home/jihyunpark/decipher-bc/Data/Simulated Data/Simulated Data Generation/../Simulated Adata/shift_sigma_sweep_bifurcation/0918/trained/sweep0918_ds3_sigma1.0_seed3_model2_nobif_z_decipherseed_1.h5ad,,258.8
model2,z,bif,2.0,5,1,Set1 vz2,ro2obn3p,https://wandb.ai/jpark-columbia/decipher-bc-sigma-sweep/runs/ro2obn3p,0.7649735250433266,0.8414130909439467,0.5610410411134302,0.2197479754686355,0.9373268956349086,0.8875939902203636,/home/jihyunpark/decipher-bc/Data/Simulated Data/Simulated Data Generation/../Simulated Adata/shift_sigma_sweep_bifurcation/0918/trained/sweep0918_ds3_sigma2.0_seed5_model2_bif_z_decipherseed_1.h5ad,,1895.1
model2,z,nobif,1.0,4,1,Set1 vz2,,,0.9470699025998404,,,,0.8819222498209915,0.7930504970047311,/home/jihyunpark/decipher-bc/Data/Simulated Data/Simulated Data Generation/../Simulated Adata/shift_sigma_sweep_bifurcation/0918/trained/sweep0918_ds3_sigma1.0_seed4_model2_nobif_z_decipherseed_1.h5ad,,204.7
model2,z,nobif,1.0,3,2,Set1 vz2,,,0.8898186252091171,,,,0.9315687184291844,0.8558628994809242,/home/jihyunpark/decipher-bc/Data/Simulated Data/Simulated Data Generation/../Simulated Adata/shift_sigma_sweep_bifurcation/0918/trained/sweep0918_ds3_sigma1.0_seed3_model2_nobif_z_decipherseed_2.h5ad,,244.3
model2,z,nobif,1.0,4,2,Set1 vz2,,,0.9173084027726576,,,,0.8822752389153612,0.7987164029024544,/home/jihyunpark/decipher-bc/Data/Simulated Data/Simulated Data Generation/../Simulated Adata/shift_sigma_sweep_bifurcation/0918/trained/sweep0918_ds3_sigma1.0_seed4_model2_nobif_z_decipherseed_2.h5ad,,231.3
model2,z,nobif,1.0,5,1,Set1 vz2,,,0.6450830209326293,,,,0.9088025954929566,0.8303543122114446,/home/jihyunpark/decipher-bc/Data/Simulated Data/Simulated Data Generation/../Simulated Adata/shift_sigma_sweep_bifurcation/0918/trained/sweep0918_ds3_sigma1.0_seed5_model2_nobif_z_decipherseed_1.h5ad,,249.3
model2,z,nobif,1.0,5,2,Set1 vz2,,,0.7261565813393998,,,,0.9102553895592304,0.8360724060271345,/home/jihyunpark/decipher-bc/Data/Simulated Data/Simulated Data Generation/../Simulated Adata/shift_sigma_sweep_bifurcation/0918/trained/sweep0918_ds3_sigma1.0_seed5_model2_nobif_z_decipherseed_2.h5ad,,276.0
model2,z,nobif,1.0,5,3,Set1 vz2,,,0.8562265827246661,,,,0.9106319749653418,0.8356227778118127,/home/jihyunpark/decipher-bc/Data/Simulated Data/Simulated Data Generation/../Simulated Adata/shift_sigma_sweep_bifurcation/0918/trained/sweep0918_ds3_sigma1.0_seed5_model2_nobif_z_decipherseed_3.h5ad,,290.4
model2,z,nobif,2.0,3,1,Set1 vz2,,,0.7955324974937333,,,,0.9447687090526096,0.9084905786890516,/home/jihyunpark/decipher-bc/Data/Simulated Data/Simulated Data Generation/../Simulated Adata/shift_sigma_sweep_bifurcation/0918/trained/sweep0918_ds3_sigma2.0_seed3_model2_nobif_z_decipherseed_1.h5ad,,271.8
model2,z,nobif,2.0,3,3,Set1 vz2,,,0.8266937122683646,,,,0.9444377721411024,0.9063452789496148,/home/jihyunpark/decipher-bc/Data/Simulated Data/Simulated Data Generation/../Simulated Adata/shift_sigma_sweep_bifurcation/0918/trained/sweep0918_ds3_sigma2.0_seed3_model2_nobif_z_decipherseed_3.h5ad,,280.1
model2,z,nobif,2.0,4,2,Set1 vz2,,,0.8639587806609934,,,,0.92468703173758,0.879536722449853,/home/jihyunpark/decipher-bc/Data/Simulated Data/Simulated Data Generation/../Simulated Adata/shift_sigma_sweep_bifurcation/0918/trained/sweep0918_ds3_sigma2.0_seed4_model2_nobif_z_decipherseed_2.h5ad,,205.1
model2,z,nobif,2.0,4,3,Set1 vz2,,,0.8184046410987613,,,,0.926801633879267,0.8805109682988759,/home/jihyunpark/decipher-bc/Data/Simulated Data/Simulated Data Generation/../Simulated Adata/shift_sigma_sweep_bifurcation/0918/trained/sweep0918_ds3_sigma2.0_seed4_model2_nobif_z_decipherseed_3.h5ad,,226.9
model2,z,nobif,2.0,4,1,Set1 vz2,,,0.7564531062791366,,,,0.9258979955742352,0.8824358830924799,/home/jihyunpark/decipher-bc/Data/Simulated Data/Simulated Data Generation/../Simulated Adata/shift_sigma_sweep_bifurcation/0918/trained/sweep0918_ds3_sigma2.0_seed4_model2_nobif_z_decipherseed_1.h5ad,,242.7
model2,z,nobif,2.0,5,1,Set1 vz2,,,0.6705928949066178,,,,0.9434961257474284,0.9134094135974687,/home/jihyunpark/decipher-bc/Data/Simulated Data/Simulated Data Generation/../Simulated Adata/shift_sigma_sweep_bifurcation/0918/trained/sweep0918_ds3_sigma2.0_seed5_model2_nobif_z_decipherseed_1.h5ad,,261.7
model2,z,nobif,2.0,5,3,Set1 vz2,,,0.6748628391036151,,,,0.9438804331351976,0.9151281303212272,/home/jihyunpark/decipher-bc/Data/Simulated Data/Simulated Data Generation/../Simulated Adata/shift_sigma_sweep_bifurcation/0918/trained/sweep0918_ds3_sigma2.0_seed5_model2_nobif_z_decipherseed_3.h5ad,,234.4
model2,z,nobif,5.0,3,1,Set1 vz2,dx2ajugq,https://wandb.ai/jpark-columbia/decipher-bc-sigma-sweep/runs/dx2ajugq,0.6781763537335047,,,,0.9608983804391048,0.94581195860656,/home/jihyunpark/decipher-bc/Data/Simulated Data/Simulated Data Generation/../Simulated Adata/shift_sigma_sweep_bifurcation/0918/trained/sweep0918_ds3_sigma5.0_seed3_model2_nobif_z_decipherseed_1.h5ad,,309.6
model2,z,nobif,2.0,5,2,Set1 vz2,,,0.7002743208185954,,,,0.943816684549719,0.9123895419120736,/home/jihyunpark/decipher-bc/Data/Simulated Data/Simulated Data Generation/../Simulated Adata/shift_sigma_sweep_bifurcation/0918/trained/sweep0918_ds3_sigma2.0_seed5_model2_nobif_z_decipherseed_2.h5ad,,287.3
model2,z,nobif,2.0,3,2,Set1 vz2,capbto6s,https://wandb.ai/jpark-columbia/decipher-bc-sigma-sweep/runs/capbto6s,0.7265692561648006,,,,0.943184189369293,0.9041129281441362,/home/jihyunpark/decipher-bc/Data/Simulated Data/Simulated Data Generation/../Simulated Adata/shift_sigma_sweep_bifurcation/0918/trained/sweep0918_ds3_sigma2.0_seed3_model2_nobif_z_decipherseed_2.h5ad,,569.6
model2,z,nobif,5.0,4,1,Set1 vz2,,,0.6923527980307277,,,,0.9615986871015556,0.9461601959755872,/home/jihyunpark/decipher-bc/Data/Simulated Data/Simulated Data Generation/../Simulated Adata/shift_sigma_sweep_bifurcation/0918/trained/sweep0918_ds3_sigma5.0_seed4_model2_nobif_z_decipherseed_1.h5ad,,232.8
model2,z,nobif,5.0,3,3,Set1 vz2,,,0.688733636056634,,,,0.96064658937658,0.9448384109350114,/home/jihyunpark/decipher-bc/Data/Simulated Data/Simulated Data Generation/../Simulated Adata/shift_sigma_sweep_bifurcation/0918/trained/sweep0918_ds3_sigma5.0_seed3_model2_nobif_z_decipherseed_3.h5ad,,260.7
model2,z,nobif,5.0,4,2,Set1 vz2,,,0.8483063814509685,,,,0.9594004904360132,0.942272030278529,/home/jihyunpark/decipher-bc/Data/Simulated Data/Simulated Data Generation/../Simulated Adata/shift_sigma_sweep_bifurcation/0918/trained/sweep0918_ds3_sigma5.0_seed4_model2_nobif_z_decipherseed_2.h5ad,,232.4
model2,z,nobif,5.0,4,3,Set1 vz2,,,0.7430882628163262,,,,0.9598584554654984,0.941842136335575,/home/jihyunpark/decipher-bc/Data/Simulated Data/Simulated Data Generation/../Simulated Adata/shift_sigma_sweep_bifurcation/0918/trained/sweep0918_ds3_sigma5.0_seed4_model2_nobif_z_decipherseed_3.h5ad,,251.2
model2,z,nobif,7.5,3,1,Set1 vz2,p04d7977,https://wandb.ai/jpark-columbia/decipher-bc-sigma-sweep/runs/p04d7977,0.7776508668538906,,,,0.9672581511724244,0.9581609460073252,/home/jihyunpark/decipher-bc/Data/Simulated Data/Simulated Data Generation/../Simulated Adata/shift_sigma_sweep_bifurcation/0918/trained/sweep0918_ds3_sigma7.5_seed3_model2_nobif_z_decipherseed_1.h5ad,,244.9
model2,z,nobif,1.0,4,3,Set1 vz2,slz9ar74,https://wandb.ai/jpark-columbia/decipher-bc-sigma-sweep/runs/slz9ar74,0.9661101718665236,,,,0.8810419917421554,0.7962206384174777,/home/jihyunpark/decipher-bc/Data/Simulated Data/Simulated Data Generation/../Simulated Adata/shift_sigma_sweep_bifurcation/0918/trained/sweep0918_ds3_sigma1.0_seed4_model2_nobif_z_decipherseed_3.h5ad,,940.1
model2,z,nobif,5.0,5,3,Set1 vz2,,,0.6715068263332722,,,,0.9665085819895352,0.9624075657421222,/home/jihyunpark/decipher-bc/Data/Simulated Data/Simulated Data Generation/../Simulated Adata/shift_sigma_sweep_bifurcation/0918/trained/sweep0918_ds3_sigma5.0_seed5_model2_nobif_z_decipherseed_3.h5ad,,255.8
model2,z,nobif,7.5,3,2,Set1 vz2,,,0.8290150871313401,,,,0.9676604158472084,0.959904080829171,/home/jihyunpark/decipher-bc/Data/Simulated Data/Simulated Data Generation/../Simulated Adata/shift_sigma_sweep_bifurcation/0918/trained/sweep0918_ds3_sigma7.5_seed3_model2_nobif_z_decipherseed_2.h5ad,,219.8
model2,z,nobif,7.5,3,3,Set1 vz2,,,0.7022918144496939,,,,0.9665270875112012,0.956971824528281,/home/jihyunpark/decipher-bc/Data/Simulated Data/Simulated Data Generation/../Simulated Adata/shift_sigma_sweep_bifurcation/0918/trained/sweep0918_ds3_sigma7.5_seed3_model2_nobif_z_decipherseed_3.h5ad,,284.3
model2,z,nobif,7.5,4,1,Set1 vz2,t3vtqpev,https://wandb.ai/jpark-columbia/decipher-bc-sigma-sweep/runs/t3vtqpev,0.5920028858748955,,,,0.9698772792668524,0.9586445217791276,/home/jihyunpark/decipher-bc/Data/Simulated Data/Simulated Data Generation/../Simulated Adata/shift_sigma_sweep_bifurcation/0918/trained/sweep0918_ds3_sigma7.5_seed4_model2_nobif_z_decipherseed_1.h5ad,,333.3
model2,z,nobif,7.5,4,3,Set1 vz2,iis78rnn,https://wandb.ai/jpark-columbia/decipher-bc-sigma-sweep/runs/iis78rnn,0.6551004061267024,,,,0.9694757062151886,0.9573388706633372,/home/jihyunpark/decipher-bc/Data/Simulated Data/Simulated Data Generation/../Simulated Adata/shift_sigma_sweep_bifurcation/0918/trained/sweep0918_ds3_sigma7.5_seed4_model2_nobif_z_decipherseed_3.h5ad,,296.4
model2,z,nobif,7.5,5,2,Set1 vz2,wrmrcq23,https://wandb.ai/jpark-columbia/decipher-bc-sigma-sweep/runs/wrmrcq23,0.6132329340939089,,,,0.9693148672295534,0.972282290955378,/home/jihyunpark/decipher-bc/Data/Simulated Data/Simulated Data Generation/../Simulated Adata/shift_sigma_sweep_bifurcation/0918/trained/sweep0918_ds3_sigma7.5_seed5_model2_nobif_z_decipherseed_2.h5ad,,224.8
model2,z,nobif,7.5,5,1,Set1 vz2,,,0.6713737137896948,,,,0.9687591941831551,0.970612259119176,/home/jihyunpark/decipher-bc/Data/Simulated Data/Simulated Data Generation/../Simulated Adata/shift_sigma_sweep_bifurcation/0918/trained/sweep0918_ds3_sigma7.5_seed5_model2_nobif_z_decipherseed_1.h5ad,,267.6
model2,z,nobif,7.5,5,3,Set1 vz2,iu0xi94x,https://wandb.ai/jpark-columbia/decipher-bc-sigma-sweep/runs/iu0xi94x,0.5133409856916255,,,,0.9696548459226836,0.9722127142869434,/home/jihyunpark/decipher-bc/Data/Simulated Data/Simulated Data Generation/../Simulated Adata/shift_sigma_sweep_bifurcation/0918/trained/sweep0918_ds3_sigma7.5_seed5_model2_nobif_z_decipherseed_3.h5ad,,330.9
model2,z,nobif,10.0,3,1,Set1 vz2,,,0.829865305205261,,,,0.9710176793193788,0.966434291960035,/home/jihyunpark/decipher-bc/Data/Simulated Data/Simulated Data Generation/../Simulated Adata/shift_sigma_sweep_bifurcation/0918/trained/sweep0918_ds3_sigma10.0_seed3_model2_nobif_z_decipherseed_1.h5ad,,213.8
model2,z,nobif,10.0,3,2,Set1 vz2,,,0.4637139432484761,,,,0.9699108884684884,0.9642769281536244,/home/jihyunpark/decipher-bc/Data/Simulated Data/Simulated Data Generation/../Simulated Adata/shift_sigma_sweep_bifurcation/0918/trained/sweep0918_ds3_sigma10.0_seed3_model2_nobif_z_decipherseed_2.h5ad,,238.8
model2,z,nobif,10.0,3,3,Set1 vz2,,,0.7847805821217778,,,,0.9655803518870868,0.9585132773841678,/home/jihyunpark/decipher-bc/Data/Simulated Data/Simulated Data Generation/../Simulated Adata/shift_sigma_sweep_bifurcation/0918/trained/sweep0918_ds3_sigma10.0_seed3_model2_nobif_z_decipherseed_3.h5ad,,239.9
model2,z,nobif,10.0,4,2,Set1 vz2,,,0.5900311916476031,,,,0.9742371784807826,0.9668685529375348,/home/jihyunpark/decipher-bc/Data/Simulated Data/Simulated Data Generation/../Simulated Adata/shift_sigma_sweep_bifurcation/0918/trained/sweep0918_ds3_sigma10.0_seed4_model2_nobif_z_decipherseed_2.h5ad,,259.9
model2,z,nobif,10.0,4,1,Set1 vz2,,,0.7837182220823572,,,,0.9730051994765236,0.9668156411968256,/home/jihyunpark/decipher-bc/Data/Simulated Data/Simulated Data Generation/../Simulated Adata/shift_sigma_sweep_bifurcation/0918/trained/sweep0918_ds3_sigma10.0_seed4_model2_nobif_z_decipherseed_1.h5ad,,270.9
model2,z,nobif,10.0,4,3,Set1 vz2,,,0.769815670112314,,,,0.9733465940913218,0.9657873746108594,/home/jihyunpark/decipher-bc/Data/Simulated Data/Simulated Data Generation/../Simulated Adata/shift_sigma_sweep_bifurcation/0918/trained/sweep0918_ds3_sigma10.0_seed4_model2_nobif_z_decipherseed_3.h5ad,,263.5
model2,z,nobif,10.0,5,1,Set1 vz2,,,0.6525599833432982,,,,0.9683919277147126,0.9766705261662753,/home/jihyunpark/decipher-bc/Data/Simulated Data/Simulated Data Generation/../Simulated Adata/shift_sigma_sweep_bifurcation/0918/trained/sweep0918_ds3_sigma10.0_seed5_model2_nobif_z_decipherseed_1.h5ad,,250.6
model5,genes,bif,0.1,3,1,Set3 zx2,,,0.9948852191386256,0.9934134402001048,0.9932069937351076,0.4208812713623047,0.9498809142199206,0.9078581422671196,/home/jihyunpark/decipher-bc/Data/Simulated Data/Simulated Data Generation/../Simulated Adata/shift_sigma_sweep_bifurcation/0918/trained/sweep0918_ds3_sigma0.1_seed3_model5_bif_genes_decipherseed_1.h5ad,,180.0
model2,z,nobif,10.0,5,2,Set1 vz2,,,0.6968814530952451,,,,0.9688589942464544,0.9767897466436196,/home/jihyunpark/decipher-bc/Data/Simulated Data/Simulated Data Generation/../Simulated Adata/shift_sigma_sweep_bifurcation/0918/trained/sweep0918_ds3_sigma10.0_seed5_model2_nobif_z_decipherseed_2.h5ad,,294.9
model2,z,nobif,10.0,5,3,Set1 vz2,5ub2jwsi,https://wandb.ai/jpark-columbia/decipher-bc-sigma-sweep/runs/5ub2jwsi,0.7248093677069976,,,,0.9698910424370694,0.977572796352975,/home/jihyunpark/decipher-bc/Data/Simulated Data/Simulated Data Generation/../Simulated Adata/shift_sigma_sweep_bifurcation/0918/trained/sweep0918_ds3_sigma10.0_seed5_model2_nobif_z_decipherseed_3.h5ad,,289.9
model5,genes,bif,0.1,3,2,Set3 zx2,,,0.995116604163628,0.9929185751648614,0.9939646320027422,0.4987981021404266,0.9492473632680898,0.9092048282088592,/home/jihyunpark/decipher-bc/Data/Simulated Data/Simulated Data Generation/../Simulated Adata/shift_sigma_sweep_bifurcation/0918/trained/sweep0918_ds3_sigma0.1_seed3_model5_bif_genes_decipherseed_2.h5ad,,181.8
model5,genes,bif,0.1,3,3,Set3 zx2,nzm1r8mf,https://wandb.ai/jpark-columbia/decipher-bc-sigma-sweep/runs/nzm1r8mf,0.9940132826313504,0.9927980812655434,0.9943283031151802,0.4659635722637176,0.9502985072820512,0.908824028114582,/home/jihyunpark/decipher-bc/Data/Simulated Data/Simulated Data Generation/../Simulated Adata/shift_sigma_sweep_bifurcation/0918/trained/sweep0918_ds3_sigma0.1_seed3_model5_bif_genes_decipherseed_3.h5ad,,190.7
model5,genes,bif,0.1,4,2,Set3 zx2,,,0.9785198437803336,0.975850260114878,0.9754778190465748,0.4150599539279938,0.8852909059834148,0.7911625289043641,/home/jihyunpark/decipher-bc/Data/Simulated Data/Simulated Data Generation/../Simulated Adata/shift_sigma_sweep_bifurcation/0918/trained/sweep0918_ds3_sigma0.1_seed4_model5_bif_genes_decipherseed_2.h5ad,,165.6
model5,genes,bif,0.1,4,1,Set3 zx2,,,0.981515280959152,0.9728888183025644,0.9755459850057284,0.4882033765316009,0.8859151750240831,0.7904398406190795,/home/jihyunpark/decipher-bc/Data/Simulated Data/Simulated Data Generation/../Simulated Adata/shift_sigma_sweep_bifurcation/0918/trained/sweep0918_ds3_sigma0.1_seed4_model5_bif_genes_decipherseed_1.h5ad,,206.7
model5,genes,bif,0.1,4,3,Set3 zx2,,,0.9767499280955088,0.9759732555981367,0.9741202860611806,0.5205823183059692,0.884492989675999,0.7845400137857284,/home/jihyunpark/decipher-bc/Data/Simulated Data/Simulated Data Generation/../Simulated Adata/shift_sigma_sweep_bifurcation/0918/trained/sweep0918_ds3_sigma0.1_seed4_model5_bif_genes_decipherseed_3.h5ad,,163.0
model5,genes,bif,0.1,5,3,Set3 zx2,,,0.960559266340299,0.9677154634950388,0.9601626902016664,0.4794335961341858,0.871502238117301,0.7621048013295929,/home/jihyunpark/decipher-bc/Data/Simulated Data/Simulated Data Generation/../Simulated Adata/shift_sigma_sweep_bifurcation/0918/trained/sweep0918_ds3_sigma0.1_seed5_model5_bif_genes_decipherseed_3.h5ad,,143.2
model2,z,bif,0.5,4,1,Set1 vz2,rjn04ias,https://wandb.ai/jpark-columbia/decipher-bc-sigma-sweep/runs/rjn04ias,0.9242781632389684,0.8865450795183727,0.9285866994488664,0.3986892104148865,0.8995457520275637,0.7917754341704475,/home/jihyunpark/decipher-bc/Data/Simulated Data/Simulated Data Generation/../Simulated Adata/shift_sigma_sweep_bifurcation/0918/trained/sweep0918_ds3_sigma0.5_seed4_model2_bif_z_decipherseed_1.h5ad,,4271.7
model5,genes,bif,0.1,5,1,Set3 zx2,,,0.976940987480322,0.9679430080732854,0.968514294781384,0.4768894910812378,0.871466223952615,0.7610002613203443,/home/jihyunpark/decipher-bc/Data/Simulated Data/Simulated Data Generation/../Simulated Adata/shift_sigma_sweep_bifurcation/0918/trained/sweep0918_ds3_sigma0.1_seed5_model5_bif_genes_decipherseed_1.h5ad,,236.4
model5,genes,bif,0.1,5,2,Set3 zx2,,,0.976112449868636,0.966942211940291,0.9669981438008484,0.3836878538131714,0.8719567640564309,0.7656618682808227,/home/jihyunpark/decipher-bc/Data/Simulated Data/Simulated Data Generation/../Simulated Adata/shift_sigma_sweep_bifurcation/0918/trained/sweep0918_ds3_sigma0.1_seed5_model5_bif_genes_decipherseed_2.h5ad,,181.9
model5,genes,bif,0.5,3,1,Set3 zx2,,,0.9935483008401766,0.9924438943824444,0.99386283331103,0.5196376442909241,0.9422160637368177,0.8983052562683332,/home/jihyunpark/decipher-bc/Data/Simulated Data/Simulated Data Generation/../Simulated Adata/shift_sigma_sweep_bifurcation/0918/trained/sweep0918_ds3_sigma0.5_seed3_model5_bif_genes_decipherseed_1.h5ad,,185.0
model5,genes,bif,0.5,3,2,Set3 zx2,,,0.992499682565238,0.992587626843034,0.9935889561880792,0.4890710711479187,0.9438254993886754,0.9012488939817797,/home/jihyunpark/decipher-bc/Data/Simulated Data/Simulated Data Generation/../Simulated Adata/shift_sigma_sweep_bifurcation/0918/trained/sweep0918_ds3_sigma0.5_seed3_model5_bif_genes_decipherseed_2.h5ad,,182.7
model5,genes,bif,0.5,3,3,Set3 zx2,,,0.9935123910269772,0.9920150474680668,0.9924498498797172,0.5059259533882141,0.9431972237401044,0.902239111635085,/home/jihyunpark/decipher-bc/Data/Simulated Data/Simulated Data Generation/../Simulated Adata/shift_sigma_sweep_bifurcation/0918/trained/sweep0918_ds3_sigma0.5_seed3_model5_bif_genes_decipherseed_3.h5ad,,192.5
model5,genes,bif,0.5,4,1,Set3 zx2,,,0.981065259919999,0.9745554749189238,0.9761885355098744,0.4958221316337585,0.8852769420672448,0.8112673084674307,/home/jihyunpark/decipher-bc/Data/Simulated Data/Simulated Data Generation/../Simulated Adata/shift_sigma_sweep_bifurcation/0918/trained/sweep0918_ds3_sigma0.5_seed4_model5_bif_genes_decipherseed_1.h5ad,,156.6
model5,genes,bif,0.5,4,2,Set3 zx2,,,0.9846414746767892,0.978058995007253,0.9727967781410024,0.4747779071331024,0.885427779579339,0.8133698310398428,/home/jihyunpark/decipher-bc/Data/Simulated Data/Simulated Data Generation/../Simulated Adata/shift_sigma_sweep_bifurcation/0918/trained/sweep0918_ds3_sigma0.5_seed4_model5_bif_genes_decipherseed_2.h5ad,,138.0
model5,genes,bif,0.5,4,3,Set3 zx2,,,0.9831646563545704,0.9749899760458924,0.9711078008895574,0.5519525408744812,0.885102883425533,0.8136059070468491,/home/jihyunpark/decipher-bc/Data/Simulated Data/Simulated Data Generation/../Simulated Adata/shift_sigma_sweep_bifurcation/0918/trained/sweep0918_ds3_sigma0.5_seed4_model5_bif_genes_decipherseed_3.h5ad,,198.8
model5,genes,bif,0.5,5,1,Set3 zx2,,,0.9745128481540438,0.9691589823267116,0.9674845701120288,0.4329071044921875,0.8775622469362995,0.8155656083386622,/home/jihyunpark/decipher-bc/Data/Simulated Data/Simulated Data Generation/../Simulated Adata/shift_sigma_sweep_bifurcation/0918/trained/sweep0918_ds3_sigma0.5_seed5_model5_bif_genes_decipherseed_1.h5ad,,149.3
model5,genes,bif,0.5,5,3,Set3 zx2,,,0.9762347178712724,0.9679687178717292,0.966086033512143,0.4929279685020447,0.8769899329969633,0.8137914960735451,/home/jihyunpark/decipher-bc/Data/Simulated Data/Simulated Data Generation/../Simulated Adata/shift_sigma_sweep_bifurcation/0918/trained/sweep0918_ds3_sigma0.5_seed5_model5_bif_genes_decipherseed_3.h5ad,,153.9
model5,genes,bif,1.0,3,1,Set3 zx2,,,0.9931131055703446,0.9924313189548296,0.9921444288817444,0.5069888234138489,0.92917526503379,0.8780762577543775,/home/jihyunpark/decipher-bc/Data/Simulated Data/Simulated Data Generation/../Simulated Adata/shift_sigma_sweep_bifurcation/0918/trained/sweep0918_ds3_sigma1.0_seed3_model5_bif_genes_decipherseed_1.h5ad,,204.6
model5,genes,bif,1.0,3,3,Set3 zx2,,,0.991559686783016,0.9925441686219312,0.9936117734672116,0.5031302571296692,0.9361025784231072,0.890415623423668,/home/jihyunpark/decipher-bc/Data/Simulated Data/Simulated Data Generation/../Simulated Adata/shift_sigma_sweep_bifurcation/0918/trained/sweep0918_ds3_sigma1.0_seed3_model5_bif_genes_decipherseed_3.h5ad,,201.2
model5,genes,bif,1.0,4,1,Set3 zx2,,,0.9737042410524228,0.9706927606754546,0.9760864773462624,0.5137450695037842,0.905054275790058,0.8606874593475031,/home/jihyunpark/decipher-bc/Data/Simulated Data/Simulated Data Generation/../Simulated Adata/shift_sigma_sweep_bifurcation/0918/trained/sweep0918_ds3_sigma1.0_seed4_model5_bif_genes_decipherseed_1.h5ad,,197.6
model5,genes,bif,0.5,5,2,Set3 zx2,im4dxhjh,https://wandb.ai/jpark-columbia/decipher-bc-sigma-sweep/runs/im4dxhjh,0.9725896007468616,0.9626014684512072,0.9675534671443884,0.487446665763855,0.8760693345562759,0.8104891884801753,/home/jihyunpark/decipher-bc/Data/Simulated Data/Simulated Data Generation/../Simulated Adata/shift_sigma_sweep_bifurcation/0918/trained/sweep0918_ds3_sigma0.5_seed5_model5_bif_genes_decipherseed_2.h5ad,,310.6
model5,genes,bif,1.0,4,2,Set3 zx2,,,0.97365505283101,0.9734516144695158,0.956760567357542,0.5779131054878235,0.9069610988277566,0.8642499756912316,/home/jihyunpark/decipher-bc/Data/Simulated Data/Simulated Data Generation/../Simulated Adata/shift_sigma_sweep_bifurcation/0918/trained/sweep0918_ds3_sigma1.0_seed4_model5_bif_genes_decipherseed_2.h5ad,,173.8
model5,genes,bif,1.0,4,3,Set3 zx2,,,0.9773357759340484,0.9685541077649676,0.9616677314366228,0.5894829630851746,0.9054575597408,0.8633610644908665,/home/jihyunpark/decipher-bc/Data/Simulated Data/Simulated Data Generation/../Simulated Adata/shift_sigma_sweep_bifurcation/0918/trained/sweep0918_ds3_sigma1.0_seed4_model5_bif_genes_decipherseed_3.h5ad,,169.1
model5,genes,bif,1.0,5,1,Set3 zx2,kkd7drd0,https://wandb.ai/jpark-columbia/decipher-bc-sigma-sweep/runs/kkd7drd0,0.9651828722486433,0.960600589272009,0.9668621576342273,0.45495450496673584,0.8984695884014401,0.8535197819092684,/home/jihyunpark/decipher-bc/Data/Simulated Data/Simulated Data Generation/../Simulated Adata/shift_sigma_sweep_bifurcation/0918/trained/sweep0918_ds3_sigma1.0_seed5_model5_bif_genes_decipherseed_1.h5ad,,233.9
model5,genes,bif,1.0,5,3,Set3 zx2,7amuptuz,https://wandb.ai/jpark-columbia/decipher-bc-sigma-sweep/runs/7amuptuz,0.9646877106674961,0.9620534358397078,0.9607509851727644,0.5947520136833191,0.8982043509506664,0.8527082418677898,/home/jihyunpark/decipher-bc/Data/Simulated Data/Simulated Data Generation/../Simulated Adata/shift_sigma_sweep_bifurcation/0918/trained/sweep0918_ds3_sigma1.0_seed5_model5_bif_genes_decipherseed_3.h5ad,,240.5
model5,genes,bif,1.0,3,2,Set3 zx2,1r884id2,https://wandb.ai/jpark-columbia/decipher-bc-sigma-sweep/runs/1r884id2,0.9948446129030963,0.9914915138147292,0.9927588548001549,0.48072564601898193,0.9346725554830078,0.887301063988771,/home/jihyunpark/decipher-bc/Data/Simulated Data/Simulated Data Generation/../Simulated Adata/shift_sigma_sweep_bifurcation/0918/trained/sweep0918_ds3_sigma1.0_seed3_model5_bif_genes_decipherseed_2.h5ad,,261.5
model2,z,nobif,5.0,5,2,Set1 vz2,ul305y5w,https://wandb.ai/jpark-columbia/decipher-bc-sigma-sweep/runs/ul305y5w,0.6435545722260935,,,,0.9664675302183576,0.9617188305621056,/home/jihyunpark/decipher-bc/Data/Simulated Data/Simulated Data Generation/../Simulated Adata/shift_sigma_sweep_bifurcation/0918/trained/sweep0918_ds3_sigma5.0_seed5_model2_nobif_z_decipherseed_2.h5ad,,275.1
model5,genes,bif,2.0,4,2,Set3 zx2,r1p3o69i,https://wandb.ai/jpark-columbia/decipher-bc-sigma-sweep/runs/r1p3o69i,0.9721231597264289,0.9649759570790093,0.9637273096110236,0.570609986782074,0.9313156360335173,0.9018355327194446,/home/jihyunpark/decipher-bc/Data/Simulated Data/Simulated Data Generation/../Simulated Adata/shift_sigma_sweep_bifurcation/0918/trained/sweep0918_ds3_sigma2.0_seed4_model5_bif_genes_decipherseed_2.h5ad,,234.7
model2,z,nobif,7.5,4,2,Set1 vz2,d7trdysu,https://wandb.ai/jpark-columbia/decipher-bc-sigma-sweep/runs/d7trdysu,0.589660311066374,,,,0.9703114873150935,0.9605027277604005,/home/jihyunpark/decipher-bc/Data/Simulated Data/Simulated Data Generation/../Simulated Adata/shift_sigma_sweep_bifurcation/0918/trained/sweep0918_ds3_sigma7.5_seed4_model2_nobif_z_decipherseed_2.h5ad,,319.3
model5,genes,bif,1.0,5,2,Set3 zx2,sbidtkhb,https://wandb.ai/jpark-columbia/decipher-bc-sigma-sweep/runs/sbidtkhb,0.9474986580967486,0.8404428483124433,0.970184050756009,0.413153737783432,0.8978733126154268,0.8533846183941113,/home/jihyunpark/decipher-bc/Data/Simulated Data/Simulated Data Generation/../Simulated Adata/shift_sigma_sweep_bifurcation/0918/trained/sweep0918_ds3_sigma1.0_seed5_model5_bif_genes_decipherseed_2.h5ad,,245.2
model5,genes,bif,2.0,4,3,Set3 zx2,up18ggox,https://wandb.ai/jpark-columbia/decipher-bc-sigma-sweep/runs/up18ggox,0.9135414550206662,0.9551638364452987,0.9601711461599147,0.5792111754417419,0.9322647289790001,0.9024301895555981,/home/jihyunpark/decipher-bc/Data/Simulated Data/Simulated Data Generation/../Simulated Adata/shift_sigma_sweep_bifurcation/0918/trained/sweep0918_ds3_sigma2.0_seed4_model5_bif_genes_decipherseed_3.h5ad,,250.2
model2,z,nobif,5.0,3,2,Set1 vz2,a96nytxo,https://wandb.ai/jpark-columbia/decipher-bc-sigma-sweep/runs/a96nytxo,0.5188434042073695,,,,0.9613026543223409,0.9463999811886306,/home/jihyunpark/decipher-bc/Data/Simulated Data/Simulated Data Generation/../Simulated Adata/shift_sigma_sweep_bifurcation/0918/trained/sweep0918_ds3_sigma5.0_seed3_model2_nobif_z_decipherseed_2.h5ad,,346.3
model2,z,nobif,0.5,5,3,Set1 vz2,f03vumik,https://wandb.ai/jpark-columbia/decipher-bc-sigma-sweep/runs/f03vumik,0.9343892673044975,,,,0.8655739876284418,0.7354559919443318,/home/jihyunpark/decipher-bc/Data/Simulated Data/Simulated Data Generation/../Simulated Adata/shift_sigma_sweep_bifurcation/0918/trained/sweep0918_ds3_sigma0.5_seed5_model2_nobif_z_decipherseed_3.h5ad,,266.6
model5,genes,bif,2.0,3,3,Set3 zx2,p3qlwa8o,https://wandb.ai/jpark-columbia/decipher-bc-sigma-sweep/runs/p3qlwa8o,0.9828649849090099,0.9924942347759148,0.9911601490074587,0.4953891336917877,0.9313745022370608,0.8937216790954019,/home/jihyunpark/decipher-bc/Data/Simulated Data/Simulated Data Generation/../Simulated Adata/shift_sigma_sweep_bifurcation/0918/trained/sweep0918_ds3_sigma2.0_seed3_model5_bif_genes_decipherseed_3.h5ad,,277.1
model5,genes,bif,2.0,4,1,Set3 zx2,nu7nohlo,https://wandb.ai/jpark-columbia/decipher-bc-sigma-sweep/runs/nu7nohlo,0.8713758946656596,0.9722611623933881,0.7986941609917468,0.5802987217903137,0.932304759632844,0.90221174661718,/home/jihyunpark/decipher-bc/Data/Simulated Data/Simulated Data Generation/../Simulated Adata/shift_sigma_sweep_bifurcation/0918/trained/sweep0918_ds3_sigma2.0_seed4_model5_bif_genes_decipherseed_1.h5ad,,280.8
model2,z,nobif,0.1,3,3,Set1 vz2,supgidih,https://wandb.ai/jpark-columbia/decipher-bc-sigma-sweep/runs/supgidih,0.9870909645771959,,,,0.9116074109026824,0.7715320863543033,/home/jihyunpark/decipher-bc/Data/Simulated Data/Simulated Data Generation/../Simulated Adata/shift_sigma_sweep_bifurcation/0918/trained/sweep0918_ds3_sigma0.1_seed3_model2_nobif_z_decipherseed_3.h5ad,,279.1
model5,genes,bif,2.0,3,2,Set3 zx2,c8qhr13c,https://wandb.ai/jpark-columbia/decipher-bc-sigma-sweep/runs/c8qhr13c,0.967374823554172,0.9795941420448145,0.9855848170392868,0.5860297679901123,0.9337675608907945,0.8971852710373911,/home/jihyunpark/decipher-bc/Data/Simulated Data/Simulated Data Generation/../Simulated Adata/shift_sigma_sweep_bifurcation/0918/trained/sweep0918_ds3_sigma2.0_seed3_model5_bif_genes_decipherseed_2.h5ad,,284.9
model2,z,nobif,5.0,5,1,Set1 vz2,uto5kndo,https://wandb.ai/jpark-columbia/decipher-bc-sigma-sweep/runs/uto5kndo,0.4660383293029981,,,,0.9661587749613764,0.961335560771551,/home/jihyunpark/decipher-bc/Data/Simulated Data/Simulated Data Generation/../Simulated Adata/shift_sigma_sweep_bifurcation/0918/trained/sweep0918_ds3_sigma5.0_seed5_model2_nobif_z_decipherseed_1.h5ad,,369.2
model5,genes,bif,2.0,3,1,Set3 zx2,6u8qokvq,https://wandb.ai/jpark-columbia/decipher-bc-sigma-sweep/runs/6u8qokvq,0.919186168879007,0.9769071156604833,0.9782857074511909,0.5459930896759033,0.9376230807788163,0.9031945459556585,/home/jihyunpark/decipher-bc/Data/Simulated Data/Simulated Data Generation/../Simulated Adata/shift_sigma_sweep_bifurcation/0918/trained/sweep0918_ds3_sigma2.0_seed3_model5_bif_genes_decipherseed_1.h5ad,,318.8
model5,genes,bif,2.0,5,1,Set3 zx2,7dgubtw2,https://wandb.ai/jpark-columbia/decipher-bc-sigma-sweep/runs/7dgubtw2,0.9316399743772286,0.962469152993864,0.9195747673397578,0.572918713092804,0.9289785826402394,0.9003117176002551,/home/jihyunpark/decipher-bc/Data/Simulated Data/Simulated Data Generation/../Simulated Adata/shift_sigma_sweep_bifurcation/0918/trained/sweep0918_ds3_sigma2.0_seed5_model5_bif_genes_decipherseed_1.h5ad,,179.9
model5,genes,bif,2.0,5,3,Set3 zx2,p9vrd97n,https://wandb.ai/jpark-columbia/decipher-bc-sigma-sweep/runs/p9vrd97n,0.9705885692721552,0.9673346684695759,0.9335650674533272,0.43744388222694397,0.9311583529370486,0.903614265643663,/home/jihyunpark/decipher-bc/Data/Simulated Data/Simulated Data Generation/../Simulated Adata/shift_sigma_sweep_bifurcation/0918/trained/sweep0918_ds3_sigma2.0_seed5_model5_bif_genes_decipherseed_3.h5ad,,194.9
model5,genes,bif,2.0,5,2,Set3 zx2,akkxqzgb,https://wandb.ai/jpark-columbia/decipher-bc-sigma-sweep/runs/akkxqzgb,0.9212265183160827,0.9507835744201626,0.9461422391331658,0.521203339099884,0.9325444440971609,0.9056586467769061,/home/jihyunpark/decipher-bc/Data/Simulated Data/Simulated Data Generation/../Simulated Adata/shift_sigma_sweep_bifurcation/0918/trained/sweep0918_ds3_sigma2.0_seed5_model5_bif_genes_decipherseed_2.h5ad,,230.9
model5,genes,bif,5.0,3,1,Set3 zx2,n90szefb,https://wandb.ai/jpark-columbia/decipher-bc-sigma-sweep/runs/n90szefb,0.6863949216896422,0.23733497051033622,0.8146935073253814,0.28608354926109314,0.9502459241578364,0.9287421172003761,/home/jihyunpark/decipher-bc/Data/Simulated Data/Simulated Data Generation/../Simulated Adata/shift_sigma_sweep_bifurcation/0918/trained/sweep0918_ds3_sigma5.0_seed3_model5_bif_genes_decipherseed_1.h5ad,,240.5
model5,genes,bif,5.0,3,2,Set3 zx2,bq8tq4mr,https://wandb.ai/jpark-columbia/decipher-bc-sigma-sweep/runs/bq8tq4mr,0.8985668900755085,0.8199498836395376,0.8562659369343967,0.059717994183301926,0.9494234170460246,0.9296630525440748,/home/jihyunpark/decipher-bc/Data/Simulated Data/Simulated Data Generation/../Simulated Adata/shift_sigma_sweep_bifurcation/0918/trained/sweep0918_ds3_sigma5.0_seed3_model5_bif_genes_decipherseed_2.h5ad,,259.4
model5,genes,bif,5.0,5,2,Set3 zx2,,,0.7686754579345486,0.49013208167946204,0.7399428567246146,0.005190936848521233,0.9476196782568175,0.9423404870750671,/home/jihyunpark/decipher-bc/Data/Simulated Data/Simulated Data Generation/../Simulated Adata/shift_sigma_sweep_bifurcation/0918/trained/sweep0918_ds3_sigma5.0_seed5_model5_bif_genes_decipherseed_2.h5ad,,145.4
model5,genes,bif,5.0,4,2,Set3 zx2,,,0.806482713579983,0.7227656356241202,0.7482514254666925,0.07774242013692856,0.9618753477953779,0.9499439675453616,/home/jihyunpark/decipher-bc/Data/Simulated Data/Simulated Data Generation/../Simulated Adata/shift_sigma_sweep_bifurcation/0918/trained/sweep0918_ds3_sigma5.0_seed4_model5_bif_genes_decipherseed_2.h5ad,,246.1
model5,genes,bif,5.0,5,3,Set3 zx2,,,0.6758272370475872,0.7622442988120947,0.5620799665122221,0.0333341620862484,0.9612911864309076,0.9521038916856295,/home/jihyunpark/decipher-bc/Data/Simulated Data/Simulated Data Generation/../Simulated Adata/shift_sigma_sweep_bifurcation/0918/trained/sweep0918_ds3_sigma5.0_seed5_model5_bif_genes_decipherseed_3.h5ad,,221.9
model5,genes,bif,5.0,5,1,Set3 zx2,,,0.7202775690058001,0.5725560982446254,0.6599678691707669,0.0692811980843544,0.9624047169083902,0.953755512352864,/home/jihyunpark/decipher-bc/Data/Simulated Data/Simulated Data Generation/../Simulated Adata/shift_sigma_sweep_bifurcation/0918/trained/sweep0918_ds3_sigma5.0_seed5_model5_bif_genes_decipherseed_1.h5ad,,250.4
model5,genes,bif,5.0,4,1,Set3 zx2,,,0.6787113973113703,0.6572339523006173,0.2878903361195298,0.05627540871500969,0.9619381174577978,0.9500936388512957,/home/jihyunpark/decipher-bc/Data/Simulated Data/Simulated Data Generation/../Simulated Adata/shift_sigma_sweep_bifurcation/0918/trained/sweep0918_ds3_sigma5.0_seed4_model5_bif_genes_decipherseed_1.h5ad,,278.5
model5,genes,bif,7.5,3,2,Set3 zx2,,,0.8756286792259207,0.9081230864824797,0.7630606978781902,0.09271470457315445,0.9555656649787567,0.9416411554436397,/home/jihyunpark/decipher-bc/Data/Simulated Data/Simulated Data Generation/../Simulated Adata/shift_sigma_sweep_bifurcation/0918/trained/sweep0918_ds3_sigma7.5_seed3_model5_bif_genes_decipherseed_2.h5ad,,240.2
model5,genes,bif,7.5,3,1,Set3 zx2,,,0.8100927721449069,0.666790344767717,0.8608530638073144,0.029226498678326607,0.9553091850988997,0.9404458014421757,/home/jihyunpark/decipher-bc/Data/Simulated Data/Simulated Data Generation/../Simulated Adata/shift_sigma_sweep_bifurcation/0918/trained/sweep0918_ds3_sigma7.5_seed3_model5_bif_genes_decipherseed_1.h5ad,,264.7
model5,genes,bif,7.5,3,3,Set3 zx2,,,0.7880591291322292,0.6803884676732024,0.7326888627998366,0.06501596421003342,0.9553391269204207,0.940766433574159,/home/jihyunpark/decipher-bc/Data/Simulated Data/Simulated Data Generation/../Simulated Adata/shift_sigma_sweep_bifurcation/0918/trained/sweep0918_ds3_sigma7.5_seed3_model5_bif_genes_decipherseed_3.h5ad,,268.6
model5,genes,bif,7.5,4,3,Set3 zx2,dod70sxb,https://wandb.ai/jpark-columbia/decipher-bc-sigma-sweep/runs/dod70sxb,0.6288954852571674,0.7545617633091188,0.27646641719190607,0.011790899559855461,0.9631400103026704,0.9568825216898531,/home/jihyunpark/decipher-bc/Data/Simulated Data/Simulated Data Generation/../Simulated Adata/shift_sigma_sweep_bifurcation/0918/trained/sweep0918_ds3_sigma7.5_seed4_model5_bif_genes_decipherseed_3.h5ad,,248.0
model5,genes,bif,7.5,4,1,Set3 zx2,,,0.6213308321684856,0.7126599679514546,0.12076840157505407,0.01750360243022442,0.9650109608415031,0.9601844168023966,/home/jihyunpark/decipher-bc/Data/Simulated Data/Simulated Data Generation/../Simulated Adata/shift_sigma_sweep_bifurcation/0918/trained/sweep0918_ds3_sigma7.5_seed4_model5_bif_genes_decipherseed_1.h5ad,,254.0
model5,genes,bif,7.5,5,2,Set3 zx2,,,0.43529619488048094,0.11151258035866349,0.19174919980349606,0.0006105011561885476,0.9592703495254139,0.9561030042159295,/home/jihyunpark/decipher-bc/Data/Simulated Data/Simulated Data Generation/../Simulated Adata/shift_sigma_sweep_bifurcation/0918/trained/sweep0918_ds3_sigma7.5_seed5_model5_bif_genes_decipherseed_2.h5ad,,162.2
model5,genes,bif,7.5,4,2,Set3 zx2,,,0.8316032564697504,0.5860333311763877,0.7413253696629947,0.03575058653950691,0.9703290066196669,0.9635296664081039,/home/jihyunpark/decipher-bc/Data/Simulated Data/Simulated Data Generation/../Simulated Adata/shift_sigma_sweep_bifurcation/0918/trained/sweep0918_ds3_sigma7.5_seed4_model5_bif_genes_decipherseed_2.h5ad,,269.5
model5,genes,bif,7.5,5,1,Set3 zx2,,,0.5961995031604389,0.6530113411955251,0.41516494307527124,0.02104981616139412,0.9671073531968565,0.9624711836274402,/home/jihyunpark/decipher-bc/Data/Simulated Data/Simulated Data Generation/../Simulated Adata/shift_sigma_sweep_bifurcation/0918/trained/sweep0918_ds3_sigma7.5_seed5_model5_bif_genes_decipherseed_1.h5ad,,263.3
model5,genes,bif,5.0,4,3,Set3 zx2,v76isz3h,https://wandb.ai/jpark-columbia/decipher-bc-sigma-sweep/runs/v76isz3h,0.6323436034796809,0.8149332674325596,0.28953847464896376,0.07413474470376968,0.9609755648459458,0.9491911340035036,/home/jihyunpark/decipher-bc/Data/Simulated Data/Simulated Data Generation/../Simulated Adata/shift_sigma_sweep_bifurcation/0918/trained/sweep0918_ds3_sigma5.0_seed4_model5_bif_genes_decipherseed_3.h5ad,,485.0
model5,genes,bif,5.0,3,3,Set3 zx2,rn5tgem8,https://wandb.ai/jpark-columbia/decipher-bc-sigma-sweep/runs/rn5tgem8,0.8585423115228842,0.9215295141474081,0.567059456144819,0.14743778109550476,0.9487962559485296,0.9270831631065615,/home/jihyunpark/decipher-bc/Data/Simulated Data/Simulated Data Generation/../Simulated Adata/shift_sigma_sweep_bifurcation/0918/trained/sweep0918_ds3_sigma5.0_seed3_model5_bif_genes_decipherseed_3.h5ad,,744.8
model5,genes,bif,7.5,5,3,Set3 zx2,nhsa73ft,https://wandb.ai/jpark-columbia/decipher-bc-sigma-sweep/runs/nhsa73ft,0.7235830313881241,0.4734318855508515,0.8223384055212578,0.018971601501107216,0.9669274965218759,0.9638688423876848,/home/jihyunpark/decipher-bc/Data/Simulated Data/Simulated Data Generation/../Simulated Adata/shift_sigma_sweep_bifurcation/0918/trained/sweep0918_ds3_sigma7.5_seed5_model5_bif_genes_decipherseed_3.h5ad,,305.4
model5,genes,bif,10.0,4,3,Set3 zx2,64hpuwy1,https://wandb.ai/jpark-columbia/decipher-bc-sigma-sweep/runs/64hpuwy1,0.35247349722002724,0.49654593512870493,0.09593526337564676,0.001588338054716587,0.9675464735604573,0.9633089604713276,/home/jihyunpark/decipher-bc/Data/Simulated Data/Simulated Data Generation/../Simulated Adata/shift_sigma_sweep_bifurcation/0918/trained/sweep0918_ds3_sigma10.0_seed4_model5_bif_genes_decipherseed_3.h5ad,,218.1
model5,genes,nobif,0.1,3,1,Set3 zx2,sxqwynkt,https://wandb.ai/jpark-columbia/decipher-bc-sigma-sweep/runs/sxqwynkt,0.9887705756172581,,,,0.9078357375916014,0.7739209043471189,/home/jihyunpark/decipher-bc/Data/Simulated Data/Simulated Data Generation/../Simulated Adata/shift_sigma_sweep_bifurcation/0918/trained/sweep0918_ds3_sigma0.1_seed3_model5_nobif_genes_decipherseed_1.h5ad,,201.5
model5,genes,nobif,0.1,4,3,Set3 zx2,hhskw0nv,https://wandb.ai/jpark-columbia/decipher-bc-sigma-sweep/runs/hhskw0nv,0.9678378813773315,,,,0.8239059110555272,0.6369695253450088,/home/jihyunpark/decipher-bc/Data/Simulated Data/Simulated Data Generation/../Simulated Adata/shift_sigma_sweep_bifurcation/0918/trained/sweep0918_ds3_sigma0.1_seed4_model5_nobif_genes_decipherseed_3.h5ad,,121.0
model5,genes,bif,10.0,4,2,Set3 zx2,k8mzyqsr,https://wandb.ai/jpark-columbia/decipher-bc-sigma-sweep/runs/k8mzyqsr,0.7177974023074984,0.6494267188673825,0.5868975480852591,0.008935807272791862,0.9703632113753244,0.9658600453976206,/home/jihyunpark/decipher-bc/Data/Simulated Data/Simulated Data Generation/../Simulated Adata/shift_sigma_sweep_bifurcation/0918/trained/sweep0918_ds3_sigma10.0_seed4_model5_bif_genes_decipherseed_2.h5ad,,241.5
model5,genes,bif,10.0,5,3,Set3 zx2,pfc49bqo,https://wandb.ai/jpark-columbia/decipher-bc-sigma-sweep/runs/pfc49bqo,0.43432890544742786,0.17224379479327484,0.3038709833408108,-0.0003120875044260174,0.9690193692028565,0.9664280481628245,/home/jihyunpark/decipher-bc/Data/Simulated Data/Simulated Data Generation/../Simulated Adata/shift_sigma_sweep_bifurcation/0918/trained/sweep0918_ds3_sigma10.0_seed5_model5_bif_genes_decipherseed_3.h5ad,,228.5
model5,genes,bif,10.0,5,1,Set3 zx2,0wakh381,https://wandb.ai/jpark-columbia/decipher-bc-sigma-sweep/runs/0wakh381,0.5141597719717615,0.6244013656754485,0.2009633223139967,0.00476496946066618,0.9706468147542536,0.9682455471301481,/home/jihyunpark/decipher-bc/Data/Simulated Data/Simulated Data Generation/../Simulated Adata/shift_sigma_sweep_bifurcation/0918/trained/sweep0918_ds3_sigma10.0_seed5_model5_bif_genes_decipherseed_1.h5ad,,263.7
model5,genes,bif,10.0,4,1,Set3 zx2,3rg5zll9,https://wandb.ai/jpark-columbia/decipher-bc-sigma-sweep/runs/3rg5zll9,0.588490757480419,0.5561953417725365,0.23237480531580826,0.004609564784914255,0.9686777720469512,0.9653207259422334,/home/jihyunpark/decipher-bc/Data/Simulated Data/Simulated Data Generation/../Simulated Adata/shift_sigma_sweep_bifurcation/0918/trained/sweep0918_ds3_sigma10.0_seed4_model5_bif_genes_decipherseed_1.h5ad,,260.1
model5,genes,bif,10.0,3,1,Set3 zx2,34g2vgco,https://wandb.ai/jpark-columbia/decipher-bc-sigma-sweep/runs/34g2vgco,0.8037617621830204,0.8067759601717163,0.7342040174481163,0.05328869819641113,0.9615781851576759,0.9511985317845553,/home/jihyunpark/decipher-bc/Data/Simulated Data/Simulated Data Generation/../Simulated Adata/shift_sigma_sweep_bifurcation/0918/trained/sweep0918_ds3_sigma10.0_seed3_model5_bif_genes_decipherseed_1.h5ad,,313.5
model5,genes,bif,10.0,5,2,Set3 zx2,,,0.4519969720021076,0.4123564530845362,0.09933170153321579,-0.0001665318413870409,0.9681909795004265,0.965891374381109,/home/jihyunpark/decipher-bc/Data/Simulated Data/Simulated Data Generation/../Simulated Adata/shift_sigma_sweep_bifurcation/0918/trained/sweep0918_ds3_sigma10.0_seed5_model5_bif_genes_decipherseed_2.h5ad,,186.1
model5,genes,nobif,0.1,3,2,Set3 zx2,,,0.9865732924694595,,,,0.907229716603098,0.7692191216853642,/home/jihyunpark/decipher-bc/Data/Simulated Data/Simulated Data Generation/../Simulated Adata/shift_sigma_sweep_bifurcation/0918/trained/sweep0918_ds3_sigma0.1_seed3_model5_nobif_genes_decipherseed_2.h5ad,,175.4
model5,genes,nobif,0.1,4,1,Set3 zx2,cdpzht6m,https://wandb.ai/jpark-columbia/decipher-bc-sigma-sweep/runs/cdpzht6m,0.9700253292326964,,,,0.8261167545763194,0.636390839981894,/home/jihyunpark/decipher-bc/Data/Simulated Data/Simulated Data Generation/../Simulated Adata/shift_sigma_sweep_bifurcation/0918/trained/sweep0918_ds3_sigma0.1_seed4_model5_nobif_genes_decipherseed_1.h5ad,,139.9
model5,genes,bif,10.0,3,3,Set3 zx2,,,0.8589288985563089,0.7702092984345409,0.8056923735601472,0.03796772658824921,0.9605778970638694,0.9506796285435899,/home/jihyunpark/decipher-bc/Data/Simulated Data/Simulated Data Generation/../Simulated Adata/shift_sigma_sweep_bifurcation/0918/trained/sweep0918_ds3_sigma10.0_seed3_model5_bif_genes_decipherseed_3.h5ad,,274.3
model5,genes,nobif,0.5,4,1,Set3 zx2,i801q24m,https://wandb.ai/jpark-columbia/decipher-bc-sigma-sweep/runs/i801q24m,0.9777857520704761,,,,0.8411802762061774,0.7551049047223286,/home/jihyunpark/decipher-bc/Data/Simulated Data/Simulated Data Generation/../Simulated Adata/shift_sigma_sweep_bifurcation/0918/trained/sweep0918_ds3_sigma0.5_seed4_model5_nobif_genes_decipherseed_1.h5ad,,155.9
model5,genes,nobif,0.5,3,3,Set3 zx2,,,0.9928134186613014,,,,0.9023274628714024,0.8066116516317389,/home/jihyunpark/decipher-bc/Data/Simulated Data/Simulated Data Generation/../Simulated Adata/shift_sigma_sweep_bifurcation/0918/trained/sweep0918_ds3_sigma0.5_seed3_model5_nobif_genes_decipherseed_3.h5ad,,166.0
model5,genes,nobif,0.5,4,2,Set3 zx2,,,0.9787513340447442,,,,0.8382774358482394,0.7444093155048968,/home/jihyunpark/decipher-bc/Data/Simulated Data/Simulated Data Generation/../Simulated Adata/shift_sigma_sweep_bifurcation/0918/trained/sweep0918_ds3_sigma0.5_seed4_model5_nobif_genes_decipherseed_2.h5ad,,121.5
model5,genes,nobif,0.1,4,2,Set3 zx2,1i9aqveb,https://wandb.ai/jpark-columbia/decipher-bc-sigma-sweep/runs/1i9aqveb,0.9694643489550645,,,,0.8262704798228937,0.646957765708065,/home/jihyunpark/decipher-bc/Data/Simulated Data/Simulated Data Generation/../Simulated Adata/shift_sigma_sweep_bifurcation/0918/trained/sweep0918_ds3_sigma0.1_seed4_model5_nobif_genes_decipherseed_2.h5ad,,580.1
model5,genes,nobif,0.5,5,1,Set3 zx2,3wvngncj,https://wandb.ai/jpark-columbia/decipher-bc-sigma-sweep/runs/3wvngncj,0.9753043097610685,,,,0.8216243027423045,0.7372436558344515,/home/jihyunpark/decipher-bc/Data/Simulated Data/Simulated Data Generation/../Simulated Adata/shift_sigma_sweep_bifurcation/0918/trained/sweep0918_ds3_sigma0.5_seed5_model5_nobif_genes_decipherseed_1.h5ad,,139.3
model5,genes,nobif,0.5,5,2,Set3 zx2,8dinaly3,https://wandb.ai/jpark-columbia/decipher-bc-sigma-sweep/runs/8dinaly3,0.975513568502168,,,,0.8226300725121887,0.7380095483287894,/home/jihyunpark/decipher-bc/Data/Simulated Data/Simulated Data Generation/../Simulated Adata/shift_sigma_sweep_bifurcation/0918/trained/sweep0918_ds3_sigma0.5_seed5_model5_nobif_genes_decipherseed_2.h5ad,,420.1
model5,genes,nobif,1.0,3,2,Set3 zx2,w9if9d8s,https://wandb.ai/jpark-columbia/decipher-bc-sigma-sweep/runs/w9if9d8s,0.9920148074546843,,,,0.9134970979682014,0.8575446405584981,/home/jihyunpark/decipher-bc/Data/Simulated Data/Simulated Data Generation/../Simulated Adata/shift_sigma_sweep_bifurcation/0918/trained/sweep0918_ds3_sigma1.0_seed3_model5_nobif_genes_decipherseed_2.h5ad,,169.0
model5,genes,nobif,0.5,5,3,Set3 zx2,,,0.9756700060278741,,,,0.8193132825431024,0.7358353094749572,/home/jihyunpark/decipher-bc/Data/Simulated Data/Simulated Data Generation/../Simulated Adata/shift_sigma_sweep_bifurcation/0918/trained/sweep0918_ds3_sigma0.5_seed5_model5_nobif_genes_decipherseed_3.h5ad,,181.5
model5,genes,nobif,1.0,3,1,Set3 zx2,,,0.9923118555715469,,,,0.9122936580212251,0.8569639075776956,/home/jihyunpark/decipher-bc/Data/Simulated Data/Simulated Data Generation/../Simulated Adata/shift_sigma_sweep_bifurcation/0918/trained/sweep0918_ds3_sigma1.0_seed3_model5_nobif_genes_decipherseed_1.h5ad,,201.5
model5,genes,nobif,1.0,4,2,Set3 zx2,rnnupeu1,https://wandb.ai/jpark-columbia/decipher-bc-sigma-sweep/runs/rnnupeu1,0.9793258346073599,,,,0.892485009704014,0.8488031750935541,/home/jihyunpark/decipher-bc/Data/Simulated Data/Simulated Data Generation/../Simulated Adata/shift_sigma_sweep_bifurcation/0918/trained/sweep0918_ds3_sigma1.0_seed4_model5_nobif_genes_decipherseed_2.h5ad,,161.3
model5,genes,nobif,0.1,5,2,Set3 zx2,7zq4eesj,https://wandb.ai/jpark-columbia/decipher-bc-sigma-sweep/runs/7zq4eesj,0.9613699616633775,,,,0.7951611437688788,0.6291606118491373,/home/jihyunpark/decipher-bc/Data/Simulated Data/Simulated Data Generation/../Simulated Adata/shift_sigma_sweep_bifurcation/0918/trained/sweep0918_ds3_sigma0.1_seed5_model5_nobif_genes_decipherseed_2.h5ad,,744.2
model5,genes,nobif,1.0,4,3,Set3 zx2,5v1h8oy9,https://wandb.ai/jpark-columbia/decipher-bc-sigma-sweep/runs/5v1h8oy9,0.969134362633299,,,,0.8916981497294009,0.8485687925603279,/home/jihyunpark/decipher-bc/Data/Simulated Data/Simulated Data Generation/../Simulated Adata/shift_sigma_sweep_bifurcation/0918/trained/sweep0918_ds3_sigma1.0_seed4_model5_nobif_genes_decipherseed_3.h5ad,,122.2
model5,genes,nobif,1.0,5,1,Set3 zx2,a09dx2dx,https://wandb.ai/jpark-columbia/decipher-bc-sigma-sweep/runs/a09dx2dx,0.973930623869523,,,,0.881547399792995,0.8383078630184975,/home/jihyunpark/decipher-bc/Data/Simulated Data/Simulated Data Generation/../Simulated Adata/shift_sigma_sweep_bifurcation/0918/trained/sweep0918_ds3_sigma1.0_seed5_model5_nobif_genes_decipherseed_1.h5ad,,169.1
model5,genes,nobif,1.0,5,2,Set3 zx2,bikokk75,https://wandb.ai/jpark-columbia/decipher-bc-sigma-sweep/runs/bikokk75,0.9758360673347223,,,,0.8814111311726667,0.8372763727154366,/home/jihyunpark/decipher-bc/Data/Simulated Data/Simulated Data Generation/../Simulated Adata/shift_sigma_sweep_bifurcation/0918/trained/sweep0918_ds3_sigma1.0_seed5_model5_nobif_genes_decipherseed_2.h5ad,,154.2
model5,genes,nobif,1.0,3,3,Set3 zx2,v2o9qr3u,https://wandb.ai/jpark-columbia/decipher-bc-sigma-sweep/runs/v2o9qr3u,0.9910660980822378,,,,0.9127762773859369,0.8571596129465471,/home/jihyunpark/decipher-bc/Data/Simulated Data/Simulated Data Generation/../Simulated Adata/shift_sigma_sweep_bifurcation/0918/trained/sweep0918_ds3_sigma1.0_seed3_model5_nobif_genes_decipherseed_3.h5ad,,178.8
model5,genes,nobif,2.0,4,1,Set3 zx2,ekk4f6dh,https://wandb.ai/jpark-columbia/decipher-bc-sigma-sweep/runs/ekk4f6dh,0.8621599734259906,,,,0.9384764665837143,0.9104582746272878,/home/jihyunpark/decipher-bc/Data/Simulated Data/Simulated Data Generation/../Simulated Adata/shift_sigma_sweep_bifurcation/0918/trained/sweep0918_ds3_sigma2.0_seed4_model5_nobif_genes_decipherseed_1.h5ad,,239.2
model5,genes,nobif,2.0,4,2,Set3 zx2,cfaqppa6,https://wandb.ai/jpark-columbia/decipher-bc-sigma-sweep/runs/cfaqppa6,0.9405139844764048,,,,0.9412606320036127,0.9167408921389208,/home/jihyunpark/decipher-bc/Data/Simulated Data/Simulated Data Generation/../Simulated Adata/shift_sigma_sweep_bifurcation/0918/trained/sweep0918_ds3_sigma2.0_seed4_model5_nobif_genes_decipherseed_2.h5ad,,227.5
model5,genes,nobif,2.0,5,1,Set3 zx2,xfx1n1jv,https://wandb.ai/jpark-columbia/decipher-bc-sigma-sweep/runs/xfx1n1jv,0.8662524664211154,,,,0.9330277119047464,0.9086974291078805,/home/jihyunpark/decipher-bc/Data/Simulated Data/Simulated Data Generation/../Simulated Adata/shift_sigma_sweep_bifurcation/0918/trained/sweep0918_ds3_sigma2.0_seed5_model5_nobif_genes_decipherseed_1.h5ad,,187.3
model5,genes,nobif,0.5,3,2,Set3 zx2,ignut52o,https://wandb.ai/jpark-columbia/decipher-bc-sigma-sweep/runs/ignut52o,0.9925657518052188,,,,0.9029966361521902,0.8090183522428451,/home/jihyunpark/decipher-bc/Data/Simulated Data/Simulated Data Generation/../Simulated Adata/shift_sigma_sweep_bifurcation/0918/trained/sweep0918_ds3_sigma0.5_seed3_model5_nobif_genes_decipherseed_2.h5ad,,1135.1
model5,genes,nobif,2.0,3,3,Set3 zx2,jqizgwwq,https://wandb.ai/jpark-columbia/decipher-bc-sigma-sweep/runs/jqizgwwq,0.9914397988972549,,,,0.9369915973048244,0.9061808390637645,/home/jihyunpark/decipher-bc/Data/Simulated Data/Simulated Data Generation/../Simulated Adata/shift_sigma_sweep_bifurcation/0918/trained/sweep0918_ds3_sigma2.0_seed3_model5_nobif_genes_decipherseed_3.h5ad,,242.9
model5,genes,nobif,1.0,4,1,Set3 zx2,m5dnxpcq,https://wandb.ai/jpark-columbia/decipher-bc-sigma-sweep/runs/m5dnxpcq,0.9801706657459316,,,,0.892362855198601,0.8474940880434406,/home/jihyunpark/decipher-bc/Data/Simulated Data/Simulated Data Generation/../Simulated Adata/shift_sigma_sweep_bifurcation/0918/trained/sweep0918_ds3_sigma1.0_seed4_model5_nobif_genes_decipherseed_1.h5ad,,575.5
model5,genes,nobif,2.0,4,3,Set3 zx2,sith8r7x,https://wandb.ai/jpark-columbia/decipher-bc-sigma-sweep/runs/sith8r7x,0.9636879591310133,,,,0.940280510778867,0.9140428274698662,/home/jihyunpark/decipher-bc/Data/Simulated Data/Simulated Data Generation/../Simulated Adata/shift_sigma_sweep_bifurcation/0918/trained/sweep0918_ds3_sigma2.0_seed4_model5_nobif_genes_decipherseed_3.h5ad,,215.0
model5,genes,nobif,2.0,3,2,Set3 zx2,7n1msn4d,https://wandb.ai/jpark-columbia/decipher-bc-sigma-sweep/runs/7n1msn4d,0.9813077778440585,,,,0.9325277777988842,0.8962622154484522,/home/jihyunpark/decipher-bc/Data/Simulated Data/Simulated Data Generation/../Simulated Adata/shift_sigma_sweep_bifurcation/0918/trained/sweep0918_ds3_sigma2.0_seed3_model5_nobif_genes_decipherseed_2.h5ad,,430.1
model5,genes,nobif,5.0,3,3,Set3 zx2,18sn9wni,https://wandb.ai/jpark-columbia/decipher-bc-sigma-sweep/runs/18sn9wni,0.6901243322408418,,,,0.9591092013363621,0.9465275186519687,/home/jihyunpark/decipher-bc/Data/Simulated Data/Simulated Data Generation/../Simulated Adata/shift_sigma_sweep_bifurcation/0918/trained/sweep0918_ds3_sigma5.0_seed3_model5_nobif_genes_decipherseed_3.h5ad,,200.4
model5,genes,nobif,2.0,5,3,Set3 zx2,uh6wi2qx,https://wandb.ai/jpark-columbia/decipher-bc-sigma-sweep/runs/uh6wi2qx,0.890681681988255,,,,0.933936013760929,0.9131678456971328,/home/jihyunpark/decipher-bc/Data/Simulated Data/Simulated Data Generation/../Simulated Adata/shift_sigma_sweep_bifurcation/0918/trained/sweep0918_ds3_sigma2.0_seed5_model5_nobif_genes_decipherseed_3.h5ad,,309.9
model5,genes,nobif,2.0,5,2,Set3 zx2,w7hcoqfo,https://wandb.ai/jpark-columbia/decipher-bc-sigma-sweep/runs/w7hcoqfo,0.9340742319025348,,,,0.9388622642861109,0.9162572479646816,/home/jihyunpark/decipher-bc/Data/Simulated Data/Simulated Data Generation/../Simulated Adata/shift_sigma_sweep_bifurcation/0918/trained/sweep0918_ds3_sigma2.0_seed5_model5_nobif_genes_decipherseed_2.h5ad,,229.3
model5,genes,nobif,5.0,3,1,Set3 zx2,qhjybbeh,https://wandb.ai/jpark-columbia/decipher-bc-sigma-sweep/runs/qhjybbeh,0.8679909345380212,,,,0.9587489316416264,0.9465586152018961,/home/jihyunpark/decipher-bc/Data/Simulated Data/Simulated Data Generation/../Simulated Adata/shift_sigma_sweep_bifurcation/0918/trained/sweep0918_ds3_sigma5.0_seed3_model5_nobif_genes_decipherseed_1.h5ad,,275.3
model5,genes,bif,10.0,3,2,Set3 zx2,y47ltqi8,https://wandb.ai/jpark-columbia/decipher-bc-sigma-sweep/runs/y47ltqi8,0.8073772011009654,0.774672470156554,0.7049558681519942,0.04814016819000244,0.9602825554507781,0.9505287543440895,/home/jihyunpark/decipher-bc/Data/Simulated Data/Simulated Data Generation/../Simulated Adata/shift_sigma_sweep_bifurcation/0918/trained/sweep0918_ds3_sigma10.0_seed3_model5_bif_genes_decipherseed_2.h5ad,,1705.7
model5,genes,nobif,5.0,4,2,Set3 zx2,uwanysyx,https://wandb.ai/jpark-columbia/decipher-bc-sigma-sweep/runs/uwanysyx,0.7772206235435132,,,,0.9667411389242815,0.9598149508939213,/home/jihyunpark/decipher-bc/Data/Simulated Data/Simulated Data Generation/../Simulated Adata/shift_sigma_sweep_bifurcation/0918/trained/sweep0918_ds3_sigma5.0_seed4_model5_nobif_genes_decipherseed_2.h5ad,,274.8
model5,genes,nobif,5.0,4,3,Set3 zx2,j9jb6p8n,https://wandb.ai/jpark-columbia/decipher-bc-sigma-sweep/runs/j9jb6p8n,0.9468917088809629,,,,0.9686104343660115,0.9604143843789885,/home/jihyunpark/decipher-bc/Data/Simulated Data/Simulated Data Generation/../Simulated Adata/shift_sigma_sweep_bifurcation/0918/trained/sweep0918_ds3_sigma5.0_seed4_model5_nobif_genes_decipherseed_3.h5ad,,344.7
model5,genes,nobif,0.1,5,3,Set3 zx2,t160f4zy,https://wandb.ai/jpark-columbia/decipher-bc-sigma-sweep/runs/t160f4zy,0.9689017080893089,,,,0.792714596042798,0.6205238856183142,/home/jihyunpark/decipher-bc/Data/Simulated Data/Simulated Data Generation/../Simulated Adata/shift_sigma_sweep_bifurcation/0918/trained/sweep0918_ds3_sigma0.1_seed5_model5_nobif_genes_decipherseed_3.h5ad,,1709.3
model5,genes,nobif,5.0,4,1,Set3 zx2,,,0.8825196778821234,,,,0.968989213675448,0.9601873006515738,/home/jihyunpark/decipher-bc/Data/Simulated Data/Simulated Data Generation/../Simulated Adata/shift_sigma_sweep_bifurcation/0918/trained/sweep0918_ds3_sigma5.0_seed4_model5_nobif_genes_decipherseed_1.h5ad,,240.8
model5,genes,nobif,5.0,5,3,Set3 zx2,r8sirakq,https://wandb.ai/jpark-columbia/decipher-bc-sigma-sweep/runs/r8sirakq,0.7595854047770756,,,,0.9671979679799337,0.9588229959660163,/home/jihyunpark/decipher-bc/Data/Simulated Data/Simulated Data Generation/../Simulated Adata/shift_sigma_sweep_bifurcation/0918/trained/sweep0918_ds3_sigma5.0_seed5_model5_nobif_genes_decipherseed_3.h5ad,,274.5
model5,genes,nobif,7.5,3,1,Set3 zx2,p3kl8dkq,https://wandb.ai/jpark-columbia/decipher-bc-sigma-sweep/runs/p3kl8dkq,0.8745402393940744,,,,0.96645398994232,0.959124392363991,/home/jihyunpark/decipher-bc/Data/Simulated Data/Simulated Data Generation/../Simulated Adata/shift_sigma_sweep_bifurcation/0918/trained/sweep0918_ds3_sigma7.5_seed3_model5_nobif_genes_decipherseed_1.h5ad,,279.9
model5,genes,nobif,5.0,3,2,Set3 zx2,53lzg687,https://wandb.ai/jpark-columbia/decipher-bc-sigma-sweep/runs/53lzg687,0.8160393171431082,,,,0.959098928935967,0.9461296989518666,/home/jihyunpark/decipher-bc/Data/Simulated Data/Simulated Data Generation/../Simulated Adata/shift_sigma_sweep_bifurcation/0918/trained/sweep0918_ds3_sigma5.0_seed3_model5_nobif_genes_decipherseed_2.h5ad,,603.8
model5,genes,nobif,1.0,5,3,Set3 zx2,nzkzltrp,https://wandb.ai/jpark-columbia/decipher-bc-sigma-sweep/runs/nzkzltrp,0.9769576137017252,,,,0.8828670422602264,0.8393786055741272,/home/jihyunpark/decipher-bc/Data/Simulated Data/Simulated Data Generation/../Simulated Adata/shift_sigma_sweep_bifurcation/0918/trained/sweep0918_ds3_sigma1.0_seed5_model5_nobif_genes_decipherseed_3.h5ad,,1130.0
model5,genes,nobif,5.0,5,2,Set3 zx2,0kqnqpu5,https://wandb.ai/jpark-columbia/decipher-bc-sigma-sweep/runs/0kqnqpu5,0.8133038218102641,,,,0.9656654053646718,0.9578276029284007,/home/jihyunpark/decipher-bc/Data/Simulated Data/Simulated Data Generation/../Simulated Adata/shift_sigma_sweep_bifurcation/0918/trained/sweep0918_ds3_sigma5.0_seed5_model5_nobif_genes_decipherseed_2.h5ad,,218.8
model5,genes,nobif,0.1,3,3,Set3 zx2,vp5v9xj6,https://wandb.ai/jpark-columbia/decipher-bc-sigma-sweep/runs/vp5v9xj6,0.9838823853304277,,,,0.9064797385736453,0.766004865245894,/home/jihyunpark/decipher-bc/Data/Simulated Data/Simulated Data Generation/../Simulated Adata/shift_sigma_sweep_bifurcation/0918/trained/sweep0918_ds3_sigma0.1_seed3_model5_nobif_genes_decipherseed_3.h5ad,,2286.6
model5,genes,nobif,0.5,4,3,Set3 zx2,wmq1yy1z,https://wandb.ai/jpark-columbia/decipher-bc-sigma-sweep/runs/wmq1yy1z,0.9788260956205255,,,,0.8391649397200054,0.7501584878120963,/home/jihyunpark/decipher-bc/Data/Simulated Data/Simulated Data Generation/../Simulated Adata/shift_sigma_sweep_bifurcation/0918/trained/sweep0918_ds3_sigma0.5_seed4_model5_nobif_genes_decipherseed_3.h5ad,,1897.3
model5,genes,nobif,7.5,4,2,Set3 zx2,pqi9smg6,https://wandb.ai/jpark-columbia/decipher-bc-sigma-sweep/runs/pqi9smg6,0.8057882412130021,,,,0.9732876390532589,0.9706721438471287,/home/jihyunpark/decipher-bc/Data/Simulated Data/Simulated Data Generation/../Simulated Adata/shift_sigma_sweep_bifurcation/0918/trained/sweep0918_ds3_sigma7.5_seed4_model5_nobif_genes_decipherseed_2.h5ad,,256.7
model5,genes,nobif,7.5,4,3,Set3 zx2,hcl8k3yr,https://wandb.ai/jpark-columbia/decipher-bc-sigma-sweep/runs/hcl8k3yr,0.5796084097911607,,,,0.9704425412189451,0.9680026966610773,/home/jihyunpark/decipher-bc/Data/Simulated Data/Simulated Data Generation/../Simulated Adata/shift_sigma_sweep_bifurcation/0918/trained/sweep0918_ds3_sigma7.5_seed4_model5_nobif_genes_decipherseed_3.h5ad,,208.2
model5,genes,nobif,7.5,5,1,Set3 zx2,x5dexxz8,https://wandb.ai/jpark-columbia/decipher-bc-sigma-sweep/runs/x5dexxz8,0.6543987147175778,,,,0.9719384858073666,0.9668184547638737,/home/jihyunpark/decipher-bc/Data/Simulated Data/Simulated Data Generation/../Simulated Adata/shift_sigma_sweep_bifurcation/0918/trained/sweep0918_ds3_sigma7.5_seed5_model5_nobif_genes_decipherseed_1.h5ad,,220.9
model5,genes,nobif,2.0,3,1,Set3 zx2,nfnnbwhh,https://wandb.ai/jpark-columbia/decipher-bc-sigma-sweep/runs/nfnnbwhh,0.9753134195244452,,,,0.9396457310149543,0.9130623506109931,/home/jihyunpark/decipher-bc/Data/Simulated Data/Simulated Data Generation/../Simulated Adata/shift_sigma_sweep_bifurcation/0918/trained/sweep0918_ds3_sigma2.0_seed3_model5_nobif_genes_decipherseed_1.h5ad,,1365.1
model5,genes,nobif,7.5,3,2,Set3 zx2,,,0.8433394194909243,,,,0.9692932830879104,0.9632544832429342,/home/jihyunpark/decipher-bc/Data/Simulated Data/Simulated Data Generation/../Simulated Adata/shift_sigma_sweep_bifurcation/0918/trained/sweep0918_ds3_sigma7.5_seed3_model5_nobif_genes_decipherseed_2.h5ad,,319.5
model5,genes,nobif,7.5,5,3,Set3 zx2,orz14bj7,https://wandb.ai/jpark-columbia/decipher-bc-sigma-sweep/runs/orz14bj7,0.822208461089232,,,,0.974265862643569,0.9693463273158109,/home/jihyunpark/decipher-bc/Data/Simulated Data/Simulated Data Generation/../Simulated Adata/shift_sigma_sweep_bifurcation/0918/trained/sweep0918_ds3_sigma7.5_seed5_model5_nobif_genes_decipherseed_3.h5ad,,253.8
model5,genes,nobif,0.1,5,1,Set3 zx2,jqdzq4ec,https://wandb.ai/jpark-columbia/decipher-bc-sigma-sweep/runs/jqdzq4ec,0.9637619037304617,,,,0.796172167686589,0.6231428689014362,/home/jihyunpark/decipher-bc/Data/Simulated Data/Simulated Data Generation/../Simulated Adata/shift_sigma_sweep_bifurcation/0918/trained/sweep0918_ds3_sigma0.1_seed5_model5_nobif_genes_decipherseed_1.h5ad,,2284.7
model5,genes,nobif,7.5,3,3,Set3 zx2,9byrn8ip,https://wandb.ai/jpark-columbia/decipher-bc-sigma-sweep/runs/9byrn8ip,0.9056559588852373,,,,0.9664648864684883,0.9572588346997963,/home/jihyunpark/decipher-bc/Data/Simulated Data/Simulated Data Generation/../Simulated Adata/shift_sigma_sweep_bifurcation/0918/trained/sweep0918_ds3_sigma7.5_seed3_model5_nobif_genes_decipherseed_3.h5ad,,419.8
model5,genes,nobif,10.0,3,3,Set3 zx2,5jpgl9qx,https://wandb.ai/jpark-columbia/decipher-bc-sigma-sweep/runs/5jpgl9qx,0.905800278722799,,,,0.971070137338699,0.965502909219256,/home/jihyunpark/decipher-bc/Data/Simulated Data/Simulated Data Generation/../Simulated Adata/shift_sigma_sweep_bifurcation/0918/trained/sweep0918_ds3_sigma10.0_seed3_model5_nobif_genes_decipherseed_3.h5ad,,207.0
model5,genes,nobif,10.0,4,2,Set3 zx2,ptqa3kdy,https://wandb.ai/jpark-columbia/decipher-bc-sigma-sweep/runs/ptqa3kdy,0.2469646866835362,,,,0.9770411193024162,0.9759358869649837,/home/jihyunpark/decipher-bc/Data/Simulated Data/Simulated Data Generation/../Simulated Adata/shift_sigma_sweep_bifurcation/0918/trained/sweep0918_ds3_sigma10.0_seed4_model5_nobif_genes_decipherseed_2.h5ad,,193.7
model5,genes,nobif,0.5,3,1,Set3 zx2,levhovuj,https://wandb.ai/jpark-columbia/decipher-bc-sigma-sweep/runs/levhovuj,0.9936426487266049,,,,0.901984808518603,0.806955969296142,/home/jihyunpark/decipher-bc/Data/Simulated Data/Simulated Data Generation/../Simulated Adata/shift_sigma_sweep_bifurcation/0918/trained/sweep0918_ds3_sigma0.5_seed3_model5_nobif_genes_decipherseed_1.h5ad,,2485.0
model5,genes,nobif,10.0,3,2,Set3 zx2,8xvsdq5h,https://wandb.ai/jpark-columbia/decipher-bc-sigma-sweep/runs/8xvsdq5h,0.6329611707305913,,,,0.9720493919465033,0.9668224264121914,/home/jihyunpark/decipher-bc/Data/Simulated Data/Simulated Data Generation/../Simulated Adata/shift_sigma_sweep_bifurcation/0918/trained/sweep0918_ds3_sigma10.0_seed3_model5_nobif_genes_decipherseed_2.h5ad,,309.5
model5,genes,nobif,5.0,5,1,Set3 zx2,vq8getjx,https://wandb.ai/jpark-columbia/decipher-bc-sigma-sweep/runs/vq8getjx,0.7612018588109659,,,,0.9693246665212679,0.9612974766510782,/home/jihyunpark/decipher-bc/Data/Simulated Data/Simulated Data Generation/../Simulated Adata/shift_sigma_sweep_bifurcation/0918/trained/sweep0918_ds3_sigma5.0_seed5_model5_nobif_genes_decipherseed_1.h5ad,,775.3
model5,genes,nobif,10.0,4,1,Set3 zx2,6pvbx5tc,https://wandb.ai/jpark-columbia/decipher-bc-sigma-sweep/runs/6pvbx5tc,0.7278190228078513,,,,0.977689032179803,0.976213456094198,/home/jihyunpark/decipher-bc/Data/Simulated Data/Simulated Data Generation/../Simulated Adata/shift_sigma_sweep_bifurcation/0918/trained/sweep0918_ds3_sigma10.0_seed4_model5_nobif_genes_decipherseed_1.h5ad,,279.9
model5,genes,nobif,7.5,4,1,Set3 zx2,hxzm0m18,https://wandb.ai/jpark-columbia/decipher-bc-sigma-sweep/runs/hxzm0m18,0.7297911631425722,,,,0.9718869173082555,0.9697919713416863,/home/jihyunpark/decipher-bc/Data/Simulated Data/Simulated Data Generation/../Simulated Adata/shift_sigma_sweep_bifurcation/0918/trained/sweep0918_ds3_sigma7.5_seed4_model5_nobif_genes_decipherseed_1.h5ad,,750.1
model5,genes,nobif,10.0,5,3,Set3 zx2,ecacyyfy,https://wandb.ai/jpark-columbia/decipher-bc-sigma-sweep/runs/ecacyyfy,0.449966677070356,,,,0.9780315574197899,0.9755437070224784,/home/jihyunpark/decipher-bc/Data/Simulated Data/Simulated Data Generation/../Simulated Adata/shift_sigma_sweep_bifurcation/0918/trained/sweep0918_ds3_sigma10.0_seed5_model5_nobif_genes_decipherseed_3.h5ad,,223.6
model5,genes,nobif,10.0,3,1,Set3 zx2,cmc00a4f,https://wandb.ai/jpark-columbia/decipher-bc-sigma-sweep/runs/cmc00a4f,0.7530350250522039,,,,0.9717362545389258,0.9658230759959652,/home/jihyunpark/decipher-bc/Data/Simulated Data/Simulated Data Generation/../Simulated Adata/shift_sigma_sweep_bifurcation/0918/trained/sweep0918_ds3_sigma10.0_seed3_model5_nobif_genes_decipherseed_1.h5ad,,572.3
model5,genes,nobif,7.5,5,2,Set3 zx2,tjmto0ru,https://wandb.ai/jpark-columbia/decipher-bc-sigma-sweep/runs/tjmto0ru,0.7482728252713253,,,,0.972935172456314,0.9691181014309769,/home/jihyunpark/decipher-bc/Data/Simulated Data/Simulated Data Generation/../Simulated Adata/shift_sigma_sweep_bifurcation/0918/trained/sweep0918_ds3_sigma7.5_seed5_model5_nobif_genes_decipherseed_2.h5ad,,746.0
model5,genes,nobif,10.0,4,3,Set3 zx2,,,0.27374809642870185,,,,0.9771702245708822,0.9761438920070649,/home/jihyunpark/decipher-bc/Data/Simulated Data/Simulated Data Generation/../Simulated Adata/shift_sigma_sweep_bifurcation/0918/trained/sweep0918_ds3_sigma10.0_seed4_model5_nobif_genes_decipherseed_3.h5ad,,216.8
model5,genes,nobif,10.0,5,1,Set3 zx2,,,0.4120779807582775,,,,0.9782627418596973,0.9759279027057206,/home/jihyunpark/decipher-bc/Data/Simulated Data/Simulated Data Generation/../Simulated Adata/shift_sigma_sweep_bifurcation/0918/trained/sweep0918_ds3_sigma10.0_seed5_model5_nobif_genes_decipherseed_1.h5ad,,201.9
model5,genes,nobif,10.0,5,2,Set3 zx2,j8f7vub5,https://wandb.ai/jpark-columbia/decipher-bc-sigma-sweep/runs/j8f7vub5,0.38288433826295243,,,,0.9779887332375534,0.9748769047031581,/home/jihyunpark/decipher-bc/Data/Simulated Data/Simulated Data Generation/../Simulated Adata/shift_sigma_sweep_bifurcation/0918/trained/sweep0918_ds3_sigma10.0_seed5_model5_nobif_genes_decipherseed_2.h5ad,,243.7
