gene,cell_type,celltype_batch_shared,donor,site,donor_site_confounded,residual,batch_total
HES4,0.33693854229911857,0.030686233521096506,0.011896113050527124,0.0010110811043198553,0.0017944759499778362,0.61767355407496,0.014701670104824816
ISG15,0.06620223676888462,0.05824521551405476,0.05767838872134359,0.0007940395053943616,0.009779022763682144,0.8073010967266405,0.0682514509904201
TNFRSF18,0.01664307833240244,0.002446894587988125,0.0007833297907564804,0.0008532173128055799,-0.00042355359933681294,0.9796970335753842,0.0012129935042252474
TNFRSF4,0.0068480300721120565,0.00011463379774296224,0.00026976703085400833,0.00013618822805277087,0.0004543247092451512,0.992177056161993,0.0008602799681519304
ATAD3A,0.052957767207188054,0.004159408307452379,0.0017355669194541595,0.0012538834792606632,0.0006572682363203408,0.9392361058503244,0.0036467186350351635
SMIM1,0.5679602185827467,0.02269152597441282,0.004896399690943243,0.00084432320143768,0.0003173319018402454,0.4032902006486193,0.006058054794221168
ACOT7,0.06339410883135002,0.004638743534541828,0.0006130001266271973,0.0005472121089662163,-9.192620664356943e-05,0.9308988616051583,0.0010682860289498441
ESPN,0.0421901815468756,0.0019368493922801017,0.0022064844551503635,0.0009383289720647364,0.0009656438353213351,0.9517625117983078,0.004110457262536435
PIK3CD-AS2,0.033780043401436775,0.0022625501608801585,0.00019198513847500098,9.488347606440017e-05,0.00023165946329518905,0.9634388783598484,0.0005185280778345902
CENPS,0.12891639916717998,0.010527893100893249,0.0006203114094347761,0.0008516627326721204,-0.0002982841913107548,0.8593820177811307,0.0011736899507961418
SRM,0.12660760209049754,0.014642099206649523,0.0027013918463846542,0.0013837326497414815,0.0003971950853820516,0.8542679791213448,0.004482319581508187
MAD2L2,0.1245673529917336,0.010018254750024713,0.0012826366335707273,0.001023439383886382,0.0014227994981260983,0.8616855167426585,0.0037288755155832076
DRAXIN,0.019526092034703454,0.0012822092969848112,0.001281816035244826,5.316255228312791e-05,0.0008921978459135831,0.9769645222348702,0.002227176433441537
DHRS3,0.0923851497791258,0.0049668126268155866,0.0009581748228845305,0.00046198304181042926,0.000826556759603525,0.9004013229697602,0.002246714624298485
DDI2,0.053326340601033494,0.0012410334445592253,0.0029364682246989862,0.002371056177707012,0.0016036068301716264,0.9385214947218297,0.006911131232577625
MRTO4,0.10017200561639317,0.01550829008260761,0.0011326856239953775,0.000570677107859463,0.0008511823192617202,0.8817651592498826,0.0025545450511165607
UBXN10,0.08025216506234896,0.002100933606432459,0.0007511158745089203,0.00024287316702632789,0.0002605612997960277,0.9163923509898872,0.0012545503413312759
KDM1A,0.05133297120059432,0.007320116018796792,0.0019551195136970484,0.0023481130966215916,0.0005457089020168351,0.9364979712682734,0.004848941512335475
HNRNPR,0.13439628133957504,0.022696607719886547,0.0050776061979695974,0.0054820671431212165,0.001354323870737334,0.8309931137287103,0.011913997211828148
E2F2,0.1557925307332701,0.017386430111391654,0.001188906921524041,0.0047772142661485495,0.0018490144529395847,0.8190059035147261,0.007815135640612175
ID3,0.1605085899149674,0.011925400489667226,0.003436461753382719,0.006858002114428358,0.006980743929354438,0.8102908017981999,0.017275207797165515
PITHD1,0.32272826301219015,0.05799299294899851,0.0015388486060342599,0.004883594743599506,0.00128943161238948,0.6115668690767881,0.007711874962023246
RHD,0.19661834370028877,-0.008564375004469577,0.04642367073481854,0.0012409677370781858,0.004172198171165736,0.7601091946611184,0.05183683664306246
RHCE,0.5707830385056477,0.03624550186823616,0.005095182329076464,0.009713098912061291,-0.0026376989142031793,0.38080087729918155,0.012170582326934576
STMN1,0.5342450980678246,0.09937705500575977,0.003534192753006371,0.00048169197309089196,0.0027670097495464674,0.3595949524507719,0.00678289447564373
HMGN2,0.30347875562967697,0.020350287731498107,0.0071753572646904296,0.006248764809599183,-0.0021524617635165777,0.6648992963280519,0.011271660310773035
NUDC,0.11857727465855074,0.01439124387097164,0.0031519860697372948,0.0030787240834612706,0.000467254729122929,0.8603335165881562,0.006697964882321494
IFI6,0.050009424699319766,0.05611345584131622,0.08631843718027159,0.0021262290249280114,0.00823145701528756,0.7972009962388769,0.09667612322048716
RPA2,0.06602063705319987,0.013724663420270608,0.0031685315238083184,0.0035573760567488705,0.0007867176468974724,0.9127420742990748,0.007512625227454661
ATP5IF1,0.33540453197696185,0.01854239437113303,0.008085039834677343,0.006463305175759049,-0.0035527905046295327,0.6350575191460983,0.01099555450580686
SNHG3,0.1374380073857557,0.024608671154744494,0.005078602743731342,0.002769368921763493,0.0017233775475045954,0.8283819722465003,0.00957134921299943
SNRNP40,0.07823640808768864,0.014538663602275459,0.0029025805954761563,0.006158510913556195,0.001531134650263083,0.8966327021507404,0.010592226159295434
LINC01226,0.045188203094097344,0.0036760971327113937,0.0010683795943929111,0.0011280903729750172,-6.6447709186776e-05,0.9490056775150101,0.0021300222581811523
CCDC28B,0.1220157853957445,0.008590102438341199,0.0007880254995408786,0.0004263457274248095,-0.00026253933464776,0.8684422802735964,0.0009518318923179281
EIF3I,0.08672906470222094,0.011273673436338269,0.008208759988709888,0.006062753936516896,-0.002072877112175492,0.8897986250483895,0.012198636813051292
MARCKSL1,0.15733077896182673,0.03339689488304434,0.0037287961705573525,0.01020114978476308,0.008442920025477058,0.7868994601743314,0.02237286598079749
ZBTB8A,0.056028607386942264,0.0031218837210701886,0.0006540379447759134,0.00043103115994670704,0.0009361864071437617,0.9388282533801212,0.002021255511866382
CLSPN,0.28669392239942393,0.01724746403712235,0.0015851078210326608,0.0007361039257797741,-0.0006281706936955289,0.6943655725103368,0.001693041053116906
MRPS15,0.08658455208288511,0.008806959453777283,0.004382809226526549,0.0017153773730941707,-0.0005027830471561884,0.8990130849108731,0.005595403552464531
CDCA8,0.17873565835718228,0.010381270295175465,0.0008479409590540499,6.883004492280742e-05,0.0010595066663547925,0.8089067936773107,0.00197627767033165
SF3A3,0.054025053394188394,0.00822165241304603,0.0013927684418308106,0.00202371768610167,0.0009780367546450494,0.9333587713101881,0.00439452288257753
NDUFS5,0.19500105577128676,0.02776017795510516,0.010527045851548622,0.00798390297137383,-0.004828633117042819,0.7635564505677285,0.013682315705879633
PABPC4,0.09471911714280384,0.010156491960423827,0.00596391138223086,0.0009341803426122508,0.003079525537271796,0.8851467736346574,0.009977617262114907
RIMS3,0.12267230458089563,0.015368761908831727,0.0007819712147287272,0.0005170916088590716,0.0028815449404582527,0.8577783257462266,0.0041806077640460515
CTPS1,0.07598302025672514,0.012010843296997281,0.001719906192225118,0.001535526330859946,0.00020419893880119222,0.9085465049843913,0.003459631461886256
PPIH,0.09743405911576378,0.014384537438700426,0.001272871774354603,0.0013557008370323892,0.00012666156027515973,0.8854261692738736,0.002755234171662152
YBX1,0.21167615599628853,-0.00031761927668338963,0.019009796430782905,0.011097341761249713,-0.006283642017397534,0.7648179671057598,0.023823496174635084
ERMAP,0.202179556006904,0.0045218922725092925,0.0013150345320407097,0.0024600140032524642,0.0005196269200097581,0.7890038762652838,0.004294675455302932
SLC2A1,0.42194433418899796,0.0320340793476484,0.0022377751046982475,0.005076326391320607,0.003438232054666035,0.5352692529126688,0.01075233355068489
EBNA1BP2,0.11219829894550142,0.011522477060985456,0.003922382233619723,0.000866605235776946,-0.0006883766679991604,0.8721786131921156,0.0041006108013975084
CDC20,0.23087559408490083,0.010427076055749024,0.001094721928323772,0.00028396212853190606,0.0004954407540249395,0.7568232050484696,0.0018741248108806174
B4GALT2,0.07333753628164993,0.00803510163546993,0.0005762269646697321,0.00046851163977093546,0.0010910816785762584,0.9164915417998633,0.002135820283016926
ERI3,0.0429646661156989,0.005674561660578156,0.000749999555988326,0.0011608472842696699,0.0019046052021848073,0.9475453201812801,0.003815452042442803
ARMH1,0.10584076137448363,0.007682004205188012,0.003480879065431444,0.001176445189208411,0.0029369105552668195,0.8788829996104217,0.007594234809906675
KIF2C,0.16259583971887792,0.008124623402988612,0.0007198831038984776,0.0010808318451041021,0.0009638021753395898,0.8265150197537913,0.0027645171243421696
EIF2B3,0.03669905015459306,0.003840722302832167,0.001423094506217061,0.0003938045701212395,-1.426828971930888e-05,0.9576575967559557,0.0018026307866189917
UROD,0.5489430985845517,0.023909670662114024,0.0017693185670029088,0.0023924122134103554,-0.0006112578568792104,0.4235967578298002,0.0035504729235340537
HPDL,0.11723760180402132,0.009486173347961313,0.001622505800937507,0.0004424541791284986,0.00024357649972411854,0.8709676883682272,0.0023085364797901242
PRDX1,0.1667086934900772,0.021379056876959707,0.0030342472132162124,0.005059605015927976,0.0027866077463201966,0.8010317896574988,0.010880459975464385
NASP,0.26221071897554515,0.03962505210469358,0.0032803204358995974,0.0017210491162885089,-0.0008090543948098272,0.693971913762383,0.004192315157378279
UQCRH,0.2031027823228661,0.030790309362479007,0.007877913472205483,0.00508715884152422,-0.0016155589402516712,0.7547573949411769,0.011349513373478032
PDZK1IP1,0.2982026511154144,0.038255731911687796,0.0032629268110213605,0.0018858401324937657,0.0037296920891234375,0.6546631579402593,0.008878459032638564
TAL1,0.3364795666008343,0.01850621538013586,0.0018881609017430412,0.0039039827766118584,-7.596505436141543e-05,0.6392980393950364,0.005716178623993484
STIL,0.07803028620802001,0.003701048269574389,0.0008148133659081347,0.000598446101372177,6.994175977811934e-05,0.9167854642953471,0.001483201227058431
ORC1,0.06690359154304118,0.005339406635868085,0.0007043417279956887,0.00035667196986692573,0.0002120655391716214,0.9264839225840565,0.0012730792370342359
HSPB11,0.11981929739680051,0.01268833259331191,0.0029309286624892017,0.0025254565382272776,-0.0014612080128248162,0.8634971928219959,0.003995177187891663
MRPL37,0.10572790027002543,0.008888423940890358,0.0028007112364485526,0.0012686361450968409,0.0009111455556360393,0.8804031828519028,0.004980492937181433
SSBP3,0.07448883358384631,-0.00020981846231629686,0.003893484486571508,0.006988477280661515,0.0032453614003335324,0.9115936617109034,0.014127323167566555
JUN,0.29470351538847184,0.00047568762412103505,0.04050771116391283,0.027148492355120957,0.0009847483763658627,0.6361798450920075,0.06864095189539965
HOOK1,0.09843167283384868,0.00751235348975296,0.002925310512571014,0.0001783113934247238,0.0006507262918507978,0.8903016254785519,0.0037543481978465354
NFIA,0.25665077164286604,0.005897550148952324,0.004508535510022282,0.004943012463584862,-0.0008408590616087452,0.7288409892961832,0.008610688911998399
L1TD1,0.04832607006029951,0.0021105034178322962,0.0005258138512585844,6.830876978434347e-05,0.00016091153642481398,0.9488083923644004,0.0007550341574677419
USP1,0.14096434664681073,0.01087417314094724,0.002113838327345935,0.001811014815478268,-5.046174041542506e-05,0.8442870888098333,0.0038743914024087778
ITGB3BP,0.08035233411375887,0.019149796134135477,0.0026843722557199357,0.0013736317794672548,0.001396458580393306,0.8950434071365252,0.0054544626155804965
DNAJC6,0.08285674542523991,0.004457344591393242,0.0016147730584819553,0.001392557789016105,-0.00021863142929072488,0.9098972105651595,0.0027886994182073355
LEPR,0.052025468424314304,0.0018461408935667792,0.001388530320471662,0.0006598136843320029,0.0008774908093965791,0.9432025558679187,0.002925834814200244
SERBP1,0.19286674702899098,0.02118659327822639,0.007037116785787306,0.005033406331613505,0.0011887370808275899,0.7726873994945542,0.0132592601982284
DEPDC1,0.21577925678193635,0.008277612237464371,0.0008577870748684158,0.001267424275930823,-0.0001618096375782807,0.7739797292673783,0.001963401713220958
NEGR1,0.0348241007924523,0.0029903413781478955,0.002392071780383448,0.00028956876070058285,-0.00018376042184058833,0.9596876777101564,0.0024978801192434424
TYW3,0.04613912481529393,0.0066995762034539885,0.0012558069218387563,0.0006138886469043356,7.912558546886717e-05,0.9452124778270401,0.001948821154211959
AK5,0.008321820988987268,0.00013652686525805237,0.0019202117789331608,6.97696118699305e-05,0.0017092681964905963,0.987842402558461,0.0036992495872936876
AC103591.3,0.03163808421206829,0.011279791211556124,0.019029673858516165,0.008357604034889873,0.0023660916643871988,0.9273287550185824,0.029753369557793237
IFI44L,0.03436558292765521,0.047966702127467564,0.13144016796159952,0.0009395677103968825,0.03677946403353663,0.7485085152393443,0.16915919970553303
LINC01781,0.07572140083916358,0.0028861725801928584,0.005357779727578324,0.0002322784442731901,0.0031442849487922087,0.9126580834599999,0.008734343120643723
TTLL7,0.007251753537644036,0.000579088708181197,0.0006600929776541357,0.000458311596189101,-0.00022531234896156806,0.9912760655292931,0.0008930922248816687
PRKACB,0.0987594334622936,0.025688896547866644,0.0050436098846049215,0.00133295001307987,0.003001756471552444,0.8661733536206025,0.009378316369237236
SSX2IP,0.1268134554838105,0.009274764126284224,0.0016947915384797896,0.0011233218448157556,0.0002520928835275382,0.8608415741230822,0.0030702062668230834
LMO4,0.06012952113232282,-0.004619811606011721,0.004196081463414242,0.005234369842903042,0.007936876682626923,0.9271229624847447,0.017367327988944206
GBP1,0.05215406341969861,0.028018727170633723,0.02617650067749927,0.0007154743972299371,0.009110237524384737,0.8838249968105537,0.036002212599113945
GBP4,0.06724314443323937,0.010928511687715678,0.01318209858462474,0.0013168497048371836,0.003400667736409041,0.903928727853174,0.017899616025870965
GBP5,0.027332484299006546,0.012229843390734359,0.007451885194803776,0.0012257023128150538,0.002373760269789353,0.9493863245328509,0.011051347777408183
GFI1,0.04366699960767257,0.004597601266741941,0.00042061947060117316,0.0005275453981915951,0.0008954044429377722,0.949891829813855,0.0018435693117305404
RPL5,0.5569343805411919,0.058628601755930876,0.0077882144199888925,0.0010663791405898237,0.0007572516164052745,0.3748251725258932,0.00961184517698399
GCLM,0.3790119520187213,0.011603824018234177,0.004069839602324654,0.0034046679874318864,-0.0015618983507568185,0.6034716147240449,0.005912609238999722
TLCD4,0.5036744012698693,0.01521974904931489,0.00347082936732368,0.0021951417353974767,-0.0007327891490102045,0.47617266772710487,0.004933181953710952
SASS6,0.07073126502894356,0.007278954943562677,0.0004190966996234641,0.00025736655343157333,0.0003000571513562811,0.9210132596230824,0.0009765204044113185
GPSM2,0.08046804038162023,0.009034057012089758,0.0012841493551070948,0.001845279610888595,0.0005070267582464455,0.9068614468820478,0.0036364557242421353
GSTM3,0.10034333285095713,0.00504099787851596,0.005311635792947897,0.00020920219732815937,-2.0903668933036634e-05,0.8891157349491838,0.00549993432134302
CSF1,0.16403366053565624,0.007621273821083019,0.0017426072088791156,0.00012963792231512894,6.269909554046382e-06,0.8264665506025124,0.001878515040748291
RHOC,0.34940433325206266,0.019171654511845215,0.003047224009466276,0.0007097423231143263,0.0002266496603903212,0.6274403962431212,0.003983615992970924
SLC16A1,0.032273404044900464,0.0031728150559249477,0.0016857788022695414,0.0007202565736901048,-0.00011101204665998898,0.9622587575698749,0.002295023329299657
PHTF1,0.04863669530289737,0.003185785547133377,0.001580423123980601,0.000912466606526316,-4.550072237584357e-05,0.9457301301418382,0.0024473890081310734
HIPK1-AS1,0.003499159036171187,0.0007260798591858394,0.000877675263624967,0.001013663737385569,0.0007153262517958,0.9931680958518366,0.002606665252806336
CD2,0.004236764231728983,0.000449921256322261,0.0017499041205191208,0.00019726461947181667,0.0003244859654208199,0.993041659806537,0.0022716547054117573
TTF2,0.044728214169150314,0.006219495724406769,0.0018447890910075898,0.0002519212958778383,0.0016452103272396046,0.9453103693923179,0.0037419207141250327
TENT5C,0.34407872238925524,0.0693696073183449,0.0050704967634311315,0.007175747523431253,-0.002352888325259872,0.5766583143307973,0.009893355961602512
PHGDH,0.19281610372594032,0.013257160652888816,0.0009018465911980189,3.408801298332431e-05,3.346443996671278e-05,0.7929573365770228,0.000969399044148056
AC253572.2,0.055776351326929714,0.011323358458113393,0.011413863167743052,0.007710702575165873,-0.0026338864765529796,0.916409610948601,0.016490679266355945
AC245014.3,0.024885072736128735,0.00988751486613168,0.014239143819568326,0.01566672712814439,0.009666815119935113,0.9256547263300917,0.03957268606764783
AC239799.2,0.015056556305144944,0.003360208706842961,0.003614358901400872,0.0009442433194266457,0.00430996240168818,0.9727146703654964,0.008868564622515698
HIST2H2BF,0.1303284302800236,0.008454176796478863,0.0011618737148139102,0.001166646811312011,0.0016641689736016096,0.85722470342377,0.003992689499727531
HIST2H4B,0.15901643394948678,0.00848028604983253,0.0012348024431386717,0.001949060998687191,0.0012640222497805054,0.8280553943090743,0.004447885691606368
HIST2H2AC,0.1086538380798753,-0.004645118953892233,0.02014390577217383,0.0050184954435748275,0.011168854066552547,0.8596600255917157,0.0363312552823012
HIST2H2AB,0.06732301787297602,0.004931585823884102,0.0006322139245145963,6.578556827013804e-05,0.0006321062406064587,0.9264152905697487,0.001330105733391193
SV2A,0.062359155422176585,0.0033376898656751336,0.0005226610829241612,9.194187362615569e-05,7.367545415087884e-05,0.9336148763014471,0.0006882784107011958
ANP32E,0.23003867818239526,0.015026006837747047,0.0059484474423437406,0.0037539377013309783,-0.000601213084907154,0.7458341429210902,0.009101172058767565
SELENBP1,0.6059565060802501,0.07493462698149589,0.0009576392416592583,0.0034615172768969193,0.0004175259165837275,0.3142721845031141,0.004836682435139905
S100A12,0.5470766548518705,0.09164450242978217,0.004653845108814392,0.0011237648070392403,-0.00037629665297278514,0.35587752945546647,0.005401313262880847
S100A8,0.7095414251978676,0.1589918621836789,0.0022366196186772713,0.0002603871721588158,-3.951683337743983e-05,0.1290092226609949,0.0024574899574586473
ILF2,0.1524524551751557,0.01653545822849309,0.0048956610955825375,0.006359779226725676,-0.0019686352356074743,0.8217252815096505,0.009286805086700739
RAB13,0.16168211291303325,0.0075557035426205565,0.0025797307728898933,0.0007214379329071596,-0.0005902058042015212,0.8280512206427506,0.0027109629015955317
CKS1B,0.25634715570077626,0.017724008303254324,0.0016197007473187641,0.001690689876212681,-0.000569484881494442,0.7231879302539324,0.002740905742037003
MUC1,0.06412112631520266,0.004033328086383722,0.001425301764579348,9.862484350373069e-05,0.0005312838833630429,0.9297903351069675,0.0020552104914461217
PKLR,0.40115134921241496,0.015190674076024535,0.002112342052783822,0.0007311788131080244,0.0013773044647716892,0.5794371513808969,0.004220825330663536
FDPS,0.10971223827644343,0.007720212689620171,0.002288406159972639,0.0011932123064704037,0.0007404340609123705,0.878345496506581,0.004222052527355413
MEX3A,0.04614529213547154,0.004125580033915784,0.0004965367711245033,0.0006134953001672439,-3.470764988000585e-05,0.9486538034092009,0.0010753244214117413
LMNA,0.32256232923530537,0.005422676853623354,0.009684084932711556,0.0009128510349206698,5.310264410990362e-05,0.6613649552993291,0.01065003861174213
CCT3,0.12825464029805958,0.01929106961184146,0.004008817416021826,0.0036315094484695165,0.0013305263108913667,0.8434834369147163,0.00897085317538271
GPATCH4,0.07628520467056603,0.012979228111374003,0.0018793440557742097,0.00030702627952852724,6.829567610018572e-05,0.908480901206657,0.0022546660114029227
HDGF,0.22701123385150634,0.0024264094627646504,0.004654234866323631,0.007579309613901658,0.0008153651809111595,0.7575134470245926,0.013048909661136449
LINC02772,0.2657107555150691,0.010500602872140274,0.0018069265477810292,0.0006521947871126477,0.0002787080608013248,0.7210508122170955,0.0027378293956950017
FCRL5,0.14458104189655968,0.03254096771597195,0.005588871114398403,0.0009941931420423822,0.009402455628061052,0.8068924705029665,0.015985519884501836
FCRL3,0.1210486023638542,0.01696053118390145,0.008108359046102243,0.0001909178018516533,0.0025292120261378725,0.8511623775781526,0.010828488874091768
FCRL2,0.1737892909170139,0.03278903381734122,0.0012375640220190776,0.0018605252753632062,0.0036254763629114395,0.7866981096053511,0.006723565660293723
FCRL1,0.38446548924715923,0.05972714330233708,0.00237892029949055,0.0029660098227616283,-0.0009761723013285151,0.55143860962958,0.004368757820923663
CD1C,0.033093123026447555,0.0014523593491222384,0.001759780831519342,0.0013427144599022917,-0.0009428328971367791,0.9632948552301454,0.0021596623942848545
SPTA1,0.5679931158682187,0.029867147488809365,0.002696057612183944,0.002260598991784546,-0.001680004856311701,0.3988630848953152,0.003276651747656789
ACKR1,0.3416467134502195,0.021961743224576613,0.0029964271782912943,0.0024852637783531195,0.0005788325870269007,0.6303310197815326,0.0060605235436713145
FCER1A,0.12974236951416615,-0.0003388146398812797,0.0023805346979156594,0.00017855384568252197,0.0007495789635554584,0.8672877776185615,0.0033086675071536398
LINC01133,0.25061791433717495,0.009370637974398077,0.0012984035864622712,0.0008440807697044361,0.001483175758260069,0.7363857875740002,0.0036256601144267764
SLAMF7,0.07042548683869963,0.010152421782460938,0.0040727393755846525,0.0005560600818986655,0.001330700102574009,0.9134625918187821,0.005959499560057327
ITLN1,0.0286652419328739,0.0006427720392164285,0.0013810349430240058,0.00021966443146021614,-0.0001498772777952552,0.9692411639312207,0.0014508220966889668
TSTD1,0.22223238995661754,0.0430583123495078,0.002636201767689972,0.0009799718114502642,0.001323815761800462,0.729769308352934,0.004939989340940698
PPOX,0.16788801536073608,0.006093102608208417,0.0012001290112100826,0.0026389191440376047,4.740657008323046e-05,0.8221324273057246,0.003886454725330918
FCGR3A,0.7082214892962324,0.051583791891948394,0.004239555370178505,0.00022828364893578978,0.0012110134467788747,0.23451586634592603,0.005678852465893169
FCRLA,0.2621671876559414,0.05345487400094262,0.0020239260504983925,0.004226658583497023,0.0017595138371527264,0.6763678398719679,0.008010098471148142
SH2D1B,0.05631682822442921,0.0023562650304479044,0.0007989763118453827,0.0002490018025292709,0.0011747399275294224,0.9391041887032188,0.002222718041904076
NUF2,0.257420100164872,0.010228374883718416,0.0009206055241160471,0.0011551278273890797,-0.00022725567008502479,0.7305030472699895,0.001848477681420102
PBX1,0.14503783257167926,0.008406671006477767,0.0026353432594169446,0.0005522019080689,0.001607463983891666,0.8417604872704655,0.004795009151377511
MGST3,0.3975227510247431,0.013705104077684327,0.007852143091388541,0.0035380560060275235,-0.0022092755420753396,0.5795912213422318,0.009180923555340725
CD247,0.0018195938911643103,-0.00019065362325661,0.0034246902678548006,0.00025215843940413867,0.0006659715121755268,0.9940282395126578,0.004342820219434466
AL031733.2,0.09910633342197303,0.017078834799803724,0.0006187536546116701,0.0018717592855654885,0.002090335326499951,0.8792339835115461,0.004580848266677109
MPC2,0.3710068431111745,0.01884732918165999,0.004197073781869509,0.0017710666762402183,-0.0014364490438887878,0.6056141362929446,0.00453169141422094
XCL2,0.0008234055851756023,-0.0001416984610223479,0.0004002342908806959,0.00011553298391653289,1.9836989664822062e-05,0.9987826886113846,0.0005356042644620509
ATP1B1,0.09867850668760658,0.0019700290083159155,0.0007273732671012473,0.00019755009874733442,0.001216784471402943,0.897209756466826,0.0021417078372515247
EEF1AKNMT,0.03659542193245317,0.004485385202043411,0.0006537142199289567,0.0016857978370095825,0.002174111770694459,0.9544055690378704,0.004513623827632998
DNM3,0.03153481729517462,0.0015939992606522,0.000966997892024625,0.00023442347204557373,0.0015638180920463235,0.9641059439880566,0.0027652394561165222
CENPL,0.05644561893631368,0.004592391865918546,0.0019073310360039827,0.0011620892345041156,-0.000297939111567537,0.9361905080388272,0.0027714811589405614
GAS5,0.35898804091265396,0.05919913290230594,0.009491390151212198,0.002224614036935857,0.0011073148407554911,0.5689895071561366,0.012823319028903546
CACYBP,0.11783279404906132,0.009312480730250386,0.005634645188386023,0.00302840401443058,-0.002552524835326586,0.8667442008531983,0.006110524367490017
RALGPS2,0.4728444550157171,0.05939276200605398,0.0035230995848030133,0.0013497114862113246,-0.0005459226113956328,0.4634358945186102,0.004326888459618705
RGS16,0.15991830160282688,0.014480138324651198,0.001007666443278904,0.0006921874787209625,0.0007360716289107894,0.8231656345216113,0.002435925550910656
C1orf21,0.15838639182692052,0.00882703469304677,0.0006450689164184675,7.215777076149954e-05,0.00010393237046268933,0.83196541442239,0.0008211590576426564
PTGS2,0.05732740537217196,0.011004817979267001,0.010856401934602161,0.0030551670727892444,-0.0013215375906828475,0.9190777452318525,0.012590031416708558
RGS1,0.014431873694005816,0.00044830060029457316,0.02338715981465879,0.003133339207018117,0.015590470042331182,0.9430088566416915,0.04211096906400809
UCHL5,0.05459804613609166,0.005820189901518988,0.0033062817180385465,0.00207741988511341,-0.00035735900391204584,0.9345554213631494,0.005026342599239911
CFH,0.09904534802337873,0.0011906926779824273,0.0009931718290591418,0.0002463178955397771,0.0003511719222458881,0.898173297651794,0.001590661646844807
ASPM,0.31853140042504746,0.013272570845722365,0.0014758603649701052,0.00032877288537108695,0.00023572203057781183,0.6661556734483112,0.002040355280919004
MIR181A1HG,0.1235523605490475,0.023762176779590166,0.008565141319225172,0.0004508902065812892,0.0045949829305495515,0.8390744482150063,0.013611014456356013
KIF14,0.08968674960024439,0.00373899114924138,0.0007360870622098448,0.0005320977902815854,0.00024426626027464204,0.9050618081377482,0.0015124511127660722
PTPN7,0.056595348358086814,0.00814647080282746,0.0010358530271668692,0.000690163575862407,0.0011837463845723872,0.932348417851484,0.0029097629876016634
UBE2T,0.4267120134739667,0.020154193057005165,0.0013157021103611388,0.0022235079470592223,-0.0006825754700754416,0.5502771588816833,0.0028566345873449195
KDM5B,0.060517431950599124,0.009913488045071556,0.002096392479990078,0.001906526340074599,0.002171617249781793,0.9233945439344828,0.00617453606984647
ATP2B4,0.04182541556400909,0.0013932915344295471,0.0022556145071594425,0.001021506132494597,0.0009006466107819786,0.9526035256511254,0.004177767250436018
SNRPE,0.18717434893328563,0.033727590017785886,0.008803634386631537,0.004611967149308754,-0.0015261517982697315,0.767208611311258,0.01188944973767056
TMCC2,0.3697801286398941,0.03616996771701464,0.0022827971903010003,0.0032247248708620613,-0.0009140147061086346,0.5894563962880368,0.004593507355054427
SLC45A3,0.029926803179586445,0.001969036161493111,0.0010195645979745524,0.0007487303388485356,8.69710203066365e-06,0.9663271686200667,0.0017769920388537516
NUCKS1,0.26886544085057706,0.04738577799645105,0.008138519542114753,0.003580965255533919,0.0003377382155270725,0.6716915581397962,0.012057223013175744
SLC41A1,0.02799130364328648,0.010106549246868258,0.0036765632206043827,0.00022707862956530128,0.002087603142777582,0.955910902116898,0.005991244992947266
CTSE,0.3282363538030978,0.012439633790968851,0.0022629424817560695,0.001769096081726096,-0.0012317429983014772,0.6565237168407527,0.0028002955651806882
DYRK3,0.15518508040543522,0.010783746434174374,0.0012901496802698587,0.001331828279902525,-0.0005290971102014652,0.8319382923104195,0.0020928808499709184
FCMR,0.4011978940776204,0.07215744581136524,0.0014172129549641643,0.0023324601439433934,0.002408740623804917,0.5204862463883019,0.006158413722712475
CR1L,0.3505455579015631,0.025031251288880674,0.0017926614532411955,0.002465777929848312,-0.0005909369617546067,0.6207556883882213,0.0036675024213349006
CD34,0.3516436815084518,0.014309422543777317,0.001306081878489962,0.0005456231800792799,0.0008525532087955145,0.6313426376804061,0.0027042582673647564
G0S2,0.057772062578663075,0.06182997012356825,0.1413107027472132,0.0022420775246076996,0.040432710186084214,0.6964124768398636,0.1839854904579051
NEK2,0.14702714776859777,0.0056225992220133025,0.0005541373936821803,0.0007922514641595102,-0.00025149643669841737,0.8462553605882457,0.0010948924211432731
DTL,0.17559125949736257,0.016330262779524374,0.0011367467322022096,0.0004837533302023689,0.0007942519023462769,0.8056637257583622,0.0024147519647508553
NENF,0.14179183744512683,0.010101800227210356,0.0013080289723733651,0.0008895538866113828,-0.00032554368028264724,0.8462343231489607,0.0018720391787021007
ATF3,0.041638678656276476,0.0015454809098298383,0.009776386645433337,0.009535914838043023,0.006058839631272989,0.9314446993191443,0.02537114111474935
CENPF,0.5021804479464614,0.021784800229639467,0.0012471115788951215,0.000527982912961078,-0.0003908564613818166,0.4746505137934247,0.0013842380304743829
RRP15,0.04834261320724996,0.01201011643767419,0.003794414127099313,0.002811929543618946,0.000297453640273726,0.9327434730440839,0.006903797310991985
EPRS,0.09857252372861343,0.008991294484760673,0.000731093622492629,0.00252702202224607,0.0027872362236524284,0.8863908299182348,0.006045351868391127
PARP1,0.23175581603822668,0.060522285995181196,0.0025498195285882375,0.0027360093158714793,0.001889837667143568,0.7005462314549888,0.007175666511603285
CDC42BPA,0.13437037817352995,0.005147039849865004,0.002920249884448195,0.0011753094302892342,0.00025853647828633086,0.8561284861835813,0.00435409579302376
HIST3H2A,0.0864919756940364,0.00027344884534741265,0.004449718701106942,0.001479346433314585,0.0005575882829337853,0.9067479220432608,0.006486653417355312
HIST3H2BB,0.012495144571702935,0.0009680313276774072,0.0008586461516528945,0.0002739043221868624,0.0009472446321084002,0.9844570289946715,0.002079795105948157
ABCB10,0.34541823636511654,0.008095297289657077,0.0035897279237193658,0.005695189134711565,-0.0016881393390448807,0.6388896886258404,0.00759677771938605
ARV1,0.12529957673279207,0.009880503131145274,0.0012508977961976642,0.001705891508612195,0.0005603771746121311,0.8613027536566407,0.0035171664794219903
FAM89A,0.24793014751663567,0.013669497910197836,0.00039732319979496333,0.0007806730716015675,0.001272309778453773,0.7359500485233161,0.0024503060498503038
TOMM20,0.12529588928445712,0.023092579564620408,0.014486305597354004,0.004782856933629648,-0.0007763188251778685,0.8331186874451166,0.018492843705805784
CHRM3,0.13199209230642142,0.0037185054961007824,0.0019123444828543779,0.0005455867938021774,0.000752067373887666,0.8610794035469336,0.0032099986505442213
CHRM3-AS2,0.05890979841087131,0.001964639317507691,0.0005380443012590608,0.00025460608509746824,0.00014214671107330712,0.9381907651741912,0.0009347970974298361
FH,0.07601453420064819,0.005178500622051357,0.0037586731619042996,0.0033312779854414026,-0.002122460529173628,0.9138394745591284,0.004967490618172074
CHML,0.031902681827128854,0.006191625353938232,0.006225392047475541,0.0017690709150568612,0.00015281491536920516,0.9537584149410313,0.008147277877901607
EXO1,0.07694782367170266,0.005564470923266743,0.0004073422639613439,0.0005499218891499014,0.0004344657851253486,0.916095975466794,0.0013917299382365939
SCCPDH,0.1181520525507839,0.009905329292857173,0.0033221741725780463,0.0015209434345247186,6.534615851239156e-05,0.8670341543907438,0.004908463765615156
NLRP3,0.12662701849022878,0.014483910758401053,0.009532594658374915,0.006904084952825351,0.0009809472783410267,0.8414714438618289,0.017417626889541293
GCSAML,0.1362717586839904,0.0036384027607532232,0.0023467911842303957,0.0003887546884533688,0.0008641765827402115,0.8564901160998324,0.003599722455423976
TRIM58,0.43251763555321376,0.06020565851111315,0.0028591324352248426,0.003012941301040406,0.0028896353696231114,0.49851499682978473,0.00876170910588836
RSAD2,0.0759284201723917,0.0010791473771323695,0.019525821484022335,0.0014758578952068363,0.009011274681567621,0.8929794783896792,0.030012954060796793
LINC00299,0.002068210984102626,-3.844708770557072e-05,0.00032246131988021825,0.00018541576901399612,0.00023109688862258749,0.9972312621260861,0.0007389739775168019
ID2,0.1501548494798342,0.05459278098056955,0.02690627945053578,0.0068487563002314344,0.002678459591902549,0.7588188741969265,0.036433495342669764
MBOAT2,0.29033196468859596,0.009804890480980877,0.0013992174460363271,0.0023727530006941167,0.00010854606992177773,0.6959826283137709,0.0038805165166522215
YWHAQ,0.145239393408482,0.019738862820542297,0.007750912905816254,0.0060034351597730296,0.0009113566048659649,0.8203560391005205,0.014665704670455249
RRM2,0.37031917853627305,0.016384089635177568,0.00036066334235229647,0.0005905614651502966,0.00026548238153945025,0.6120800246395073,0.0012167071890420433
ODC1,0.09687757019063903,0.0229448588038956,0.019290439110154628,0.009009747625767672,-0.002421378637091659,0.8542987629066348,0.02587880809883064
PDIA6,0.1062123992743855,0.017803416510557474,0.006885941546959595,0.005202836413022355,7.956862569244438e-05,0.8638158376293826,0.012168346585674394
LINC00570,0.2192996133646889,0.02853428432389382,0.0024066056464636665,0.004547457519034015,-0.00048121671346806894,0.7456932558593876,0.0064728464520296125
TRIB2,0.06898876262349662,0.020828009200838563,0.00038720804650858864,0.001125793637846692,0.0015880810822258284,0.9070821454090837,0.003101082766581109
DDX1,0.08627418254104192,0.00828552230247577,0.0023170261825103955,0.0030059150529587186,0.002242066277070992,0.8978752876439422,0.007565007512540106
RHOB,0.23270936264796968,0.024254924758928514,0.008377854289111863,0.01683400019004594,0.012693769454024784,0.7051300886599192,0.037905623933182586
MFSD2B,0.16011378346847455,0.004987819107332314,0.0010903431115887319,0.0019118590520253997,-0.0001943240317258399,0.8320905192923048,0.0028078781318882917
CENPA,0.15913738448312983,0.005223678606139759,0.0013494978977715288,0.0015855713874764754,-0.00042351336916041094,0.8331273809946428,0.0025115559160875933
PPM1G,0.14045083691536364,0.01380132167294823,0.003144506656706181,0.0027400338525160606,0.0004447827636556989,0.8394185181388102,0.00632932327287794
KRTCAP3,0.013981330283013162,0.002453087133064028,0.002008851296116377,0.00011185571645546885,0.0010685011421848849,0.980376374429166,0.0031892081547567307
WDR43,0.058658035187156704,0.0059014729127295495,0.0038798467043834883,0.0014278895691904187,-0.00016128071223162066,0.9302940363387715,0.005146455561342286
LBH,0.23784492399937354,0.05656668512796573,0.002420099715209456,0.003030427067162944,0.0014579000262253672,0.698679964064063,0.006908426808597767
AL121658.1,0.02179147885884926,0.0017042641989392475,0.0013774343432567566,0.0004334465194924704,0.0001287063055133049,0.974564669773949,0.001939587168262532
LTBP1,0.16709987208764251,0.006079020777467664,0.0008541641145242418,0.00035376121427740936,0.0008928543360522401,0.8247203274700359,0.0021007796648538912
CYP1B1,0.16442331090057197,0.023866073503821583,0.006086930934936952,0.0015677781181431816,0.004045751344366244,0.8000101551981601,0.011700460397446377
SRSF7,0.17648440650765157,0.012697550986244921,0.0064534764555068125,0.011203785054004572,5.732613075232207e-05,0.7931034548658398,0.017714587640263707
SLC8A1-AS1,0.04433601876589656,0.0032006041702235116,0.000720164314739688,0.0003848493198970182,0.00020252588832243845,0.9511558375409208,0.0013075395229591447
ZFP36L2,0.2520177816386752,0.005140269058880376,0.008868168520401787,0.01212400538706282,0.007185699815466962,0.7146640755795128,0.028177873722931568
LRPPRC,0.06451042501475206,0.008567578079329216,0.0038298941015611765,0.0036257442484990965,0.001804199491477712,0.9176621590643808,0.009259837841537985
EPCAM,0.4672037559295603,0.019652314533917137,0.0063820836916680945,0.0012014659017032803,0.0004263216899553224,0.5051340582531958,0.008009871283326697
MSH2,0.1505412293580885,0.02025527569405952,0.0005719172199087352,0.0006594674171735426,0.0011434620672826357,0.826828648243487,0.0023748467043649135
MSH6,0.11477818657838468,0.015455062624926408,0.0019055408888575265,0.0006569639636414548,0.0003520555595666053,0.8668521903846234,0.0029145604120655866
CHAC2,0.16746210089420038,0.009813516167697156,0.0021737863315183237,0.0021690859373861837,-0.0013953252478337008,0.8197768359170317,0.0029475470210708066
SPTBN1,0.1806922858853131,0.043937197758745494,0.002828408072905436,0.001703163395478935,0.0076549826000412435,0.7631839622875158,0.012186554068425615
PNPT1,0.029583206381802757,0.005433634291214087,0.004612938072627824,0.000946533116189717,0.0030047005811442637,0.9564189875570214,0.008564171769961805
FANCL,0.06212107623654092,0.013205487816203662,0.002041173185148293,0.0005448268754893182,0.0025595094549009934,0.9195279264317168,0.005145509515538604
LINC01122,0.17568153736641307,0.005114591972510463,0.0027405680916580133,0.0002737233168811637,0.002594205230108282,0.813595374022429,0.005608496638647459
AC007381.1,0.04757930275680246,0.006196619945818299,0.0006729450288904468,8.546776722697519e-05,0.00023321389015480698,0.9452324506111071,0.000991626686272229
BCL11A,0.1539212904406299,0.0586592745174816,0.004137189153345544,0.005148332058182131,0.007578681349982491,0.7705552324803784,0.016864202561510167
FAM161A,0.03768213262797754,0.006023198007050097,0.00034172229609167465,0.00018394153778173578,0.0003756936353176907,0.9553933118957812,0.0009013574691911011
CCT4,0.11927191333806555,0.016455318413200276,0.0048933359089496364,0.006446803975501375,-9.92246116857387e-05,0.8530318529759688,0.011240915272765273
LINC00309,0.006362508836734065,0.0011259822367020418,0.0008878973814417136,0.0006131938715152798,0.0007385378437593159,0.9902718798298475,0.0022396290967163094
MEIS1,0.14335143424743405,0.005497029026217681,0.0011822477481092664,0.0004078666708229872,0.0009459847230126051,0.8486154375844034,0.0025360991419448586
CNRIP1,0.41242268002684535,0.02128010285761167,0.0024193958088158385,0.0006890527775251787,0.0012134034274889904,0.561975365101713,0.004321852013830008
PLEK,0.17565251926030342,0.03346839654563222,0.006848772389340757,0.002994124862154196,0.002691075447521424,0.7783451114950479,0.012533972699016377
SNRPG,0.16379929883064687,0.01865135211788177,0.014553145316543531,0.010704205605455791,-0.0015312932955255931,0.7938232914249976,0.02372605762647373
FAM136A,0.07104285028927342,0.00771873824695514,0.0025165446295543487,0.0010006165848739784,-0.0005987263080323019,0.9183199765573754,0.002918434906396025
ADD2,0.36266673771790825,0.01074124885085409,0.0012977604163177392,0.0006361666727370263,0.0011212481731379675,0.6235368381690449,0.003055175262192733
CCT7,0.11669765639236357,0.017907825239665415,0.004384181973993845,0.005748022044217954,-0.0007075624350798004,0.855969876784839,0.009424641583131999
TPRKB,0.09530886284431563,0.016981760629014242,0.006112706951842045,0.002385962822771606,0.00042175973247383924,0.8787889470195827,0.00892042950708749
BOLA3,0.35582192445819694,0.017890786719009066,0.006946760126996132,0.006134789794069728,-0.003756589567728008,0.6169623284694561,0.009324960353337852
BOLA3-AS1,0.10768256152010436,0.008722334697705711,0.00048196152661166003,0.0003031808861773816,0.0006692349274955711,0.8821407264419053,0.0014543773402846127
HTRA2,0.3035795616077176,0.01508956819560886,0.0015527007325832898,0.004452754218311761,-0.0006517354173860568,0.6759771506631645,0.005353719533508994
MRPL19,0.05431264623815078,0.009927802894426643,0.002461350168769666,0.002099991228559306,0.0012252529290362052,0.9299729565410574,0.005786594326365177
GNLY,0.0016610633629385307,0.00021324468698063407,0.011161301634282427,0.0003207328459349096,0.000538474346774542,0.9861051831230889,0.012020508826991879
MRPL35,0.057859062935351924,0.005889048118994739,0.0034279894302583075,0.0009944492803143218,0.001719944670450002,0.9301095055646307,0.006142383381022631
CD8A,0.0006542399870849375,0.0002225589648480569,0.0011974044709911283,8.28604948471881e-05,0.00027389796850713966,0.9975690381137216,0.001554162934345456
CD8B,0.000935277204764561,0.00020577607714142667,0.0011227642043678315,0.0001222890640427375,0.00020715239864982902,0.9974067410510337,0.001452205667060398
CYTOR,0.17775872454152963,-0.0023553378972311356,0.005950250199430213,0.0036818560168055403,0.0020625367107029724,0.8129019704287628,0.011694642926938725
IGKC,0.6431367540139008,0.04502540264305066,0.01723121135347294,0.013703947035240138,-0.008133200985516065,0.2890358859398515,0.022801957403197015
IGKV4-1,0.021305055208703072,0.0022236432819103223,0.0003401667844862462,0.0002752601880365996,-4.754975470585426e-06,0.9758606295123343,0.0006106719970522603
MAL,0.05997372213993855,0.0019723086191267766,0.0013566648697513825,0.0003439835262978169,-0.0001490986175080658,0.9365024194623935,0.0015515497785411336
LINC00342,0.10913146945911345,0.025415044430488476,0.004565154202486099,0.00027008183834784094,0.001679221878275794,0.8589390281912883,0.006514457919109734
ANKRD36C,0.05133188353104253,0.010338674528457964,0.006703393532386241,0.0006610768549034224,2.9517999460076938e-05,0.9309354535537497,0.0073939883867497405
DUSP2,0.022678459078901606,-0.0027674912905081596,0.013066574110027804,0.022718795083381482,0.008212464532294322,0.9360911984859029,0.04399783372570361
NCAPH,0.17720559580143072,0.008237170598555998,0.0003114532490436639,0.0007148982764144662,4.811582792965674e-05,0.8134827662466255,0.0010744673533877869
FAM178B,0.5886234258212559,0.0293237112726914,0.0028598530572477854,0.0012385497967273285,0.002675896907845421,0.37527856314423214,0.006774299761820535
AC092683.1,0.07013713712769504,0.02528285369113173,0.005732635823110413,0.0006555837090580913,0.006553845839139802,0.8916379438098649,0.012942065371308306
TXNDC9,0.03774148902769758,0.0050415120648687264,0.0005814534929613965,0.001131123568869359,0.0010738395292795092,0.9544305823163234,0.002786416591110265
EIF5B,0.1212359211917651,0.010985501607155584,0.006381331232410942,0.004103682692843225,0.00026107833387417623,0.857032484941951,0.010746092259128343
AFF3,0.43974412740414753,0.10628534797416794,0.0023787382833005966,0.002874083358542223,0.002687201643274406,0.4460305013365673,0.007940023285117226
IL1R2,0.009132903872240255,0.001246437958423361,0.00044704986295027345,0.00023551917811905944,0.0006281816093660839,0.988309907518901,0.0013107506504354167
IL18R1,0.006271927759777382,0.00019330478384562907,9.494336192849163e-05,0.0001526587299118358,6.630642546030536e-05,0.9932208589390763,0.0003139085173006328
MRPS9,0.09540542167283853,0.006246257091073584,0.000573126517378425,0.0008468176572119651,0.0004080188739293139,0.8965203581875681,0.001827963048519704
FHL2,0.22920541169921962,0.006700548177601573,0.0020142441917543052,0.0005028628054939699,1.5845430139715955e-05,0.7615610876957908,0.002532952427387991
BUB1,0.16319931365826162,0.00928776286993524,0.000547753299059206,0.0006956871219276906,0.0007254936971092529,0.825543989353707,0.0019689341180961495
MIR4435-2HG,0.05679686308336018,-0.002546761046668636,0.0031490786479668673,0.005300615066052915,0.0016739543888340397,0.9356262498604546,0.010123648102853822
CKAP2L,0.21246045075787706,0.007414365163630338,0.0008156912954191409,0.00094647959962052,0.0002573462420218109,0.7781056669414311,0.0020195171370614717
IL1B,0.10073899175816936,0.004437535713891494,0.011444320298939839,0.0056145854981700105,0.006615136091524101,0.8711494306393052,0.02367404188863395
STEAP3,0.09316415853016459,0.0020769611840990576,0.0010722732031624438,0.001013481394726637,0.0007213357423905831,0.9019517899454567,0.0028070903402796638
NIFK,0.07476327831049155,0.01429723357184233,0.002237864519976887,0.0017388102367045938,0.000452262472534104,0.9065105508884506,0.004428937229215585
GYPC,0.6060157083690871,0.06269445872062518,0.003994885892116273,0.0012212920600421784,-0.000801494641597289,0.3268751495997265,0.004414683310561163
MZT2A,0.1791915798234952,0.02522954221390941,0.011273360438389668,0.0012198962058831142,-0.00029874037107779916,0.7833843616894004,0.012194516273194983
MCM6,0.21868825567682487,0.020513047543221752,0.0011686025181979476,0.001137750514191349,-0.00013236627443258264,0.7586247100219967,0.002173986757956714
DARS,0.07789372146219818,0.014817903360444043,0.0018306951654363524,0.003777240352484168,0.002501640584214343,0.8991787990752229,0.008109576102134863
CXCR4,0.442440564930095,0.0711090146638178,0.010637844332735402,0.015667726949093685,0.002891712595500473,0.45725313652875765,0.02919728387732956
ORC4,0.039295879052101634,0.005429002537956799,0.0013477953755433453,0.002001320222227751,0.0022060017610289404,0.9497200010511415,0.005555117358800037
MMADHC,0.06209103285225377,0.009555990469543058,0.0036136895878940145,0.0034520531840695062,0.0011583323204588658,0.9201289015857808,0.008224075092422387
TNFAIP6,0.014993520147607034,0.0025273825995365297,0.003591894027961673,0.0012466703180263987,0.0009254817002353408,0.976715051206633,0.005764046046223412
RIF1,0.09413742069495318,0.011073058697976645,0.005102027003922413,0.0020846394689327113,0.0008047538025403173,0.8867981003316747,0.007991420275395442
ARL6IP6,0.06543536752334418,0.004848550194146442,0.0036823318397030402,0.004879661340148084,0.0001350090100290524,0.9210190800926292,0.008697002189880176
NR4A2,0.19201478735562688,0.026146973068596757,0.017146282011163166,0.011105788898207375,-0.0006313875583104644,0.7542175562247163,0.027620683351060077
GALNT5,0.1101407716685587,0.003048252006070562,0.0011732692951569867,0.0004165378676580511,0.000888482817933911,0.8843326863446218,0.002478289980748949
PKP4,0.05383868397510904,0.0019548615767554303,0.0008991129902343326,0.0010684441485235077,0.00021336612271767585,0.94202553118666,0.002180923261475516
PSMD14,0.08355823773586696,0.005630285596174928,0.0007857493570002094,0.0013596251917294966,0.0006195371322602478,0.9080465649869681,0.0027649116809899538
COBLL1,0.12198446757197133,0.01376201111029228,0.0018900490247457935,0.0014128155722757108,-0.0007982220067767054,0.8617488787274916,0.002504642590244799
SCN3A,0.041244464584243246,0.011616140457373324,0.002463163698289951,0.00024360839019708924,0.001102535480346882,0.9433300873895495,0.0038093075688339223
SCN9A,0.047355082403177914,0.00040743748777431754,0.0011081005996512253,6.95440249193352e-05,0.00039441544962304925,0.9506654200348541,0.0015720600741936097
SPC25,0.18700062912676832,0.010761241619328704,0.0005792925030520535,0.0012367122568593403,0.0006534544151088617,0.7997686700788827,0.0024694591750202555
DHRS9,0.005105483962383754,0.0020953112630857406,0.0026412518035953056,0.00017100241322478942,0.0011459380464905553,0.9888410125112198,0.00395819226331065
CCDC173,0.008257485035657262,0.0006946468333347607,0.000605051951066915,0.00038152021558260883,-0.00012162150842713083,0.9901829174727856,0.000864950658222393
KLHL23,0.15035331236598687,0.01865585848126952,0.00043077150450607227,0.0002954020978126193,0.0011872616659272528,0.8290773938844976,0.0019134352682459443
SSB,0.11945912836549244,0.015143562399289434,0.005808159003872521,0.002832692139455667,-0.001161641232635069,0.857918099324525,0.007479209910693119
METTL5,0.09296580122620929,0.012565839539982138,0.004100555708610551,0.002929961170935691,-0.0015259174666631958,0.8889637598209256,0.005504599412883046
HAT1,0.09480427686587178,0.007146541501161341,0.0028992855063213335,0.003808693405629948,-0.00023613740785873027,0.8915773401288744,0.006471841504092551
CDCA7,0.20959013459089898,0.02155368459449994,0.00326788507256473,0.0008934724837461883,-0.00039229038465132815,0.7650871136429415,0.0037690671716595903
ATP5MC3,0.18126756021049922,0.029650467496865784,0.013885653337749881,0.00678069148688748,-0.0037771672510323595,0.77219279471903,0.016889177573605002
TTN,0.0956452770707133,0.02805995149952957,0.0045467170156659464,0.0005190879689489225,0.003461222779901005,0.8677677436652412,0.008527027764515874
CCDC141,0.055815168618630985,0.01812253203089332,0.0031903790717705133,0.00026522054795864725,0.002816187178563981,0.9197905125521826,0.006271786798293141
LINC01934,0.0017450056940177426,0.00016371191078841233,0.00022333032163129678,0.00011601716760225407,-0.00011509311949023989,0.9978670280254506,0.00022425436974331096
FSIP2,0.007831909347082366,0.0013258273384009894,0.0008610880819144955,9.114892776163237e-05,0.00010008507703255023,0.989789941227808,0.001052322086708678
TFPI,0.17545457394521974,0.010739842866245186,0.004004664638372513,0.0004004929664616075,0.0002479689334728141,0.8091524566502282,0.004653126538306934
SLC40A1,0.13905162482349367,-0.002674046961457399,0.004170508732454226,0.004372320888986342,0.003007187391781241,0.8520724051247419,0.011550017013221808
C2orf88,0.12359128567281871,0.005673312443358558,0.000398526740555849,0.0010832568553601485,0.0002748921569035445,0.8689787261310031,0.001756675752819542
CAVIN2,0.21349987712440996,0.01171156404140597,0.0008231494914451298,0.0005137418487772549,0.0010358078695450468,0.7724158596244166,0.0023726992097674315
HSPD1,0.26880364012384717,0.029308658650619157,0.0033279837607259055,0.00151911078364253,0.0003359471802624747,0.6967046595009028,0.00518304172463091
HSPE1,0.2108856971817412,0.03176890546047906,0.009326100577938728,0.007324811034932405,-0.004635712056212021,0.7453301978011206,0.012015199556659112
SGO2,0.18378879738992454,0.01083658949128663,0.0008286714771507109,0.0007123862052439978,0.00048782843239172924,0.8033457270040024,0.002028886114786438
TRAK2,0.27791555436317694,0.02024382312686218,0.0036232279227430553,0.004225295434353127,0.0009401226021585329,0.6930519765507062,0.008788645959254715
STRADB,0.32292556959209984,0.04257098456176278,0.00449200919475834,0.008172360678979695,-2.9800563223048027e-05,0.6218688765356224,0.012634569310514987
NOP58,0.14796773800463728,0.017798366437993235,0.007317135366688987,0.0026422044215447804,-0.0022829790345413603,0.8265575348036771,0.007676360753692407
WDR12,0.05570990160239135,0.006911271656029838,0.0024586954181938375,0.0014182893399358049,-0.00014712384055458327,0.9336489658240037,0.003729860917575059
EEF1B2,0.4464753204313016,0.049456687373987174,0.013420648554716474,0.0015811230138667032,0.0006337952214198195,0.4884324254047082,0.015635566790002997
ADAM23,0.22060077898245886,0.029978888823283784,0.0029137131175371866,0.00047473591232760626,0.004752510041757474,0.741279373122635,0.008140959071622267
LINC01857,0.10824489214977485,0.007026924600501611,0.002385028678178913,0.00016150367726130987,0.0002413340682220072,0.8819403168260613,0.0027878664236622303
CRYGD,0.23061286998585578,0.007222851808997205,0.0007127082541432128,4.692280447254893e-05,0.00017513289864018455,0.7612295142478911,0.0009347639572559463
IKZF2,0.15337981028916217,0.03200136606217499,0.0023188405191056083,0.0005453072828871253,0.004961192179213092,0.8067934836674571,0.007825339981205826
BARD1,0.0740089118557353,0.009757264202391133,0.001081915032840483,0.0011673857375402857,0.0006035653290772658,0.9133809578424156,0.0028528660994580346
ATIC,0.09618317491399851,0.013098938890481346,0.0033775186515875716,0.0020408409969580737,-0.0008431641726325129,0.886142690719607,0.0045751954759131325
XRCC5,0.12124726186595236,0.014874530723015283,0.0030140982629112967,0.00210275514154476,0.004275289826382617,0.8544860641801937,0.009392143230838673
RPL37A,0.5942404244437799,0.05370470859653298,0.02938480690705525,0.02385150657226287,-0.011290104561967662,0.31010865804233667,0.04194620891735046
TNS1,0.27290305049102886,0.02715928390143857,0.002538606856768766,0.006500648291253908,0.0002477777862032182,0.6906506326733066,0.009287032934225892
ABCB6,0.14527821050685696,0.003980755893633475,0.002070897772617708,0.0037553518891164095,-5.710149244123053e-05,0.8449718854302166,0.005769148169292887
SERPINE2,0.2548117883782293,0.017520409844918317,0.0011593881384518445,0.0006184967716107437,0.0011793872955749851,0.7247105295712148,0.0029572722056375733
PID1,0.055204453939140016,0.005057736364265729,0.0019798500290625215,0.0007768247280498797,0.002977962826554624,0.9340031721129273,0.005734637583667025
ITM2C,0.20807252655476818,0.04469124682306594,0.0030286908491019005,0.0028492308544180167,0.0032758965294827913,0.7380824083891632,0.009153818233002708
PSMD1,0.06843676134991297,0.002431641354001632,0.0018632296632829226,0.0018302454501912813,0.0011609750197907748,0.9242771471628204,0.004854450133264979
NCL,0.22263862929323447,0.034408938768100916,0.00831617132854423,0.0029152189103148207,0.00017468787392310725,0.7315463538258824,0.011406078112782159
PTMA,0.6950603078686297,0.07654472106581822,0.001860242236356613,0.00031042408541315236,0.0009928114171453561,0.22523149332663694,0.0031634777389151214
SAG,0.01691832392812982,0.002221517604321304,0.0005821271056089816,0.00020508443117635625,0.00043801997376709603,0.9796349269569964,0.001225231510552434
HJURP,0.2045415193554299,0.009429641115717424,0.0007690507307655248,0.0010910243726233726,0.00017524814295341584,0.7839935162825103,0.002035323246342313
ARL4C,0.05641293471976686,-0.004516244451824421,0.01406991519998673,0.0026501308514910032,-0.0011788806236354768,0.9325621443042154,0.015541165427842257
RAMP1,0.15568153477996058,0.008720081866887552,0.00691588437516405,0.00017771227410229296,0.0022524245683742117,0.8262523621355113,0.009346021217640554
LINC02610,0.037459754032027066,0.0036378752634238717,0.0004954020105331636,2.169640726523009e-05,0.0006479767819092194,0.9577372955048414,0.001165075199707613
HES6,0.2319508988692503,0.01309833230303159,0.0017150707573522495,0.0012863044691532044,0.0008975114152675046,0.7510518821859451,0.0038988866417729584
STK25,0.05735882176271608,0.006076475645810882,0.0019161613680145628,0.003380842662673439,0.0008415851517862977,0.9304261134089987,0.006138589182474299
DTYMK,0.207099313428676,0.011817975655616875,0.0025742043372061485,0.0007575156091773894,-0.00027696265222174055,0.7780279536215453,0.0030547572941617973
FANCD2,0.05166868050174234,0.006657692457042445,0.0005967267737748347,0.0006368259732813797,0.00035167748331376564,0.9400883968108452,0.00158523023036998
MRPS25,0.06252904693910313,0.008853612909719033,0.0027743998137716164,0.0024374926487480547,-0.0011383781007710536,0.9245438257894292,0.0040735143617486175
ANKRD28,0.1627622070781901,0.01830951376247464,0.01585551202306995,0.004169126397195938,-0.002082512767157152,0.8009861535062265,0.017942125653108737
SATB1,0.04963708434580843,0.012220574888679461,0.005450437670756911,0.0026044054081868218,0.004854356934350969,0.9252331407522174,0.012909200013294701
SGO1,0.20704346032097617,0.011992241144626103,0.0008634786256470073,0.0013407732696744945,-2.5509726874650696e-05,0.7787855563659509,0.002178742168446851
ZNF385D,0.19716800223066788,0.007031644273991444,0.0013059001978112939,0.00012910825810188986,0.00039780503876596374,0.7939675400006615,0.0018328134946791474
THRB,0.027448945266755394,0.005537791731457218,0.0008828614910244836,0.0012957654426250034,0.0013635730955749853,0.9634710629725629,0.0035422000292244724
TOP2B,0.16508796570315026,0.02750232392053978,0.005774738342405689,0.0036341902311995133,0.005829143798773723,0.792171638003931,0.015238072372378925
CMTM8,0.2912115236423377,0.044078889451865055,0.011811350163500767,0.0006909650620675611,0.011840055684739392,0.6403672159954895,0.02434237091030772
ARPP21,0.3555965546497696,0.03315039197286168,0.000937924385376987,0.0007398528403412818,0.0018991837043321191,0.6076760924473184,0.003576960930050388
CX3CR1,0.15383784794994254,0.04900179070009472,0.025921614117743574,0.0021937190733679612,0.02224589888740572,0.7467991292714455,0.050361232078517254
RPSA,0.48099796631937586,0.05415335041417846,0.006523896710014299,0.0017040193380266633,-0.0010602160513207837,0.4576809832697255,0.007167699996720178
RPL14,0.5241311260478371,0.06367289955799049,0.010278563169349497,0.0023060682971698387,-0.00021037548991209576,0.3998217184175652,0.01237425597660724
ZNF620,0.04976315568330176,0.005446105684135907,0.0014960142989436653,0.00020442941939555898,0.0007845397365797285,0.9423057551776434,0.002484983454918953
ABHD5,0.09469734690731402,-0.005974697268798845,0.009837988659614272,0.01418397617759036,0.002718472906103414,0.8845369126181768,0.026740437743308046
KIF15,0.18506931949475697,0.007669489444808081,0.00090585963960646,0.0008952044201784859,0.00046348777101140604,0.8049966392296386,0.002264551830796352
EXOSC7,0.06484213821553744,0.007863440486133383,0.0016569725828099457,0.0007649900865191878,0.0006092245161339327,0.9242632341128661,0.003031187185463066
KIF9,0.05909712958639568,0.007493845841133592,0.002337410395909789,0.00040789481027404817,-7.655834961067809e-06,0.930671375201248,0.0027376493712227695
SMARCC1,0.06896921897501106,0.010063571165095972,0.0025076951525247054,0.002872963348788865,0.0018697037085161211,0.9137168476500632,0.007250362209829692
CDC25A,0.0925580829132251,0.0055067921309737144,0.0006199338480567668,0.0004086889796305615,-0.0001611240982758999,0.9010676262263897,0.0008674987294114284
IMPDH2,0.2544142335541513,0.02946164568008003,0.0034208207140067337,0.0021557151716429246,-0.0010990397040464561,0.7116466245841655,0.004477496181603202
AMT,0.045388423034551525,0.003463522712340919,0.0005181256185424268,0.0007248068658382914,0.0008550707337438984,0.949050051034983,0.0020980032181246167
IFRD2,0.08361186787277738,0.00811952890461437,0.00234472173686312,0.0019195987107371026,0.0004919895112422967,0.9035122932637657,0.0047563099588425195
MANF,0.060340306781229786,0.006795488248057577,0.002356832453283969,0.0035524498842503804,-0.00020331553547467407,0.927158238168653,0.0057059668020596754
RRP9,0.03865138875083479,0.005395321745410346,0.001328536756375391,0.0012074721347971329,0.00011216412159971434,0.9533051164909826,0.0026481730127722383
ACY1,0.06469641065377768,0.005422951340389448,0.0005563860755236766,0.0006678899498568092,0.00039116524342924786,0.9282651967370231,0.0016154412688097336
POC1A,0.09744135798127382,0.005755770329495216,0.0008196273868951998,0.00014301940922981093,0.0005092614755661806,0.8953309634175398,0.0014719082716911913
NT5DC2,0.09402271488557132,0.00733795001366952,0.0009327530786568811,0.0014233592410024948,0.0005195174622682625,0.8957637053188315,0.0028756297819276383
GNL3,0.08854714423119778,0.015084296655340543,0.005168420630744658,0.0023748492752294903,-0.0008761090497621804,0.8897013982572497,0.006667160856211968
DNASE1L3,0.07333823549481866,0.018173665253612206,0.0017690541658559739,0.0003267504690243894,0.005629585761123754,0.900762708855565,0.007725390396004117
FHIT,0.09613414792337022,0.01387870852185473,0.0005910189044998765,0.000572671367416247,0.0002445679730506689,0.8885788853098082,0.0014082582449667924
LINC00877,0.08427987000193732,0.018266107169099557,0.0036763452575190037,0.0025156742970217083,0.002288175798044037,0.8889738274763783,0.008480195352584749
HTR1F,0.1425638514352468,0.008130248805927415,0.002506747766871542,0.0003203058726875263,0.0018416466366425466,0.8446371994826242,0.004668700276201615
CPOX,0.39734535614636907,0.014025531925357437,0.004739005955283371,0.009542489787714936,-0.0032686706756214767,0.5776162868608967,0.01101282506737683
CMSS1,0.12049454201054084,0.014644111774462523,0.0015531122896817184,0.0007460869197794817,-5.3680171650111186e-05,0.8626158271771855,0.002245519037811089
TRMT10C,0.08311525507154749,0.014676088094262185,0.0034386040477892565,0.0017935723539272558,-0.0006414010246051233,0.897617881457079,0.004590775377111389
CIP2A,0.10796644698919412,0.004971324601717161,0.0007631922644939643,0.0010692655684152313,-5.501702339691383e-05,0.8852847875995764,0.0017774408095122818
DPPA4,0.16171099650908546,0.012020234892147014,0.000930029173093927,0.00027007920856758627,0.0002796769134684185,0.8247889833036376,0.0014797852951299317
CD96,0.0333422986833518,0.0020663382543786857,0.004008550321355504,0.00013969969772402446,0.0005217944213805337,0.9599213186218094,0.0046700444404600625
PHLDB2,0.04353974454167994,0.004522429431130709,0.000562119871876314,6.223459459882286e-05,0.00016606444520494285,0.9511474071155093,0.0007904189116800797
GCSAM,0.11687761632429208,0.022692523257227232,0.0018949044685377392,0.0002187164416301013,0.001723420296659589,0.8565928192116532,0.0038370412068274296
NAA50,0.06813771445495806,0.0017385913043596185,0.00361214166807812,0.003078536166940829,-0.00012402415503208475,0.9235570405606954,0.006566653679986864
CCDC191,0.33249167477038216,0.04763968489461773,0.0014933049309837632,0.0014688723347071608,0.0053450440794344245,0.6115614189898748,0.008307221345125348
POLQ,0.09747256574076761,0.007243777436471935,0.0009355169009244435,0.0003616609808075738,0.00021020177841765686,0.8937762771626108,0.0015073796601496742
CCDC58,0.04341961868154491,0.014235664715800851,0.003578351709248466,0.0014318356410787797,0.002677635151585492,0.9346568941007415,0.0076878225019127375
FAM162A,0.07074742564594216,0.009779312932359313,0.004961092660425312,0.0018726320437090216,-0.0007794804355288898,0.913419017153093,0.006054244268605444
PARP15,0.12040077523892412,0.03707175337635321,0.002961275946484515,0.0011572460805946705,0.005145678317495406,0.8332632710401481,0.009264200344574591
MYLK,0.14344745912611642,0.00955626341293861,0.0003042412291821839,0.00036397548380831535,8.530308817261689e-05,0.8462427576597819,0.0007535198011631161
CCDC14,0.073651620988491,0.017341119489462292,0.006957260550572608,0.0015743120243686681,0.0013160962894289974,0.8991595906576765,0.009847668864370274
UMPS,0.04528782674273737,0.006801668136008264,0.0011423580138636633,0.0009231222020447127,0.0012464990623631267,0.9445985258429829,0.0033119792782715027
MCM2,0.18086325980021245,0.017197968752445808,0.0020855062971799065,0.0020950748823506116,0.0005121709839016886,0.7972460192839095,0.004692752163432207
MGLL,0.09993240261181385,0.004592565761044498,0.0009121486707380222,0.000826951197559031,0.001258670310374757,0.8924772614484698,0.0029977701786718103
RUVBL1,0.0921643944012088,0.016466417587755577,0.0027900820187798103,0.0013882022681022121,-0.00021330820975778986,0.8874042119339114,0.003964976077124233
GATA2,0.2762785454022514,0.008835977076052881,0.0007555402620350593,0.0003631910397324245,0.0011211576808524693,0.7126455885390758,0.002239888982619953
MRPL3,0.0898457128332947,0.013921996661193134,0.0032869580802636494,0.002040643472471834,-0.00015405418400293858,0.8910587431367796,0.005173547368732545
RAB6B,0.231604567671023,0.011704147658820413,0.00213326513675019,0.0037628720920490633,-0.0005061015850912065,0.7513012490264486,0.0053900356437080466
PCCB,0.11081190432054437,0.006715770617324951,0.0014692507720055065,0.0018977293216341923,-0.00021852850398261514,0.8793238734724735,0.0031484515896570836
FAIM,0.11870093632718802,0.015783033144220457,0.0008412680229269998,0.0007947513403307183,0.0004137978242596818,0.8634662133410741,0.0020498171875174
NMNAT3,0.20858204083031667,0.011919386276300181,0.0018053733646362369,0.0006030043169422128,0.0012001017933723768,0.7758900934184323,0.0036084794749508264
TFDP2,0.28125617309572337,0.05875114332416487,0.0036989244949647837,0.003112770235249862,0.006964018770580949,0.6462169700793161,0.013775713500795594
PAQR9,0.08634671412841699,0.0022122245986564287,0.000985587680344513,0.0009137564616907984,-0.00044481985200310603,0.9099865369828943,0.0014545242900322053
U2SURP,0.09329684262705674,0.0211883978444508,0.009797566529202897,0.003400779620570643,0.0008846387780654524,0.8714317746006535,0.014082984927838993
PLOD2,0.11004565833992723,0.004230113699978472,0.0012237112010450718,0.0005762178204181956,0.0003045166534548366,0.8836197822851762,0.002104445674918104
CPA3,0.14716352535128627,0.006078535386974865,0.0017692799257992275,0.0003684491497864817,0.00033775910392466746,0.8442824510822284,0.0024754881795103767
HLTF,0.2188883979127063,0.018331131381631727,0.0020445474715975187,0.0003343482763120964,0.0004019132599068498,0.7599996616978455,0.002780809007816465
MED12L,0.1353202622990022,0.006902068211159906,0.0011615120688840408,0.0002248589112928412,0.001429069816182793,0.8549622286934782,0.002815440796359675
GPR171,0.011232354383890534,0.0009271580608053841,0.0002857538964751334,0.00012434545731386873,-7.974851699118872e-05,0.9875101367185063,0.0003303508367978134
IGSF10,0.13455873755777512,0.005783060121712785,0.0006068476716706017,0.00014688867551887475,0.000576488891794763,0.8583279770815279,0.0013302252389842395
MME,0.47432584558892954,0.06269398979282803,0.005574037160394063,0.00037127893229049747,0.007254784566208761,0.4497800639593491,0.013200100658893321
GMPS,0.12244957389200287,0.009084911177745403,0.0023096702922955348,0.001930247744831609,-0.00046536599937332945,0.8646909628924979,0.0037745520377538144
PTX3,0.023113132167438117,0.000667190278398521,0.001238701060143798,0.0017924297599435507,-0.0003020963667048765,0.9734906431007809,0.002729034453382472
LXN,0.3173237681474793,0.011681001268411761,0.0027147739280567462,0.0004665442226514105,-8.037658505116729e-05,0.6678942890184519,0.0031009415656569894
SCHIP1,0.04451676209721687,0.0028829312212795485,0.0005110918571173545,0.0005303926370071183,-8.977870322424836e-05,0.9516486008906033,0.0009517057909002244
C3orf80,0.15435684582080655,0.0081515143087873,0.0019326234700803857,0.0008590150180939893,0.0014876145122768303,0.8332123868699549,0.004279253000451205
SMC4,0.33972683668858794,0.0190863999547915,0.00169886852407386,0.00213262825391336,0.00045909238887836823,0.636896174189755,0.004290589166865588
TRIM59,0.16781584877331093,0.012229243749105112,0.0017440958869565093,0.0015264852012642216,3.1384049325039465e-05,0.8166529423400382,0.0033019651375457704
B3GALNT1,0.15416022588047323,0.011989807139424186,0.0017671478921560957,0.00018237566340928435,0.0009188391237283378,0.8309816043008089,0.002868362679293718
RPL22L1,0.1501200263843574,0.05271562941437821,0.15820331040672658,0.005638892215712565,0.007357855646016903,0.6259642859328083,0.17120005826845605
NCEH1,0.07557413656270028,-0.0010921211174466927,0.002147982884326813,0.0012049338549585537,0.00015820514068329294,0.9220068626747777,0.0035111218799686594
ECT2,0.15718868551856285,0.005751757468835855,0.0007387693958741393,0.0015861003738053547,0.00016026713906525103,0.8345744201038565,0.002485136908744745
ACTL6A,0.09456425874865389,0.014977986119292769,0.001128093302871308,0.0017881744699333457,0.0027980146154745894,0.8847434727437741,0.005714282388279243
DNAJC19,0.09493588098004925,0.021220550951446426,0.00392234004321268,0.0038521657623614564,-0.0004644319753606685,0.8765334942382909,0.007310073830213468
PSMD2,0.07945971705570262,-0.0019869200805935627,0.00218612866244082,0.006071728870335802,0.004203031387787909,0.9100663141043264,0.01246088892056453
POLR2H,0.08976402572937185,0.013050885627175643,0.001972112080434296,0.0019839158800599443,-0.00012151601690393865,0.8933505766998622,0.003834511943590302
MAP3K13,0.038480977069795114,0.006185801354678652,0.0014687835923062678,0.0015068096607733228,0.0015734101004798232,0.9507842182219668,0.004549003353559414
RFC4,0.21186859098255081,0.015441507640562596,0.0011371539669874364,0.0009021674677415215,-0.0002166019802841701,0.7708671819224417,0.0018227194544447878
RPL39L,0.08169160196526234,0.010715433627352028,0.001790836158414369,0.0004110963113786448,0.0003814822810347951,0.9050095496565578,0.002583414750827809
CCDC50,0.057661910870567316,0.006242529483974475,0.004884476975137539,0.0014561686351403647,0.0002570212503052588,0.929497892784875,0.006597666860583162
HES1,0.0332919972411449,0.002300207175498545,0.0022985483159346995,0.0010088947732232803,-7.895939606414326e-05,0.9611793118902627,0.0032284836930938365
LINC00884,0.039502877701350816,0.004032657754666935,0.0011405467704742114,0.0004963708051007043,0.00028782410791514806,0.9545397228604922,0.0019247416834900638
TFRC,0.4554378738298181,0.011180202941379946,0.005887153041854831,0.004082745847297009,-0.0027698333866652547,0.5261818577263153,0.007200065502486586
TCTEX1D2,0.12413592660391981,0.011666415367575178,0.0014869369014296474,0.00029074986443297646,-8.93263380132292e-05,0.8625092976006556,0.0016883604278493947
SPON2,0.004622789083240294,0.00022576136855065147,0.0012955806027206834,6.464167975379041e-05,0.0004290893998197421,0.9933621378659149,0.001789311682294216
SLBP,0.1515407782462117,0.008863876407636584,0.0031408497812351055,0.004450141135175667,-0.0007199238693159637,0.8327242782990569,0.006871067047094809
NSD2,0.13906425027002675,0.007024764401162953,0.0010243205995678628,0.0023774743105023644,0.0008510597925443786,0.8496581306261957,0.004252854702614606
HAUS3,0.03328703287863237,0.0037162085708861287,0.002008012384265838,0.0016790991829975371,0.0003280198964390191,0.9589816270867791,0.004015131463702394
NOP14,0.03929959875758871,0.005336095668584992,0.002235777124145376,0.0006035392195191738,0.0003534310992485343,0.9521715581309133,0.003192747442913084
LYAR,0.09566778976084535,0.010902374102156248,0.004842821226281255,0.0013398141780148892,-0.0005720124521159942,0.8878192131848183,0.00561062295218015
CYTL1,0.40688003325209554,0.02204458001159404,0.0014606641051400637,0.0002883762548281932,0.0011335089523757391,0.5681928374239664,0.002882549312343996
CLNK,0.011575221829053323,0.0008376223418150551,0.000301651893480066,0.00011286479133052092,-5.482539997521754e-06,0.9871781216843185,0.00040903414481306515
CD38,0.28451608704427395,0.053814637602186965,0.0018753177481358185,0.0021484250006789662,0.0069457662158352584,0.650699766388889,0.010969508964650043
FGFBP2,0.001051285203371223,-3.5106651809566417e-05,0.00142905107690216,0.00016849419807454802,2.4557087318955373e-05,0.9973617190861427,0.0016221023622956634
PROM1,0.19679455964587894,0.008868407150555063,0.0026340515123905728,0.0003343435634504399,0.0010520315861003438,0.7903166065416246,0.0040204266619413564
NCAPG,0.26027636023953726,0.012323674692769349,0.0005980861326644327,0.0003607063461586457,0.0004326038109582764,0.7260085687779121,0.0013913962897813548
ADGRA3,0.05383725052723058,0.007624694194111187,0.0006955471656391529,0.0002506425428363268,0.0007147836014718481,0.9368770819687109,0.0016609733099473278
SEL1L3,0.15602704265005554,0.016577318692697407,0.0025845235974546743,0.0018309559682844478,-0.0010261160490478705,0.8240062751405558,0.0033893635166912517
STIM2,0.13340995723479696,0.03270596113920751,0.005862068048793745,0.0013859175020218273,0.005811559155440321,0.8208245369197397,0.013059544706255893
DTHD1,0.00036921687489557565,6.402598999691073e-07,0.00036600789064364185,3.385305733744168e-05,8.719166914803063e-05,0.9991430902480753,0.00048705261712911417
TLR10,0.14498968155642397,0.020305717854580546,0.0007573119320832267,0.0012767350820005463,-5.1321260985948136e-05,0.8327218748358977,0.001982725753097825
N4BP2,0.052576994426797655,0.008095939847369907,0.005425614637153242,0.0014140492326359527,0.0009303897714360992,0.9315570120846072,0.007770053641225294
RHOH,0.21672096723362327,0.04966383051616974,0.0015652774933282432,0.002978331559617131,0.0001245541152650187,0.7289470390819965,0.004668163168210393
APBB2,0.19092646719749615,0.02435572381731818,0.001373312104153701,0.0008912178972198259,0.0038742944775991828,0.778578984506213,0.00613882447897271
OCIAD2,0.19733759165056391,0.04322970068275589,0.0019839474243265875,0.0008919186827387737,0.00011142150227766434,0.7564454200573372,0.0029872876093430256
DANCR,0.20868505546331176,0.02524601336912577,0.0033960609023366284,0.0006838180083167666,1.1614484732885844e-05,0.7619774377721762,0.004091493395386281
KIT,0.17756414881165336,0.012960851215794295,0.003394779490970473,0.0004472235624797538,0.0004237447103656866,0.8052092522087364,0.004265747763815914
NMU,0.3513881019488059,0.015830316785254206,0.0008201873668811088,0.0012763918884802772,0.001158084751945121,0.6295269172586334,0.003254664007306507
PPAT,0.06156380576352122,0.009644047955417873,0.0006540374496268597,0.0007636981194707182,0.0002366870600116061,0.9271377236519517,0.001654422629109184
PAICS,0.23802021936800594,0.025389937552875275,0.0032732141415111604,0.00103221286050581,-0.0004036095923278249,0.7326880256694297,0.0039018174096891456
ARL9,0.09274213522156437,0.005298012604239066,0.0015505749682430403,0.00022896438057219692,6.66399978933585e-05,0.900113672827488,0.0018461793467085957
HOPX,0.31040759345877317,0.012158682103532714,0.00208685384820001,0.0009073965160242836,0.00028483611691459965,0.6741546379565553,0.003279086481138893
SPINK2,0.6030103053032414,0.017631972255901185,0.0015220877379534814,5.64951706082395e-05,0.00013081071214138262,0.3776483288201543,0.0017093936207031035
IGFBP7,0.20538111936185413,0.018898527142313604,0.009144427511267122,0.001562569598378999,0.0007610782580799724,0.7642522781281061,0.011468075367726094
JCHAIN,0.13563385087091753,0.027560485025756476,0.003760233833024429,0.0005035186214051857,2.6922906687765202e-05,0.8325149887422086,0.00429067536111738
CXCL8,0.1366398184712499,0.06702602636760382,0.05736435497560255,0.008699418650788548,0.03349249334607299,0.6967778881886821,0.09955626697246409
CXCL3,0.010451682609378003,0.0008651356810539957,0.0034348547233280305,0.0015671937190613952,0.0007120915792918816,0.9829690416878867,0.005714140021681307
CXCL2,0.02215828511598455,0.009756447341656167,0.01267252295506096,0.002182817041845718,0.006485863088290973,0.9467440644571616,0.02134120308519765
EPGN,0.07190142930076542,0.00416752641874929,0.0009214976530120267,5.8421994974966474e-05,0.0002463987291776576,0.9227047259033206,0.0012263183771646508
EREG,0.11236537727560593,0.025791668202571907,0.025279049847336893,0.0016913431883708863,0.0063640652573875856,0.8285084962287268,0.033334458293095365
AREG,0.08897963530974234,0.0037848900350361397,0.02820659696065278,0.003991204200382237,0.010992761935418358,0.8640449115587682,0.043190563096453374
SEPTIN11,0.10153663913836129,0.013732453246805151,0.00125471229220607,0.00035457184896432736,0.001728664050505202,0.881392959423158,0.0033379481916755993
MRPL1,0.09630095224688763,0.010854875435334699,0.0017731528070469155,0.002034755205058275,-0.0006027937876252609,0.8896390580932978,0.0032051142244799297
BMP3,0.2480974376470051,0.02553623085840645,0.001508885356295564,0.0006631460342304552,0.004616780420624578,0.7195775196834379,0.006788811811150597
PRKG2,0.1560823861215199,0.005582845484207483,0.0015343589778017697,0.00018332667855835982,0.000835975834428293,0.8357811069034842,0.0025536614907884225
PLAC8,0.19150239667238475,0.011799912326116602,0.014073654086929205,0.005945330599012644,-0.004598404021119218,0.781277110336676,0.01542058066482263
HERC5,0.027717080172344668,0.004002058146295163,0.015392402933977076,0.0004932757291682341,0.004430294969381035,0.9479648880488338,0.020315973632526345
FAM13A,0.05430948653716622,0.001358706634937909,0.003952086716844994,0.001979503157565378,0.00014571999799509183,0.9382544969554905,0.006077309872405463
SNCA,0.7300119999919065,0.07698997140003061,0.0053277457917136894,0.00665167500854158,-0.004245901141763597,0.18526450894957125,0.007733519658491672
MMRN1,0.1809511393684497,0.00580176685462197,0.0005786101913672903,0.00022152983374726376,0.00016798718297603155,0.8122789665688377,0.0009681272080905856
HPGDS,0.1488149351840364,0.0020414473413375434,0.0013470724811344703,0.00022856045500005417,0.00010623161333284115,0.8474617529251587,0.0016818645494673656
TSPAN5,0.3477339817592324,0.04359016839451957,0.0022153231059739986,0.0031158472323292163,0.00018927282049541194,0.6031554066874494,0.005520443158798627
AC114811.2,0.028833179321403248,0.0008115615845394816,0.000898157252195525,0.0007206037260492175,-0.00010624447232989234,0.9688427425881424,0.0015125165059148502
H2AFZ,0.3109490568517077,0.02605094358910559,0.0036560007746589407,0.002544431519932333,-0.0006903983632209898,0.6574899656278164,0.005510033931370284
BANK1,0.470019628200259,0.06362364282428434,0.002277914183904217,0.0018535919693596359,0.00023838980666923693,0.46198683301552357,0.00436989595993309
SLC39A8,0.158167597011964,0.01784323038573532,0.003777911006489887,0.0006264595543576945,0.0021396939358472034,0.8174451081056059,0.006544064496694785
CISD2,0.1988462181991935,0.017280072272977787,0.004395752845919726,0.008378746610353927,-0.0024446780436038207,0.7735438881151588,0.010329821412669832
SLC9B2,0.06998256477145323,0.00513828143008456,0.0013734658590277837,0.00045661804796931493,-3.794826052873346e-05,0.9230870181519939,0.0017921356464683652
CENPE,0.2814211637076891,0.009079939859105546,0.0015411546518004915,0.0010036926065726814,-0.0006782344007488783,0.7076322835755811,0.0018666128576242946
PPA2,0.0971034159816902,0.011107213981199363,0.0053576242563582455,0.003199740782737201,-0.0016322636629183679,0.8848642686609334,0.0069251013761770785
HADH,0.14509267199145987,0.01962199321116112,0.001936304934371108,0.0014761253797725415,-0.0005593566017939311,0.8324322610850293,0.0028530737123497185
LEF1,0.22947841984560452,0.02938128183809624,0.003214281399972374,0.0005164401530537988,0.0035366025774286602,0.7338729741858444,0.007267324130454833
LEF1-AS1,0.11882038812336583,0.004416903809455988,0.0003299736049339336,0.00011775581574012539,-3.339298939687707e-05,0.876348371635901,0.0004143364312771819
CASP6,0.11059436751829839,0.011772327411356781,0.001198648212278275,0.0007152477607182406,0.0007643647420190053,0.8749550443553293,0.0026782607150155208
PLA2G12A,0.16785065950860975,0.011780505288427834,0.0020486928637825363,0.0005677690746096753,0.0007027373033814954,0.8170496359611887,0.003319199241773707
GAR1,0.1183067003674798,0.01135851359581834,0.002538619785983326,0.001104983728647313,-0.0008061361197475581,0.8674973186418188,0.002837467394883081
ELOVL6,0.14519594124304783,0.008450379369032562,0.0017307072601212004,0.0005656521635487854,0.00023923990065918832,0.8438180800635904,0.002535599324329174
TIFA,0.15876610503744118,0.02687693241978162,0.00075086029215643,0.0004868972532180438,0.0015272455125455997,0.8115919594848571,0.0027650030579200735
ZGRF1,0.040510978765240846,0.00546251497701572,0.0015776341580496789,0.00026113819208388456,0.0007392145663911512,0.9514485193412188,0.0025779869165247146
SNHG8,0.24907208971414802,0.03611684697575451,0.004945814450523722,0.01171508031120927,-0.0022273722776420257,0.7003775408260065,0.014433522484090966
MAD2L1,0.3085566581348332,0.023344290471449203,0.002356536905552653,0.0012469543082984091,-0.00035155025661171013,0.6648471104364783,0.003251940957239352
CCNA2,0.271213738120147,0.011961614402876186,0.00167649900318112,0.0009810161088059655,3.017165703794733e-05,0.7141369607079517,0.002687686769025033
SPRY1,0.061529424291562884,0.00827087145925455,0.0015950457731330747,0.0013368647123667282,-0.00021754574388754833,0.9274853395075703,0.0027143647416122546
PLK4,0.09325381174201391,0.004735683998358053,0.0010014392330242733,0.0007523001157663523,-0.00012046474956399489,0.9003772296604013,0.0016332745992266307
PGRMC2,0.10597454880183364,0.0023087682544876142,0.00249778766144175,0.001736113894059671,-0.0008714033374160324,0.8883541847255934,0.0033624982180853885
JADE1,0.039915029823079255,0.005129928071035142,0.0017606657591041491,0.001549553834152416,0.0014133491250143126,0.9502314733876147,0.004723568718270878
NDUFC1,0.09129409042879344,0.009193615427828233,0.018899968876358572,0.011884372904282986,-0.005649835272155915,0.8743777876348927,0.025134506508485643
NAA15,0.03471855948933087,0.005064574391878761,0.0028066291336768176,0.002934932767064753,0.0002444728348611411,0.9542308313831876,0.005986034735602712
MGST2,0.10004045124662597,0.013004536597858399,0.0057476790042413906,0.0041915915215040705,-0.0036209862978425766,0.8806367279276127,0.0063182842279028845
CLGN,0.07559146388077356,0.009306458624384423,0.0015260737504004113,0.00017608794120600735,0.0005931921264332729,0.9128067236768023,0.0022953538180396915
LINC02432,0.10455246354187986,0.02694598063519746,0.015098756090470622,0.0007825893793518279,0.0022397850534849606,0.8503804252996152,0.01812113052330741
INPP4B,0.08228895820223732,0.0019076310042366595,0.0004716108802869101,0.00027940683494800944,0.00036239882875450935,0.9146899942495366,0.001113416543989429
AC107223.1,0.016638196909035063,0.002955952196168555,0.0011460831747416647,0.00020137757716802776,0.0005070676660402715,0.9785513224768464,0.001854528417949964
GYPE,0.2952784834267195,0.016098751619472884,0.003893567119710173,0.0053879902384443845,-0.0023199698469485996,0.6816611774426017,0.006961587511205958
GYPB,0.6989402161304606,0.04578620391873234,0.004559791872315144,0.003268161565333716,-0.0016456423023157862,0.24909126881547394,0.006182311135333074
GYPA,0.7238447113950581,0.036127195726166406,0.002382467417251344,0.004369157953566738,-0.0016803984548608986,0.23495686596281828,0.005071226915957183
HHIP-AS1,0.16098109361403387,0.03106923512592913,0.006600707724627897,1.8609996192742173e-05,0.0066688824497182775,0.7946614710894981,0.013288200170538916
ABCE1,0.06931787397944231,0.016017063255566233,0.0031970816719967404,0.002125629500842857,0.0017311539559090594,0.9076111976362428,0.007053865128748657
PRMT9,0.0087838546035378,-0.0016574481272251043,0.0013529704628459892,0.002116732931375813,0.003374923066478009,0.9860289670629875,0.006844626460699811
RPS3A,0.6505974035715753,0.0740459683752065,0.01393921020744504,0.0008092243678418098,0.005925867290239917,0.2546823261876915,0.020674301865526767
FHDC1,0.2279322547993688,0.00986470732291253,0.0010013954542890668,0.0015959370327352507,-4.337098199816425e-05,0.7596490763726925,0.0025539615050261533
MND1,0.2133321435358527,0.017791520454211257,0.0003805713925635057,0.00040532854831032417,-9.420373970947526e-06,0.7680998564430331,0.0007764795669028823
MAP9,0.03932257995237502,0.009837350339295975,0.001114788843501198,0.00018235325200822994,3.897501228505157e-05,0.9495039526005346,0.0013361171077944795
GUCY1A1,0.203492910096318,0.01108800208236646,0.0015267549260149504,0.00010749544452126614,0.0013106361619751594,0.7824742012888042,0.002944886532511376
GUCY1B1,0.10580779672088192,0.005931166658079287,0.0015080379281806472,5.2695576250996745e-05,0.001366170560742841,0.8853341325558644,0.002926904065174485
TMA16,0.061149576171408364,0.01344856157478632,0.0025310794831194666,0.001856889767002906,0.0016021442242076661,0.9194117487794753,0.005990113474330039
HPF1,0.09180642785934715,0.01030167786030732,0.0018853829796613014,0.0012936296223673566,0.00027544470161684764,0.8944374369767001,0.0034544573036455056
HMGB2,0.42381835322598793,0.0196807229075896,0.0294774188650212,0.009544665886771608,-0.006613247885763507,0.5240920870003931,0.0324088368660293
HPGD,0.018331472450107134,0.0005808422809444394,0.004084486536856655,0.00016866627071353626,0.00024383723454759684,0.9765906952268306,0.004496990042117788
CASP3,0.06610280921193655,0.005098713879305411,0.0014170472975871679,0.0032456392711024684,0.002188709019427873,0.9219470813206405,0.006851395588117509
CENPU,0.31764407066638617,0.026997106106479096,0.009074199588738396,0.0005397406309328168,0.000815482272131296,0.6449294007353322,0.010429422491802509
AC084871.1,0.04060813169778392,-0.004952589504751713,0.017581250152862812,0.0040080482661659506,0.008504061242569881,0.9342510981453691,0.030093359661598644
MIR3945HG,0.027389856112902136,0.0020536335138712086,0.002553760090606323,0.0030086217338600937,0.004142666173000763,0.9608514623757595,0.00970504799746718
CCT5,0.10511417663915726,0.008785503013537713,0.002186804279894372,0.00319051101359899,-0.0003787322233145818,0.8811017372771263,0.00499858307017878
CMBL,0.2475460034120601,0.018698902473910956,0.002649903010590371,0.0013034868904024943,0.0017443138858117546,0.7280573903272243,0.00569770378680462
NPR3,0.4107432881769918,0.01956493463345954,0.00369848223341368,0.0005140481632536775,0.0028557369938463917,0.5626235097990349,0.007068267390513749
TARS,0.0680265817213806,0.0037299334416021207,0.0021152568313064224,0.0045172230158225385,0.0008182138005220774,0.9207927911893663,0.007450693647651038
BRIX1,0.10222708091375418,0.012173066349906045,0.0035826149388133305,0.0016978074192058046,-0.00128023883876896,0.8815996692170895,0.004000183519250175
IL7R,0.10589645811775374,0.013052702371727107,0.0037310793264052067,9.087379724591338e-05,0.0008847650946871288,0.8763441212921809,0.004706718218338249
NADK2,0.06139119322823859,0.005499527184119474,0.0018742975644553822,0.0008211997521225256,0.0002936281845047628,0.9301201540865592,0.0029891255010826706
DAB2,0.015477263047045619,0.00031007583588071527,0.0006771495387135514,0.00010171054210305827,0.0008708187542114457,0.9825629822820456,0.0016496788350280553
CCDC152,0.05346306331476086,0.01665624731280689,0.0026095629434476075,0.0003555197485650141,0.0011836881658886522,0.925731918514531,0.004148770857901274
SELENOP,0.06766848460796082,0.005174761054125274,0.0021643395138777333,0.0003566555494197987,0.0004690974028809525,0.9241666618717355,0.0029900924661784845
GZMK,0.0008554804486546822,0.00012313041376906626,0.0011930733861014483,0.00019336205682925775,0.000406646940739105,0.9972283067539064,0.001793082383669811
GZMA,0.0020643707983928647,0.00020168683404730645,0.002933015923181026,0.00018766991624895573,-9.00743539488315e-05,0.9947033308820786,0.0030306114854811504
PLK2,0.01752059578638681,-0.003933075093379789,0.005919284563112397,0.005424834260066895,0.003413026100350087,0.9716553343834636,0.01475714492352938
DEPDC1B,0.1332949462462088,0.0064737464012157575,0.0008437563176565965,0.0011588501012202712,0.00036665775262417766,0.8578620431810744,0.0023692641715010454
NDUFAF2,0.05841071332719987,0.007506086262244652,0.004547993472691303,0.0013719730178117645,-0.0009070685423359093,0.9290703024623883,0.005012897948167158
KIF2A,0.08123241093468585,0.019667785128796578,0.0025228029704311844,0.0010852872741650699,0.0004015794572334863,0.8950901342346879,0.004009669701829741
CENPK,0.24382583856500495,0.019953381567577033,0.0025385265482757435,0.0012968199881823184,-0.0009598657536484811,0.7333452990846084,0.0028754807828095807
MAST4,0.0686088389322689,0.006758914312985628,0.0007677397875148206,0.0005749917906597707,0.0014106188973459083,0.9218788962792249,0.0027533504755204996
CCNB1,0.2485130405337271,0.011408958659463758,0.0008536956851357136,0.0005283481946218305,-2.521092729435015e-05,0.7387211678543459,0.001356832952463194
CENPH,0.24937341619172154,0.024924964362527835,0.0026075357338132266,0.0016462342172844924,-5.0211692965262955e-05,0.7214980611876182,0.004203558258132456
AK6,0.09868655153637639,0.016262767156938168,0.0020432628625238897,0.002645877299164573,0.0002895653904497336,0.8800719757545472,0.004978705552138196
TAF9,0.09625728968695586,0.009303924161742916,0.004926870992006074,0.002197238944326496,-0.0004989722982797484,0.8878136485132484,0.006625137638052822
F2R,0.11532171579087813,0.007150268070919327,0.0009703976918220419,7.687201788547648e-05,4.867233203359467e-05,0.8764320740964614,0.001095942041741113
CRHBP,0.3898595338845793,0.008514071403458945,0.0029834870822854076,0.00024615582172321515,0.0022906834599461523,0.5961060683480071,0.005520326363954775
DHFR,0.2983496633103705,0.019687746413469265,0.0022134646881049047,0.002320588233415133,-0.0012567322982343643,0.6786852696528746,0.0032773206232856733
RASGRF2,0.00022277404162412685,4.621819382926855e-05,0.00019579354919182894,6.9229238681182e-05,3.0992596689074646e-05,0.9994349923799846,0.0002960153845620856
SSBP2,0.25746037385008413,0.050780013470130114,0.0018912659687769229,0.003681284229732684,0.0053500423848648615,0.6808370200964113,0.010922592583374469
RPS23,0.6897405307785351,0.07337545620352715,0.007285878599223028,0.0026939918906119242,-0.0011620927008462179,0.22806623522894898,0.008817777788988734
POLR3G,0.029664077074382365,0.003944140239272614,0.0004579207088692694,0.0004026457706830869,-2.3710785576828985e-05,0.9655549269923694,0.0008368556939755273
LUCAT1,0.041980653207394955,0.008192632799178971,0.0057851657389006925,0.0010353730482021428,0.0007177146204934148,0.9422884605858298,0.00753825340759625
RFESD,0.47459105375593164,0.023785178282879238,0.0027196611498938594,0.004476655971726917,-0.0017214939244861172,0.49614894476405447,0.0054748231971346595
RHOBTB3,0.2267381703958938,0.017650303165232556,0.0014862309919709271,0.00043545103376957384,0.0008911151415079144,0.7527987292716252,0.0028127971672484153
CAMK4,0.050099477596983806,0.008121330693496999,0.0015600310360447261,0.0002441372979786055,0.00151217049660176,0.9384628528788941,0.0033163388306250915
STARD4-AS1,0.11081622734102903,0.02048907899814087,0.0024590034765595015,0.0002662904199894345,0.0012865301822811703,0.864682869582,0.004011824078830106
NREP,0.17634812366100333,0.029921423546889786,0.0035028291084968632,0.0009547396817196074,0.002835589930130139,0.7864372940717603,0.00729315872034661
CCDC112,0.13773932524986662,0.01951383478864152,0.0021329087215622433,0.0012708849267525635,0.003731990487854303,0.8356110558253227,0.00713578413616911
LMNB1,0.10726140654106604,0.0010313764458582814,0.0014464508806100312,0.0029884333587570783,0.00252927710264976,0.8847430556710588,0.00696416134201687
ISOC1,0.055357428820756636,0.006699791774912832,0.0016367325715303666,0.0018342397862773224,0.0008526572114432723,0.9336191498350795,0.004323629569250961
HINT1,0.3270438280714768,0.04014302500653111,0.008185561283490184,0.002807885781725916,-0.002042021737977906,0.623861721594754,0.008951425327238194
ACSL6,0.2663096832034018,0.010575782337359507,0.008882637751906286,0.0023145542075070913,0.0031725829029282115,0.7087447595968971,0.014369774862341589
P4HA2,0.1676232737796325,0.01839297416903879,0.0020250450221263594,0.00019217142201208293,0.0023392401965186826,0.8094272954106716,0.004556456640657125
C5orf56,0.06922337876463254,0.00521139110503753,0.002987362700054841,0.0010269196522772611,0.0003923988643396853,0.9211585489136581,0.004406681216671787
RAD50,0.04599550211936973,0.006179712178330195,0.0038965790653308283,0.0017245186727649561,0.0004031329998039762,0.9418005549644003,0.006024230737899761
UQCRQ,0.13473923294214138,0.0156448735304045,0.016673864165632185,0.010146794345830878,-0.004169670647664048,0.8269649056636551,0.022650987863799016
VDAC1,0.17420387995854747,0.024112108817281763,0.0035544130801301865,0.003585833941034372,0.00042966684502659946,0.7941140973579797,0.007569913866191158
TIFAB,0.03559843038824327,0.0006275012719161588,0.0005197587220336919,0.0002738485482975256,2.5893898529527615e-06,0.9629778716796564,0.0007961966601841702
KIF20A,0.062658369743892,0.003494282008348365,0.0009051515662348575,0.00095471368614225,-0.00022606226963196863,0.9322135452650145,0.001633802982745139
CDC25C,0.06264823975504544,0.003802438415659609,0.0006125767952503136,0.0003666884420177319,0.0003064270616278675,0.932263629530399,0.001285692298895913
EGR1,0.11917044704274612,0.007592859016989112,0.019859739175060814,0.02658047024060034,-0.004737581348713826,0.8315340658733175,0.04170262806694733
SNHG4,0.04242878801145877,0.006123560277910098,0.001434850501396287,0.0004334518860505676,0.0004278042598446913,0.9491515450633395,0.002296106647291546
MZB1,0.41536529505129727,0.07405912612054,0.0006361992316905041,0.000802824041794048,0.004513826918173203,0.504622728636505,0.005952850191657755
CXXC5,0.18538099332694385,0.052079464976148654,0.002668303521014076,0.0038240973832763814,0.003140475352497313,0.7529066654401197,0.00963287625678777
HBEGF,0.05875072549826343,0.020972107725909177,0.015935234195266615,0.0012268675922909866,0.005921255159243216,0.8971938098290266,0.023083356946800818
HMHB1,0.11139016497390705,0.00999233313609886,0.0014262323398583354,0.000753649034244297,0.0005220144165439394,0.8759156060993475,0.002701895790646572
LARS,0.0800133921709156,0.01544758994877267,0.004020219100821815,0.0018517658990317293,0.002461418977701288,0.8962056139027569,0.008333403977554832
TCERG1,0.053641176153024016,0.004673219106377309,0.004880538769781159,0.0036217339651913177,0.000589527564515413,0.9325938044411108,0.00909180029948789
SLC26A2,0.021629076803692655,0.0014308405196147532,0.0016453114136227645,0.0003561136652810923,0.0011820880904703616,0.9737565695073184,0.0031835131693742184
CSF1R,0.22604960021541015,0.04421486492817589,0.006261760319714926,0.002690100410603913,0.005738376030352765,0.7150452980957424,0.014690236760671604
SPARC,0.07766621798935142,0.003968420132879069,0.0016167773808037772,0.0003666526458488556,-3.7331669630047415e-06,0.9163856650180799,0.001979696859689628
G3BP1,0.07771546131499134,0.012472078192127603,0.004959612900819074,0.004438926053809175,0.0011023001780931935,0.8993116213601596,0.010500839132721443
FAM114A2,0.024121950121431666,0.003442952558929669,0.001053436534716741,0.0016237371031318573,0.002460057504881385,0.9672978661769087,0.005137231142729983
FAXDC2,0.2338837108661481,0.020218731798160666,0.0022918708568274715,0.004050631292464413,-0.000865266050354141,0.7404203212367535,0.005477236098937743
GEMIN5,0.02371537924143531,0.00455408788562155,0.0011485224806972692,0.0007947339649659116,0.0012735026903652191,0.9685137737369147,0.0032167591360284
MRPL22,0.09398776118609582,0.008857622278810942,0.002226385893456445,0.002804972168959502,-0.0007581443908600827,0.8928814028635373,0.004273213671555864
THG1L,0.03567324297981424,0.003928425340099989,0.000962071746562071,0.0007733183412431538,0.0003983711926301148,0.9582645703996504,0.0021337612804353395
EBF1,0.2982204769404666,0.07281340492896277,0.005901703247236489,0.000999570625048407,0.007947462715207576,0.6141173815430782,0.014848736587492473
PTTG1,0.4286549929044967,0.021891251773930143,0.0010113002465040877,0.0011981733305740927,-0.00039188483962054876,0.5476361665841155,0.0018175887374576316
CCNG1,0.05902349253237009,0.008006529789118672,0.0023196622106355508,0.0024097325210915704,0.00017696920461438004,0.9280636137421697,0.004906363936341501
HMMR,0.33433961302024395,0.01293410507446452,0.0013877350787330212,0.0006952660618843032,-0.00010984744626740817,0.6507531282109416,0.001973153694349916
SPDL1,0.06984130993265424,0.006288832538171141,0.0005046517024001884,0.0006982383755856636,0.00015320684041449095,0.9225137606107743,0.001356096918400343
NPM1,0.4052471264449758,0.07518264961610333,0.014167316230111748,0.004930108590044668,-0.0019501234801864165,0.5024229225989509,0.01714730133997
SFXN1,0.0720172491296531,0.012694029989170588,0.001800570399431406,0.0010081707169998927,0.0007753292796350564,0.91170465048511,0.003584070396066355
THOC3,0.07837083457957877,0.00921185091535233,0.0033125718283435746,0.005418654594986749,-0.000905302025109786,0.9045913901068483,0.007825924398220538
NOP16,0.07110970348198042,0.005599395242264077,0.0015518261047461068,0.001819044116640925,-0.0007752935481425693,0.920695324602511,0.0025955766732444624
TSPAN17,0.1531690026916718,0.0013220111419762204,0.0013762291833145923,0.0018160075874272263,0.0011076039819266636,0.8412091454136835,0.004299840752668482
MXD3,0.1550930297127268,0.0011862055505271474,0.0007029814720937166,0.0008805113835069767,0.0005962426408694377,0.841541029240276,0.002179735496470131
DBN1,0.09794283434803601,0.012018976058199696,0.00028194602135062086,0.0009836533640689565,0.0018636202961665599,0.8869089699121782,0.0031292196815861373
AC106795.2,0.11638724234036128,-0.001347591620375177,0.01285009121081504,0.0006825017125893507,-0.0001685565326841193,0.8715963128892936,0.013364036390720271
NHP2,0.1351574668938475,0.01641588168560351,0.003293298712215842,0.0017326614329017664,-0.0013542219486893103,0.8447549132241207,0.003671738196428298
HNRNPAB,0.2649229171626811,0.015955769395924635,0.0060409545828860045,0.0035763129280942385,-0.0002746548682409644,0.7097787007986549,0.009342612642739279
LTC4S,0.07184513318662022,0.0030272866901826234,0.0007636123667878608,0.0006181982648328643,7.429570940331587e-05,0.9236714737821731,0.001456106341024041
MGAT4B,0.08120273924951717,-0.000513035716724744,0.0024288034996243907,0.0020900613828615383,0.0008039440116910657,0.9139874875730306,0.005322808894176995
IRF4,0.26345377725458946,0.0385305128548043,0.0016506393995094903,0.0012561460564682325,0.007166854532751565,0.687942069901877,0.010073639988729288
SERPINB1,0.3318961416344057,0.056564355533433974,0.005293010039077839,0.0018389565564643773,-0.0013960259407999054,0.605803562177418,0.005735940654742311
TUBB2A,0.12256951609426964,0.005176267657306471,0.020221138156733348,0.0013371922734731478,0.012487230205822764,0.8382086556123947,0.03404556063602926
ECI2,0.1514208653779323,0.012595244645712322,0.001648256965780831,0.001681224969325934,-0.0001720825262562231,0.8328264905675048,0.003157399408850542
AL031123.1,0.019503706797762164,0.0007304591575332774,0.0006366022419955798,0.00012075903923681325,3.329321333551266e-05,0.9789751795501367,0.0007906544945679057
RREB1,0.050009687029915845,0.0002862496715569651,0.002171063885492819,0.003592111777651605,0.0025178626576017604,0.941423024977781,0.008281038320746184
RIOK1,0.035078494644131646,0.00459060247569474,0.0007385347203844456,0.0011977906656252604,0.00035183463021280087,0.9580427428639511,0.002288160016222507
TXNDC5,0.0704763677206019,0.008402998428950717,0.00221469678674642,0.0018815752694762294,-0.000752177844218771,0.9177765396384435,0.0033440942120038786
EEF1E1,0.11287427356214494,0.016119337645127685,0.0018817675232537245,0.0025436633507396056,0.00022372458607536339,0.8663572333326587,0.0046491554600686935
PAK1IP1,0.09287794548833778,0.007886687579299764,0.0011778511564004834,0.0006440122009550298,-8.750318954446612e-05,0.8975010067645515,0.001734360167811047
TMEM14C,0.3128577009586357,0.014578120668600592,0.012849475450054215,0.0034027444863659606,-0.00034532240030515915,0.6566572808366486,0.015906897536115017
TMEM14B,0.26179396674160144,0.010471704430998874,0.010309826762610719,0.005720226251850535,-0.0034789714382716386,0.7151832472512101,0.012551081576189616
PHACTR1,0.09167193677404331,0.01347144636746811,0.016566484431791956,0.00298853961517713,0.002384781062738636,0.8729168117487809,0.021939805109707722
MCUR1,0.09414353896667951,0.004858267483863213,0.0032957126231557554,0.0013314404695299181,-0.0004291433335395639,0.8968001837903111,0.00419800975914611
RNF182,0.052421603370648655,0.005258050177981637,0.006472842448274306,0.0004981027896040491,0.003475807379487751,0.9318735938340036,0.010446752617366106
CD83,0.09146707808410154,-0.004935789480600278,0.010888088134568041,0.01750806628180529,0.005702402900835998,0.8793701540792894,0.03409855731720933
GMPR,0.4083065874196473,0.04910795956543246,0.003861722476476648,0.005829695310438532,-0.001999208669392516,0.5348932438973976,0.007692209117522664
DEK,0.27691953559425864,0.011470704937277088,0.010102526607985052,0.005560932676689223,-0.004052710695912121,0.6999990108797021,0.011610748588762154
SOX4,0.34910022270024677,0.04232909668560697,0.0020622530187419663,0.0048682763749120506,0.0060028253752617555,0.5956373258452305,0.012933354768915772
CASC15,0.06540794753706589,0.006595974539787899,0.000620169314751895,0.00021741321251285417,0.0014129554084471307,0.9257455399874344,0.00225053793571188
ACOT13,0.07478884048948789,0.008073158285729118,0.0003713436698527528,0.0005643857559346627,5.2755718204886004e-05,0.9161495160807906,0.0009884851439923015
GMNN,0.2835784541574388,0.020061347173899013,0.001586537151366585,0.0016002567586176353,-0.0004894656912336481,0.6936628704499116,0.002697328218750572
HIST1H1A,0.03262131142000884,0.0011733425777931683,0.00181401287661076,1.6362418869202144e-05,0.00030326552580327987,0.9640717051809148,0.002133640821283242
HIST1H4A,0.08307193547118358,0.0026527535068262,0.000337059373521964,0.001180891099326828,0.0011699893258125676,0.9115873712233289,0.0026879397986613596
HIST1H3B,0.4229445483235857,0.013218871968316004,0.0021663117108252083,0.0008349003690309997,0.003175235120736253,0.5576601325075059,0.006176447200592461
HIST1H2AB,0.12892133927555088,0.004759405283304763,0.0014148752495205252,0.0007622105421279113,0.0013671973249156366,0.8627749723245803,0.003544283116564073
HIST1H2BB,0.1787556689540216,0.007403474490574241,0.0010926544294396212,0.0015307874453205361,0.0003633882234681529,0.8108540264571759,0.0029868300982283102
HIST1H3C,0.19426572244593682,0.007015588471536521,0.0014691792958857197,0.000553088600269841,0.0030585263037879173,0.7936378948825832,0.005080794199943478
HIST1H1C,0.3031355366153287,0.034027623686421316,0.007731685418164047,0.0003722400811377313,-8.977786407649013e-05,0.6548226920630247,0.008014147635225288
HIST1H4C,0.46039449974591157,0.036836511698030316,0.009665102958791527,0.004365890620268931,0.010265175177668562,0.4784728197993291,0.02429616875672902
HIST1H2BC,0.12245851926331455,0.007970425637710249,0.0024446193518920245,0.00111735012493841,0.001670578015278451,0.8643385076068664,0.0052325474921088855
HIST1H2AC,0.16707718279003067,0.02957718612121138,0.003907592820105249,0.0013559172597053804,0.002966571558554121,0.7951155494503932,0.00823008163836475
HIST1H1E,0.23255496240436807,0.00277757639787396,0.011503836683665863,0.0014087850612461428,0.005821741236010175,0.7459330982168357,0.01873436298092218
HIST1H4D,0.17071789768011966,0.0068588563613958264,0.0034851072418996543,0.002781291118574586,0.005969221512280298,0.8101876260857299,0.012235619872754538
HIST1H3D,0.2721658185795039,-0.002011729756832059,0.011400965393138285,0.0005565763287504466,0.012024948740347041,0.7058634207150924,0.023982490462235773
HIST1H2BF,0.16777923360117192,0.009556439623567337,0.002059183120473318,0.0002905196744488192,0.0024579062016332753,0.8178567177787053,0.0048076089965554125
HIST1H4E,0.14326105937244188,0.006726918763037104,0.006463804819912405,0.0009779993959534716,0.005984574853284075,0.8365856427953711,0.013426379069149952
HIST1H2BG,0.08888745422554833,0.017580321179672495,0.0028008921432127187,0.0013919279038341198,0.0030018041223967423,0.8863376004253356,0.007194624169443581
HIST1H2AE,0.11029735599911182,0.010542427220260053,0.0035436752625088858,1.991694528491461e-05,0.0006669035688085523,0.8749297210040258,0.004230495776602353
HIST1H1D,0.30454877115642576,0.014016485506493648,0.005894932243047213,0.00017992460519372644,0.0041169238526413965,0.6712429626361982,0.010191780700882336
HIST1H4F,0.055805668237038086,0.0020890917507462095,0.0005771562212505826,0.0007776313681583449,0.001150663051116635,0.9395997893716901,0.0025054506405255625
HIST1H3F,0.2322712760224721,0.00897728536565598,0.0010190418043916627,0.0011461784355806803,0.002498912825843108,0.7540873055460564,0.004664133065815451
HIST1H2BH,0.20663446672007243,0.006098290271974949,0.0016855738977550883,0.0008887270596381058,0.003986609608610692,0.7807063324419488,0.006560910566003886
HIST1H3G,0.2307579301962477,0.005627205054033052,0.0014488866187137295,0.00041300358408091764,0.0012284533442651069,0.7605245212026595,0.003090343547059754
HIST1H2BI,0.05127733628303485,0.002053288239150644,0.00032300492795297314,0.0003592687969648789,0.00046839912552247565,0.9455187026273741,0.0011506728504403277
HIST1H4H,0.12108607893466652,0.008295924305243146,0.0014045096281109226,0.0022651722779435113,0.0009788163368137648,0.8659694985172222,0.004648498242868199
HIST1H2BJ,0.07262704134425244,0.003865307294632858,0.0006721787527448758,0.0005681179986858353,0.0009224039590598337,0.9213449506506242,0.002162700710490545
HIST1H2AG,0.3366087126253254,0.009487288311463171,0.00451819310410384,0.00017994304092006086,0.004396147872107625,0.6448097150460799,0.009094284017131526
HIST1H4I,0.05888408285259949,0.0031033393136543977,0.0009310682411374782,0.00023749733195831124,0.0006487852373174563,0.9361952270233329,0.0018173508104132458
HIST1H2BK,0.07442593107733796,0.0005075470030595636,0.001990379832760611,0.0005190194636296858,0.0026989984518226012,0.9198581241713896,0.005208397748212898
HIST1H2AH,0.28206133661561594,0.011532938817885308,0.0007433486388572774,0.0004773528135554317,0.0013326195234421578,0.7038524035906439,0.002553320975854867
HIST1H2BL,0.12417874436019086,0.0053633773896984704,0.0012901266019985924,0.00039214876862203596,0.001216960335085726,0.8675586425444043,0.0028992357057063545
HIST1H2AI,0.09562342558315022,0.0009813333924554718,0.003016447893998561,0.00133362061992634,0.0002727229273426224,0.8987724495831267,0.004622791441267524
HIST1H3H,0.1739799314603899,0.007198700150131215,0.0011315381156376259,0.00048377882798680827,0.001976185087456034,0.8152298663583984,0.003591502031080468
HIST1H2AJ,0.1860322651161523,0.0032371261006645113,0.005516987791601369,0.00499300191054422,-0.0014671455465385952,0.8016877646275762,0.009042844155606994
HIST1H2BM,0.12846320731421193,0.005868936365666905,0.0012008975288667068,0.0012883494945041818,0.000898909373832607,0.8622796999229176,0.0033881563972034956
HIST1H2BN,0.07473846505607243,0.007353480260251177,0.0010371244706494503,0.0010930742005160476,0.0016125200271903534,0.9141653359853206,0.0037427186983558514
HIST1H2AK,0.1087043303624752,0.0014815792138031803,0.004522044650243404,0.00045587810739580736,0.006818666383790237,0.8780175012822922,0.011796589141429448
HIST1H2AL,0.27075961186891184,0.00562856627960584,0.0039391451149560774,0.0002711017598213683,0.004659777739046467,0.7147417972376584,0.008870024613823912
HIST1H1B,0.4584962229109456,0.012327361054401076,0.0035704119206742546,0.000863577001544269,0.0026409707244615666,0.5221014563879732,0.00707495964668009
HIST1H3I,0.08960988786288517,0.0027444763391461235,0.001015747215680804,0.0002015705446611199,0.0012921833394342608,0.9051361346981925,0.0025095010997761846
HIST1H3J,0.10173649422444579,0.004432555891576179,0.0005265853407562804,0.00044016766212709446,0.0004978374964067778,0.8923663593846879,0.0014645904992901526
HIST1H2AM,0.06819099602800217,0.0008578988032300894,0.002483407482629471,0.002564888304082358,0.0022202222571236913,0.9236825871249322,0.00726851804383552
HIST1H2BO,0.09519076856452155,0.003599988265158255,0.0008793731296259516,0.0007069059352888263,0.0017896049777601647,0.8978333591276453,0.0033758840426749426
HLA-F-AS1,0.014927209453179173,0.005445177805221026,0.005890898982871456,8.148885096724567e-05,0.0036219086819831887,0.9700333162257779,0.00959429651582189
TRIM10,0.32821545064447755,0.02095455065790719,0.001817429714765395,0.005076016926032323,-0.00027354447342259336,0.6442100965302402,0.006619902167375125
MRPS18B,0.0495200714845008,0.007555219223979885,0.0009843122060011686,0.0015833076394912854,0.0026716366864350527,0.9376854527595918,0.005239256531927507
TUBB,0.49424889746382694,0.023669553287489098,0.0003747610672953927,0.0011044449574985071,0.0017339279130703655,0.4788684153108197,0.0032131339378642654
IER3,0.09597346690108788,0.00657986990085567,0.005581519988585193,0.009199279695076445,0.004444043406828108,0.8782218201075667,0.019224843090489746
TNF,0.01389836603760537,-0.0010687310853073218,0.0024604380659266276,0.006177544692438915,0.0021664064945670324,0.9763659757947694,0.010804389252932575
LTB,0.6496001463355268,0.06936177299081847,0.000462687364343628,0.00041907678874852916,0.0012324557208710507,0.27892386079969156,0.002114219873963208
LST1,0.5921562115777135,0.1484270782674667,0.00592665741629772,0.005264456169591147,-0.0019430269146756274,0.2501686234836066,0.00924808667121324
DDAH2,0.13628000628467382,0.013834321672534206,0.0027933872194899068,0.0015387318048103726,0.0003917929533509834,0.8451617600651407,0.004723911977651263
LSM2,0.13506084479409966,0.02263738724469508,0.0015820415384127096,0.002609767139130831,-0.00011934641833258319,0.8382293057019943,0.004072462259210957
HSPA1A,0.11050912746665278,-0.010002711576461737,0.0123795523912624,0.014125261889750329,0.01895027773175542,0.8540384920970407,0.04545509201276815
HSPA1B,0.015282289961485302,-0.0043364709642066835,0.01004351825765596,0.008549380317692312,0.009606123570589764,0.9608551588567833,0.028199022145938037
TNXB,0.09201488009758023,0.002618499825129794,0.0001485031515974372,0.00076388446977603,0.0005655922361293281,0.9038886402197872,0.0014779798575027953
PPT2,0.1281615542031139,0.008109163621556725,0.0008705963904693248,0.0005607701393100795,0.0008721465054631894,0.8614257691400868,0.0023035130352425937
RNF5,0.09912720197410312,0.003619399906719778,0.0025767628573606233,0.005101144905659022,-0.0009750682387137388,0.8905505585948712,0.006702839524305906
HLA-DQA1,0.40173730934709007,0.03586486718921905,0.004224855587138476,0.0017903400240479317,0.00017245998007703323,0.5562101678724274,0.006187655591263441
HLA-DOB,0.20472702277122726,0.0306136806797202,0.0017844267580457707,0.002374534142529916,0.0016743735694848272,0.758825962078992,0.005833334470060514
HSD17B8,0.0670304584670769,0.009048269574053719,0.00257433882474635,2.9757333063235025e-05,0.0011844297815211957,0.9201327460195385,0.0037885259393307807
RPS18,0.6936356601150337,0.0722709850278278,0.005627270023444986,0.0015495443275295173,0.00036410342906145754,0.2265524370771025,0.007540917780035961
KIFC1,0.19548134178902363,0.007555568017690223,0.0018460865587963948,0.0015263612685566252,0.002678737312652474,0.7909119050532807,0.006051185140005494
CUTA,0.10887948972159726,0.012876216544939173,0.0011415831036733215,0.0011958990400045555,-0.00020552992314255836,0.8761123415129283,0.0021319522205353186
UQCC2,0.13805563399373044,0.012741592221025333,0.005813584234798025,0.0029950347395957255,-0.0010039722565087783,0.8413981270673593,0.007804646717884972
HMGA1,0.3021904013134695,0.0316863281391534,0.0036911680914308853,0.0034936038650201784,-0.00033337318038972885,0.6592718717713157,0.006851398776061335
RPS10,0.27541753184608175,0.0636161417221322,0.041988122737113553,0.017433033784571172,0.027934232827178385,0.573610937082923,0.08735538934886311
PACSIN1,0.0015477459997780088,-5.707187057121029e-05,0.0003831186645071043,5.438803491528816e-05,6.147680059832416e-06,0.998065671491311,0.00044365437948222486
SNRPC,0.09871232273624195,0.01485779257978806,0.008007879308270141,0.0023517833407587924,-0.0011995380109191822,0.8772697600458602,0.009160124638109751
RPL10A,0.5432218134520603,0.05617264603338212,0.0036754372099593313,0.0009866098671378332,0.0018277357982324771,0.3941157576392279,0.006489782875329642
SRPK1,0.1012032034205246,0.011657368101512994,0.0014720657694723277,0.0006890318787843575,0.0003228472814369582,0.8846554835482687,0.0024839449296936433
CDKN1A,0.0446947537712146,0.020638191355810583,0.02021279730823765,0.0044290643500414645,-0.0007545885621570159,0.9107797817768527,0.023887273096122097
PPIL1,0.07370142119648826,0.007889641835443648,0.001458036680639388,0.0008499495127851225,1.2141911837820762e-05,0.9160888088628057,0.0023201281052623313
PIM1,0.17707467341909128,0.01748814593676662,0.009029285496253203,0.006104006784457272,-0.0006727524338589752,0.7909766407972906,0.0144605398468515
CCDC167,0.13256937743740163,0.007288019603574891,0.0003797593006865385,0.0011025843313877681,0.000136140921661837,0.8585241184052873,0.0016184845537361436
TSPO2,0.5482543039057143,0.044831295606627686,0.0025451383099479585,0.0026963279858090994,-0.00026745647584192067,0.4019403906677429,0.004974009819915137
CCND3,0.09848111448815174,-0.0017186282321270813,0.005060017331370001,0.00691562184973725,0.002080725882683085,0.889181148680185,0.014056365063790335
MRPS10,0.04814035069703481,0.007461417260380458,0.0009089937138308871,0.001695814902232133,0.0014380763842813046,0.9403553470422404,0.004042885000344325
PTCRA,0.0029880528938468274,0.00020771953532644927,0.0001200557460265205,2.510584316353778e-05,9.785013741250804e-05,0.9965612158442242,0.00024301172660256632
MRPL2,0.07764405198629165,0.005511427121073609,0.0007476931326303865,0.001045217583383412,0.0020569623637442386,0.9129946478128768,0.003849873079758037
DNPH1,0.15426224190003432,0.008263313593827065,0.0018956788784793288,0.0010080419642889138,-0.0007348822018405643,0.835305605865211,0.0021688386409276783
AL109615.2,0.008136943387074,0.0012719844574052407,0.0013055364938857512,0.0005029274281362368,0.001557921425598123,0.9872246868079007,0.003366385347620111
SLC29A1,0.15828426554469238,0.004643082679941901,0.001580563979050792,0.0010104347872809116,0.00025521798568090004,0.8342264350233531,0.0028462167520126036
HSP90AB1,0.2958894379799688,0.04436371469609368,0.008933336169343165,0.0036183045646096534,-0.0008688557389553986,0.6480640623289401,0.01168278499499742
RUNX2,0.05030245145424491,0.0015697261986088798,0.00027396402142911697,0.00021960610965769678,0.00012814166535758675,0.9475061105507018,0.0006217117964444005
AL096865.1,0.029548000168538948,0.0009753134094361536,0.00035732923430641453,0.00013025741084844375,-1.8318899465186167e-05,0.9690074186763352,0.0004692677456896721
RHAG,0.6514093836271495,0.025512605725308224,0.0028974346781607263,0.004291735786250861,-0.002073184427762831,0.3179620246108935,0.005115986036648756
MCM3,0.21559151167840324,0.03257401648596275,0.0006785698650935146,0.001140914190881137,0.0028118733908470417,0.7472031143888123,0.004631357446821693
TMEM14A,0.1425909633054635,0.01553797372491772,0.0010172778060655308,0.0002757695122146131,0.000137524978160386,0.8404404906731783,0.0014305722964405299
GCLC,0.17789840766218928,0.002097847573469258,0.003863021976328429,0.0028517712148213026,-0.0006761090434073136,0.813965060616599,0.006038684147742418
BAG2,0.06379400118074788,0.00778468007960241,0.0006687563483864373,0.0006372986593390917,-0.0003580140863962966,0.9274732778183205,0.0009480409213292323
COL19A1,0.14586873743933104,0.020196386359993823,0.0021040936406757638,0.0013598608735675977,-5.204555563695368e-05,0.8305229672420688,0.0034119089586064077
CD109,0.09294600836036383,0.005510976238803658,0.002032397442363554,0.0002688298217909807,0.0002786849669828978,0.8989631031696951,0.0025799122311374323
LCA5,0.07661614809753807,0.007494992386265817,0.001384119134051634,5.4619087881443984e-05,0.0009497516551616597,0.9135003696391014,0.0023884898770947377
TTK,0.12076511585072525,0.006853156867448723,0.0011624200193131318,0.00017857801244297589,0.0003996317255316184,0.8706410975245383,0.001740629757287726
SNHG5,0.20858206054727896,-0.011844648573448163,0.04969549964289349,0.01942142803166641,0.06397056714950869,0.6701750932021007,0.1330874948240686
PM20D2,0.08403029539773349,0.01130690898449857,0.002215204573165472,0.0011338328203433223,-0.0001723081160992651,0.9014860663403584,0.003176729277409529
MDN1,0.05023769516569249,0.0064665347127250555,0.0012957462813087753,0.0004788442103712612,0.00045782232518394583,0.9410633573047185,0.0022324128168639823
CASP8AP2,0.05244204450054274,0.005965753717478511,0.004025556706639892,0.001387723973118482,0.00024619977264477705,0.9359327213295756,0.005659480452403151
BACH2,0.34236958195419065,0.08144638074913829,0.0017182202443022931,0.00258118008841024,0.006890908192864309,0.5649937287710942,0.011190308525576842
NDUFAF4,0.052122712331581146,0.00939212087570003,0.002381589308909589,0.0014886136446967818,-0.0007287205625213233,0.9353436844016337,0.0031414823910850473
MMS22L,0.06702277436203904,0.00894798988135001,0.0018973297581562493,0.0011677887377280205,0.0008443166620649978,0.9201198005986617,0.0039094351579492675
PRDM1,0.003333888328206103,0.00204670614965012,0.0026113336585974443,0.0002185005871215076,4.809839087926461e-06,0.9917847614373368,0.0028346440848068784
QRSL1,0.1874245737262649,0.04191148832055658,0.00119696013680623,0.002854681601450998,0.001135859825279778,0.7654764363896416,0.005187501563537006
CD24,0.4971477172700597,0.09291247510553291,0.0007451427824656243,0.0016073648768816229,0.005343398013169964,0.4022439019518902,0.0076959056725172115
CEP57L1,0.0963046775228817,0.007085752572574752,0.0011917411252950066,0.0013230751016102132,0.00045259387185772604,0.8936421598057807,0.002967410098762946
WASF1,0.22603655439726802,0.04344760473570694,0.004536791510413307,0.0006843784601776592,0.009071868223556379,0.7162228026728776,0.014293038194147345
SLC22A16,0.2759208917517827,0.012323890585844599,0.0020825111301238652,0.003348847217967077,-0.001181681725948791,0.7075055410402306,0.004249676622142151
GTF3C6,0.08431312159062358,0.012820649157327321,0.008993586522427932,0.0018292082579303426,-0.0006216159920653247,0.8926650504637561,0.01020117878829295
RPF2,0.07094270560675149,0.006513304930502506,0.0025976207589316486,0.0006822665077760304,-6.804515940758704e-05,0.9193321473554459,0.003211842107300092
MARCKS,0.16039565974522058,0.030314234536979096,0.01427068183872321,0.0040244254833363136,0.015324970128509391,0.7756700282672314,0.033620077450568914
HDAC2,0.09483484009210559,0.009534919306576989,0.003845706809338656,0.004419080477523374,-0.000398538198150708,0.8877639915126061,0.007866249088711322
ASF1A,0.0944654199368392,0.005706414444680716,0.002387934890354923,0.0046436392367150275,0.0007796395148917112,0.8920169519765184,0.007811213641961662
CENPW,0.29273899444083934,0.01289396580672103,0.0016794034561838922,0.0016472475471924763,-0.0008080372810779224,0.6918484260301412,0.002518613722298446
SAMD3,0.001442620485997856,-0.00013580416274918197,0.0007683362371418269,0.00021131894289138156,9.826034747682246e-05,0.9976152681492413,0.001077915527510031
ARG1,0.11838137640145782,0.013864615297508903,0.0012572486991195841,0.0014444754644420688,-5.535347088991838e-05,0.8651076376083615,0.0026463706926717345
LINC01013,0.12412652412309763,0.013599503781783512,0.0016238514229451884,0.0012154334729360394,-0.0002718938187643849,0.859706581018002,0.002567391077116843
VNN1,0.03821541694031564,-0.002389277164113794,0.0033569768173012035,0.0029804870539729134,0.0034238931309657494,0.9544125032215582,0.009761357002239866
VNN3,0.04389901225322028,0.0013893510840309806,0.002157115905560357,0.003121936882505824,3.987028777989454e-05,0.9493927135869027,0.005318923075846076
SGK1,0.14323854926847723,0.019386701954784424,0.007579801690814986,0.007415266995872055,0.0023837532117539917,0.8199959268782973,0.017378821898441033
HBS1L,0.05929977323040005,0.00796389818815623,0.0031738147638662034,0.0022904240300534034,0.0004301434732446735,0.9268419463142794,0.00589438226716428
MYB,0.27991303224712805,0.05140564151872096,0.002267808078818101,0.0011160809915271575,0.004065126332522817,0.661232310831283,0.0074490154028680755
MAP7,0.22827961030322402,0.014948426569721673,0.0014942848388456997,0.0004855304104507685,0.0006043560325842412,0.7541877918451736,0.0025841712818807094
TNFAIP3,0.13868708421555045,0.05209220570889364,0.05068854147642529,0.01489437745643446,0.026392762294975697,0.7172450288477205,0.09197568122783545
ADGRG6,0.20050345358292332,0.00523313694695271,0.0024331769078498044,0.0002816750386005762,0.002803819858280293,0.7887447376653933,0.005518671804730674
AIG1,0.07724303641143199,0.0043761114775978105,0.002994238464535545,0.0008494047793790871,-0.0002086275234497864,0.9147458363905053,0.003635015720464846
LTV1,0.03827005538494436,0.005808538809888415,0.003696728850870662,0.0024450788218384617,-0.00112332397865713,0.9509029221111153,0.005018483694051994
SASH1,0.018904395892196592,0.005323856458966703,0.0018953784892838839,0.00023754275464604735,0.004185320189802569,0.9694535062151042,0.0063182414337325
LRP11,0.042838379772231226,0.0018630737520953025,9.903622333348044e-05,0.0003171723821232958,0.00034771007810423943,0.9545346277921125,0.0007639186835610157
AKAP12,0.3002290351568172,0.021096023625953197,0.0006112887663620725,0.0003748361649827392,0.00043611396615045317,0.6772527023197343,0.0014222388974952649
MYCT1,0.19923033810750715,0.00827350023970963,0.0029137171076487334,0.0008702905006162387,0.003178959636955858,0.7855331944075624,0.00696296724522083
FBXO5,0.20875684118900728,0.00720487885192117,0.0010238650540791427,0.0009014886452262394,-0.00023650970295235885,0.7823494359627186,0.0016888439963530233
CNKSR3,0.06850746902998993,0.005422399812384904,0.0010056042211034066,0.0001314023863867031,0.0008568649369084524,0.9240762596132266,0.001993871544398562
ZDHHC14,0.026509982843573227,0.0016874632510909295,0.0036279442862475926,0.0001054491845921754,0.00018745792453202237,0.9678817025099641,0.00392085139537179
TCP1,0.12018163321693151,0.011371867775410105,0.004220135323525748,0.004916887816820453,-0.00026437634129927723,0.8595738522086115,0.008872646799046924
PRKAR1B,0.08437669910648549,0.006904453293194224,0.0007736583937802549,0.0004386167882696329,0.0007485869445008342,0.9067579854737695,0.001960862126550722
PSMG3,0.0653858420056418,0.004174324212727815,0.0017005385487969676,0.0011591762632614522,7.419373308838184e-05,0.9275059252364836,0.0029339085451468017
NUDT1,0.18792998988791315,0.008678015765041541,0.0041961710186637635,0.0002442230617958896,9.526464261708223e-05,0.7988563356239686,0.004535658723076735
EIF3B,0.04905550296064504,-0.00045174765953547025,0.005243462444277681,0.005311025176361318,0.0019095037902973483,0.938932253287954,0.012463991410936348
FSCN1,0.10053250430113728,0.0033651079912515314,0.0009223691851508176,0.0009721835850314137,0.0010044088126268391,0.8932034261248021,0.0028989615828090703
EIF2AK1,0.26905487963400965,0.021047738033405372,0.003692459536920767,0.004411585487327785,0.00012662712115762975,0.7016667101871787,0.008230672145406182
RPA3,0.257818321471788,0.029669490861960857,0.004505540744822234,0.0039008186580237747,-0.0004151076855724578,0.7045209359489776,0.007991251717273551
ICA1,0.11333399105934149,0.007442056082926418,0.0017914079933739335,0.00025778154476065185,0.0009425416685735349,0.876232221651024,0.0029917312067081203
ARL4A,0.19505249322430065,0.01813340152906237,0.006440640882149434,0.003049265075363683,0.0015603920929028736,0.775763807196221,0.011050298050415991
BZW2,0.13639051354937873,0.014057463033740586,0.0021378661069215155,0.0019053919178971535,-0.00017239664323456805,0.8456811620352966,0.003870861381584101
TSPAN13,0.16393492327789908,0.0492950161708251,0.002683116387342366,0.004519608714831036,0.0015504674635317683,0.7780168679855707,0.00875319256570517
RAPGEF5,0.1199799969448539,0.016650435213585807,0.00042675396435196133,0.0007501564080001077,0.0018274475039561922,0.860365209965252,0.0030043578763082612
CYCS,0.08769191888064563,0.003061912176119383,0.005710119858442997,0.007989220523804824,-0.0017904932214338892,0.8973373217824211,0.011908847160813932
AC004540.2,0.09286521969026218,0.003938428787005996,0.0006090147495714376,0.00040331428087381216,0.000564344044150733,0.9016196784481358,0.0015766730745959828
HOXA5,0.02744141858481927,0.0003758171352172719,0.001971103221115683,0.0008130442551350613,0.0011229625923357411,0.968275654211377,0.0039071100685864855
HOXA7,0.14681815276396568,0.006541648162846192,0.0006742515672063243,0.00012312767890168552,0.0002783055808535384,0.8455645142462266,0.0010756848269615482
HOXA9,0.1664436178630375,0.010714180330746337,0.001745640945345267,0.0005877802536926602,0.0010526378650344281,0.8194561427421438,0.0033860590640723554
HOXA10-AS,0.09612359610489873,0.0055287168803623415,0.0007936767285794954,0.0003044124367508616,0.00021230330917364204,0.897037294540235,0.001310392474503999
HOXA10,0.194243130214409,0.01411650345806581,0.0005864082920623293,0.0005809805925861278,0.0009449794867553429,0.7895279979561214,0.0021123683714038
MTURN,0.11433540645947735,0.0045050486903785575,0.0030004883779599506,0.001276235315635199,-4.791262001947738e-05,0.8769307337765684,0.004228811073575672
GGCT,0.1391642868466675,0.017561160228357603,0.0021522351906566595,0.0013026168931243587,-0.0006985950375492378,0.8405182958787432,0.0027562570462317804
GARS,0.06526916169020491,0.0015459749666879574,0.0008020427270604286,0.0022817134068772033,0.0017588315739150984,0.9283422756352544,0.00484258770785273
AQP1,0.3749962105937722,0.009906791977655593,0.0014580313359390806,0.0030785030085240805,-0.0005554385468244383,0.6111159016309335,0.003981095797638723
LSM5,0.16244482211893063,0.026707180448777262,0.005775530124683903,0.003811011298197331,-0.001041793695169213,0.8023032497045801,0.008544747727712021
ANLN,0.143498832328454,0.006012966274921705,0.0011563876969452047,0.0006682793285601174,0.0001414868059676777,0.8485220475651513,0.001966153831473
EPDR1,0.1346883477180611,0.012806393609188893,0.000902092764818313,0.0007466537659235051,0.0011640218767543786,0.8496924902652538,0.0028127684074961967
MRPS24,0.10938702468624233,0.012973904826419191,0.0056118944123663,0.0018650532554251031,-0.0006568252948830899,0.8708189481144302,0.006820122372908313
AEBP1,0.2299433940890868,0.04635065580352796,0.0011676336774008589,0.0016653793216409585,0.008697281471110152,0.7121756556372333,0.01153029447015197
POLD2,0.11663013082108596,0.016344578425865133,0.004218918087879636,0.0013015166881905627,0.0009829118332830289,0.8605219441436956,0.006503346609353228
PPIA,0.32955568530398127,0.04706071411138896,0.023298692919071162,0.010956463553017104,-0.010645667579192553,0.5997741116917341,0.023609488892895714
MRPS17,0.11565281722664074,0.011598214586217473,0.0018725090474530082,0.001408236766167692,-5.936165860478959e-05,0.8695275840321259,0.0032213841550159106
CCT6A,0.1444455156353325,0.015476680976981072,0.0046676777858145335,0.0033094904588214236,-3.1648597123346e-05,0.8321322837401738,0.007945519647512611
ZNF273,0.06058008723946717,0.008213722598144707,0.001077854094586675,0.0013926315352963403,0.0003032926979686795,0.9284324118345364,0.0027737783278516948
AC073349.1,0.11855917689359079,0.002887688081711956,0.001120864050991946,0.000524453851000431,-0.00013153181781673517,0.8770393489405216,0.0015137860841756418
AC073210.3,0.2058375652916911,0.005836979828897915,0.0003477326140114978,0.00043324555089413463,-6.859194641986588e-05,0.7876130686609253,0.0007123862184857666
RFC2,0.07140322335952051,0.00689322205941699,0.0005828494015177321,0.0010644483997983983,0.0005345411897681035,0.9195217155899783,0.002181838991084234
HSPB1,0.22781747478323533,0.01964586539087318,0.005828275568174557,0.00311099747365029,-0.0018874695291363486,0.745484856313203,0.007051803512688498
MAGI2-AS3,0.11610551600739862,0.004238782698593818,0.0010078122808648282,2.061531139380124e-06,0.00045572056989320875,0.8781901069121102,0.001465594381897417
GNAI1,0.12386441574411376,0.007003246342946176,0.0009212825645615319,0.0004975702759678902,0.0002360314200883229,0.8674774536523223,0.001654884260617745
CD36,0.3229156572459407,0.04041362366036805,0.0024855438549148956,0.008837534312406303,0.0034940919656027414,0.6218535489607673,0.01481717013292394
HGF,0.04634699212212223,0.005052081274030763,0.002896379708280418,0.0015044498332930367,0.0006424535964291225,0.9435576434658445,0.005043283138002577
DBF4,0.13389191894151425,0.008110801794022404,0.0022641692427370907,0.0014109990310978426,-0.0006235941981942716,0.8549457051888227,0.0030515740756406617
SRI,0.15747998541142605,0.00902903296606472,0.005421483779878944,0.002755760994960582,-0.0017205241051485298,0.8270342609528183,0.006456720669690996
STEAP4,0.05963452999428518,0.0038442483737773023,0.004710214002892857,0.0016954503001593568,0.00496872563319839,0.9251468316956869,0.011374389936250603
CDK6,0.37151208798393887,0.05620713583959819,0.004106258849039868,0.0006850011530034061,0.0030055536982953046,0.5644839624761244,0.0077968137003385785
AC000065.1,0.012100170242931182,0.0013978881173143803,0.0002780145867352108,0.000126634001084246,-1.5105393518162133e-05,0.9861123984454532,0.0003895431943012947
AC002454.1,0.20384115336607542,0.012028668424604705,0.000835922983157017,0.00032476755373259114,0.0003921240726934838,0.7825773635997368,0.001552814609583092
GNG11,0.07971476288128317,0.013148209621755447,0.006376719181017551,0.001595212803800608,0.001155655684235285,0.8980094398279079,0.009127587669053444
PEG10,0.056451953310572164,0.012299246525916255,0.0011903717539441805,0.0006795178417912245,0.00031071004494882815,0.9290682005228273,0.002180599640684233
PDK4,0.02906908042839565,0.027924522707071915,0.04984335142842622,0.001431163165674404,0.025738497302479735,0.8659933849679521,0.07701301189658036
SDHAF3,0.05485518834745715,0.013821465012052205,0.003561098024953996,0.0016330844917930576,0.0021694990244291446,0.9239596650993145,0.007363681541176198
PDAP1,0.10018127464016446,0.007181948979432584,0.0031844324986768646,0.003132540597996794,0.00015601163513422056,0.886163791648595,0.006472984731807879
MCM7,0.2946823974373036,0.02407093082833739,0.0008354142713777324,0.0018156110362418931,0.0005964635775644322,0.6779991828491749,0.0032474888851840578
STAG3,0.05112944843772494,0.006824100182755803,0.0016371386126362159,0.0005052785240365482,-7.471168341926376e-05,0.9399787459262657,0.0020677054532535002
AGFG2,0.07894873804696154,0.004784847831568295,0.00089807952448967,0.0007387391591751891,0.00026143231765024533,0.914368163120155,0.0018982510013151044
TFR2,0.28986556365553556,0.011119605010351086,0.0011772283739970857,0.0014937107490236579,0.0008912058485643914,0.6954526863625282,0.003562144971585135
POP7,0.0724713649949353,0.0017751765346416953,0.0016743616840922126,0.0006199401273921795,-0.0002404482694669252,0.9236996049284055,0.002053853542017467
EPHB4,0.05353743447744447,0.003871807398362563,0.0012561617031104852,0.00031246137098098203,0.00044654375161068405,0.9405755912984908,0.0020151668257021513
TRIP6,0.06845751406552196,0.004997578477406908,0.0010116870372193082,0.0007314569077016414,-0.0001976311546770665,0.9249993946668272,0.001545512790243883
ACHE,0.1715879541971549,0.005856973634614987,0.0011190339040267616,0.0030792919264721608,0.00026542392480946586,0.8180913224129217,0.004463749755308388
ARMC10,0.03809787527702837,0.0029348159723347825,0.0012997316425704883,0.0020115666306218596,0.003006135839455984,0.9526498746379886,0.006317434112648332
DNAJC2,0.05274865476793881,0.007069276208431487,0.0038433160429162186,0.0007328959693198023,-0.0004529056132713469,0.936058762624665,0.004123306398964674
PUS7,0.06070678252800267,0.0063966308061960825,0.001114411591659148,0.00012117212101107888,0.00023771462353666672,0.9314232883295943,0.0014732983362068935
CDHR3,0.21553628453761875,0.01967229449633276,0.0013497228638168213,0.0015173915958603401,0.0021178972996137857,0.7598064092067576,0.004985011759290947
PRKAR2B,0.36401236716058977,0.01094695692478076,0.001821402619375856,0.0007575448284277697,-0.0005934013718538189,0.6230551298386797,0.0019855460759498067
CBLL1,0.03009248989993227,0.006533128011586394,0.0037576879320005627,0.0014286833322316658,-0.0001324074075792006,0.9583204182318283,0.005053963856653028
DLD,0.03701680444234964,0.0019243158799532659,0.0021306945444185404,0.00264203090179628,0.00023579344184265771,0.9560503607896396,0.005008518888057478
UBE2H,0.19368433320003547,0.036441992808924434,0.003484657350734194,0.005504013080635445,0.0009296492119972022,0.7599553543476733,0.00991831964336684
MEST,0.15219099010182582,0.013940880879693834,0.001823264943171865,0.0009007247767411353,0.0005958191967641302,0.8305483201018032,0.0033198089166771305
AUXG01000058.1,0.022943127403970705,0.0019320932681146027,0.0006181653790681176,1.9341864676201276e-05,0.0001189683736645547,0.9743683037105059,0.0007564756174088735
CHCHD3,0.07746519561316777,0.003834722148690392,0.0038588717142867407,0.0029336403695056634,-0.0009314684220921299,0.9128390385764416,0.005861043661700274
AKR1B1,0.06691271625113904,0.005849520710291142,0.0015914560630528457,0.0007515206255588464,5.0916683509746874e-05,0.9248438696664484,0.002393893372121439
BPGM,0.6369863747140194,0.08159638671181302,0.0014670207855015382,0.0026205088779315266,-0.0008067785852836629,0.27813648749601816,0.003280751078149402
TRIM24,0.06436354616360214,0.005400788532437917,0.0014603696752567563,0.0013809045510938117,0.002290103629781312,0.925104287447828,0.00513137785613188
MKRN1,0.26354250875440666,0.029020383994154575,0.009161195493543606,0.008841167181443732,-0.0020568693362646995,0.6914916139127161,0.01594549333872264
MRPS33,0.07825310663301338,0.013432617891601537,0.0022577704692941375,0.001589754130387283,0.0006252826952116847,0.9038414681804919,0.004472807294893105
SSBP1,0.11983712111288351,0.021827960654771675,0.00871246930202857,0.004717578409963313,-0.0026546539267120195,0.847559524447065,0.010775393785279863
TRBV28,0.003713957177458372,0.00032866838329594344,0.0007536125435013453,9.61721732990646e-05,0.0002140487630557424,0.9948935409593895,0.0010638334798561523
TRBC1,0.0016877239699473762,-0.0001305799635145722,0.001534351859300526,0.0011441591246228256,0.0009968891352300957,0.9947674558744137,0.003675400119153447
TRBC2,0.18026263087114666,0.03322061299721191,0.0018944755362010068,0.003362092770943126,0.00024455411127763393,0.7810156337132197,0.005501122418421767
KEL,0.27414819977017735,0.010843293144864707,0.0005325128558958947,0.0012840772047816307,0.00019746876351306453,0.7129944482607673,0.00201405882419059
TCAF1,0.03819970259850194,0.0064462771428799165,0.0016800357586692141,0.0007327976377332138,0.0008009186581217839,0.9521402682040939,0.003213752054524212
CNTNAP2,0.08294249935144674,0.008098152735748945,0.0016831565682700333,0.0005454774154116659,0.001678107343773147,0.9050526065853495,0.003906741327454846
EZH2,0.2197567075446693,0.015905728707979044,0.0010503448637844692,0.001133955442450152,0.0003952700271728504,0.7617579934139442,0.0025795703334074715
TMEM176B,0.1531228258267343,0.03645358926534306,0.09138563279549555,0.0013309803485474503,0.02292363194598032,0.6947833398178993,0.11564024509002332
TMEM176A,0.08069184792100535,0.015772021341037487,0.05348319109325106,0.0005335419919551831,0.011803883948293542,0.8377155137044574,0.06582061703349978
KCNH2,0.5011987571319559,0.019018821014438858,0.002443305931579376,0.0007270935743365348,0.0018914549078878906,0.4747205674398014,0.005061854413803801
XRCC2,0.10553466998715476,0.013284017145141117,0.001084493889723273,0.0001161266781036785,0.0005947390368028355,0.8793859532630743,0.001795359604629787
NCAPG2,0.1285365820386381,0.0055683258896378485,0.0012007506856682448,0.0012086916064764641,-0.00017278827247424466,0.8636584380520536,0.0022366540196704643
VIPR2,0.009435837118665838,0.0016112320941802476,0.000375349220281089,0.00010627598242738713,0.0010977844886570411,0.9873735210957884,0.0015794096913655173
ARHGEF10,0.009829014153458994,0.00014679387257344155,0.000794624043239725,0.00019821624664349662,-0.00012910862857928342,0.9891604603126636,0.0008637316613039382
MYOM2,0.0036057577084873194,0.0007331248253647565,0.0008940598069775959,0.0002780582325769415,0.00018383581659540873,0.994305163609998,0.001355953856149946
AC246817.2,0.04900106349690117,0.010967108099393462,0.007160889200368142,0.0003568506889432971,0.002083709247917044,0.9304303792664769,0.009601449137228484
ANGPT2,0.01672034939211046,0.003080553048642118,0.0006376045271423367,0.0007573315159583906,-0.00014390895169854798,0.9789480704678453,0.0012510270914021793
AGPAT5,0.08402681580396756,0.0315816476599127,0.0037552637810419343,0.0015730189541933448,0.00406300773990248,0.875000246060982,0.009391290475137759
MFHAS1,0.14956427689241603,0.004437432676652059,0.0014514974236584377,0.002270723976030814,0.00011796243541667417,0.842158106595826,0.003840183835105926
BLK,0.2174665207622705,0.029087647679619688,0.005102266260729571,0.0033525678628170408,-0.0023153386178617064,0.7473063360524249,0.006139495505684905
AC068587.4,0.13963086950549056,0.017964171440000842,0.012230804390432531,0.0003988317882410164,0.00507419688622518,0.8247011259896099,0.017703833064898727
DLC1,0.06704550055355642,0.00208780623905358,0.0004396935522010398,0.0007827074606570478,0.00020312538809341696,0.9294411668064385,0.0014255264009515045
XPO7,0.2394942227168715,0.005756264737225708,0.001963015969123183,0.0026793850533342878,6.756911876487637e-06,0.7501003546115688,0.004649157934333958
DMTN,0.3114188711172039,0.05079449787423118,0.0021729643845442292,0.012906779216484476,0.0056276323974256415,0.6170792550101105,0.020707375998454347
EGR3,0.0068589009262699265,0.0005058555784374042,0.0031788043365882715,0.003955109254855654,8.858374869104204e-05,0.9854127461551577,0.0072224973401349675
SLC25A37,0.6411476910741842,0.054967215460873575,0.001034712274714189,0.0012009810885424965,0.0009132696942748542,0.30073613040741065,0.0031489630575315397
ADAM28,0.16101939566574835,0.020713757673306132,0.004881822534714725,0.0010019825175918429,0.0010861649071776114,0.8112968767014613,0.006969969959484179
CDCA2,0.15749825119071448,0.006027994383381252,0.0006642005619956481,0.0006012960215416585,0.0004979062157459968,0.834710351626621,0.0017634027992833035
BNIP3L,0.34469533047059114,0.022967549701306322,0.0071475753226701855,0.006846359764858867,-0.0013032224018286187,0.6196464071424022,0.012690712685700434
CLU,0.08870354495305588,0.0021159816709440393,0.00043202034765323083,0.000320947167111979,0.0003670637114005365,0.9080604421498344,0.0011200312261657464
ESCO2,0.28880648247016233,0.01208634638951861,0.0005248569343528353,0.0006510369842914754,-0.00017891113934032088,0.698110188361015,0.0009969827793039898
PBK,0.2432501239396969,0.01153609096717298,0.0004981293802531206,0.001460270973454747,0.0006208754411382578,0.742634509298284,0.0025792757948461253
FZD3,0.020141226782758738,0.0023217870453156077,0.001307143874002277,6.326047820799305e-05,8.260161682950226e-05,0.9760839802028859,0.0014530059690397723
DUSP4,0.004150897598360693,-4.406427616808484e-05,0.00048044430269067115,0.00018540391121050007,1.8977800527768957e-05,0.9952083406633785,0.0006848260144289402
RBPMS,0.1703747082346238,0.003897233409854789,0.0015892428712037943,0.0002627056935453065,0.000986916546889871,0.8228891932438824,0.002838865111638972
WRN,0.10546803338401553,0.008132673803729812,0.0039017101083844152,0.003174241318720336,-0.0008278721726093785,0.8801512135577593,0.006248079254495373
ZNF703,0.1204732567908542,0.01050425324399841,0.004127588293761003,0.0010065405358019586,0.0006578303559661436,0.8632305307796183,0.005791959185529105
EIF4EBP1,0.08933239691457841,0.012603252389249642,0.0018649383033500916,0.0010934291153438663,-0.00047438054781479,0.8955803638252928,0.002483986870879168
PLPP5,0.31359422096288153,0.04525170666248168,0.004161577487614865,0.002594939347930203,0.0003924547732610528,0.6340051007658307,0.007148971608806121
AC009630.2,0.003909884297984929,0.0006398909477063003,0.002565067093011692,0.0006056576313245542,0.0017955379720654436,0.9904839620579071,0.00496626269640169
ANK1,0.4577557178946949,0.025351397187569846,0.0012209317561340804,0.0032428701311238983,0.00040009564457083036,0.5120289873859065,0.004863897531828809
VDAC3,0.18620608411990397,0.009110687141823615,0.0015336995438133272,0.0021474304341786987,0.0005410032638471229,0.8004610954964333,0.004222133241839149
PRKDC,0.1821117396162012,0.026549404338613136,0.0037564392909158195,0.003691119962415862,0.0018821853483836914,0.7820091114434703,0.009329744601715373
MCM4,0.26181630217007285,0.017704147201464848,0.0037669441167269557,0.0007051418288711586,-0.00034283333715845465,0.7163502980200227,0.00412925260843966
MRPL15,0.07193735092518427,0.00973632382044308,0.001477702708361353,0.0015297111574049532,-0.0001955147514954847,0.9155144261401018,0.0028118991142708216
TGS1,0.06398662827881473,0.0064035432418686755,0.0022276366460868557,0.0020569111372195636,0.0004091198461285417,0.9249161608498816,0.004693667629434961
AC090152.1,0.14040807502555522,0.007839506326065476,0.0007107481204599864,0.00019350145401456076,0.0001314926127883309,0.8507166764611165,0.001035742187262878
GGH,0.11380298272825093,0.007112320472795808,0.002401398052286813,0.0018719729915467609,-0.0013140986422470469,0.8761254243973667,0.002959272401586527
ARMC1,0.04980449893657153,0.007563023251363141,0.0025358078817681456,0.0024671081299187103,0.0033177591306963877,0.9343118026696821,0.008320675142383244
RRS1,0.03359445327560911,0.003004617978084205,0.0011596432510677726,0.0005896077506569938,0.00011767118305081731,0.9615340065615311,0.0018669221847755837
MRPS28,0.053373828555074936,0.00656774044472952,0.00367458773012138,0.0031462020016044118,-0.0007180672135764787,0.9339557084820462,0.006102722518149313
ZNF704,0.0892506746949503,0.006580677679802374,0.0004033626707934945,4.053874972166638e-05,0.00031942161975910544,0.903405324584973,0.0007633230402742663
PAG1,0.12686613743054598,0.010843497257584434,0.004467742537526853,0.0011643257421191378,0.0018337519531819169,0.8548245450790417,0.007465820232827908
FABP5,0.2706725064429465,0.021639735133043403,0.002788115514379852,0.0005527020692681628,0.00012804814585798407,0.7042188926945041,0.003468865729505999
LRRCC1,0.19200723598267763,0.012324236130062949,0.0009436097506703711,0.0012869098882696273,0.0009141430866669298,0.7925238651616525,0.003144662725606928
CA1,0.7241402114403106,0.06035205934014254,0.004510437266809442,0.004953118811676593,-0.0005661676501748092,0.20661034079123564,0.008897388428311226
CA3,0.19434702402424048,0.003951944570810245,0.004968331279068983,0.0013418013562728204,-0.0003386996768947048,0.7957295984465022,0.005971432958447098
CA2,0.708669166528855,0.03214576642150502,0.004958194306473485,0.0056410788209459994,-0.002796540054164409,0.2513823339763849,0.007802733073255075
NECAB1,0.13396986041168057,0.007174259518887949,0.0009818900299284339,0.00153995846605548,-0.00038914211775395446,0.8567231736912015,0.0021327063782299593
C8orf88,0.18919014998958292,0.01036084419538516,0.0010752508740277944,0.0019639847248701936,-0.0007680453304304835,0.7981778155465644,0.0022711902684675045
CCNE2,0.10934542760376359,0.00821530438407031,0.0012171753816929004,0.000868774641935327,-9.126906360515386e-05,0.880444587052143,0.0019946809600230736
LAPTM4B,0.3983408682153151,0.014123081809609417,0.0006725955748439483,0.0006709316591287373,0.0007672722304538082,0.585425250510649,0.002110799464426494
AZIN1-AS1,0.010834697770426218,-0.001582339392046852,0.0018676519327894773,0.004842057835513145,0.001507363747195213,0.9825305681061228,0.008217073515497835
BAALC,0.2133625506003917,0.007755991094265474,0.000891794456137629,0.00010597329817921275,0.00014779660842706432,0.7777358939425989,0.001145564362743906
ANGPT1,0.23997925108906779,0.00590902856853312,0.0016357973187162977,0.00021999091888497135,0.001309980652620113,0.7509459514521777,0.003165768890221382
RAD21,0.10536787036949152,0.0029885454511731913,0.004082069009094885,0.005528184293903088,0.002207472676386879,0.8798258581999504,0.011817725979384852
DSCC1,0.12851075689301616,0.011011178271509686,0.00047726583593799,0.0003437166887861054,0.0005651646922466835,0.8590919176185033,0.001386147216970779
DEPTOR,0.12195346504128139,0.004018717361854426,0.0006226322978560017,0.00022898620804964742,0.00030688894239280784,0.8728693101485657,0.001158507448298457
MRPL13,0.08319395275926492,0.008824126524808573,0.002806407724721016,0.0032823643224501875,-0.0005648476511341677,0.9024579963198894,0.005523924396037036
ATAD2,0.2506212620403421,0.012769046803492501,0.002217943455118221,0.0012243885264978105,-0.00047797997322246433,0.7336453391477719,0.002964352008393567
MTSS1,0.2439026532695957,0.020553407101900956,0.004255556239719627,0.002321338543329554,0.001343139312826036,0.7276239055326281,0.007920034095875217
MYC,0.18842506954175348,0.023939310517952866,0.0013333208717519196,0.0028279645956091337,0.001851481019594342,0.7816228534533383,0.006012766486955395
PVT1,0.10974709799867861,0.00589732793421148,0.00136499165467871,0.0012340154124449165,-0.0003049659108674274,0.8820615329108537,0.002294041156256199
CCDC26,0.052729347406152594,0.0029238534873157473,0.0014340474405303422,0.0005320069448662562,-0.0003136649337061592,0.9426944096548412,0.0016523894516904392
KHDRBS3,0.0658028546743283,0.011304685395872427,0.0017409103295173423,0.00018073445043739755,0.0017851801530073957,0.9191856349968371,0.0037068249329621356
AGO2,0.08322191005423957,0.0014375178206731537,0.0035616151562268272,0.004447277944736913,0.0014353037758742249,0.9058963752482493,0.009444196876837965
TSTA3,0.14388224575225725,0.005582523118393606,0.002377431616301995,0.0024176501737429856,0.0011424110929549869,0.8445977382463492,0.005937492882999967
CYC1,0.11401366471594376,0.0015506022402317216,0.0031673227069899945,0.0026023883755711824,-0.0007155055444252045,0.8793815275056885,0.005054205538135972
BOP1,0.0422036146375416,0.001308850260073935,0.001526454658138908,0.0014210383856688297,0.0009090803685164461,0.9526309616900602,0.0038565734123241838
HSF1,0.08025941830634518,-0.0014678824069222357,0.0017088555036902653,0.0026908997515927846,0.001279328601634322,0.9155293802436597,0.005679083856917372
SLC39A4,0.043153950123276386,0.0018785273240227163,0.002419080798026531,0.00014936485014630657,0.0007756688732597355,0.9516234080312683,0.003344114521432573
RPL8,0.5793352270732768,0.057176159546953875,0.004972141186764367,0.0009708320366099699,-0.00020730492443798987,0.357752945080833,0.005735668298936347
PUM3,0.052852097605985485,0.012050797243346345,0.0033794324720512747,0.0012030149170360466,-0.00010825603155087404,0.9306229137931317,0.004474191357536447
AK3,0.06253041788465377,0.014344083397828028,0.002293263679616492,0.0020352146177276126,0.0021038688605939104,0.9166931515595802,0.006432347157938015
RCL1,0.13568832259711966,0.010277656588549733,0.0033810891299787815,0.0011413202712262094,0.0001551967911925245,0.8493564146219331,0.004677606192397515
PSIP1,0.20899187502433744,0.023929705231682974,0.005638197573516274,0.003204762302600389,-0.0016885994038151608,0.759924059271678,0.007154360472301502
CCDC171,0.06932131017696921,0.00682542115341625,0.0020011198679616843,8.807331855234524e-05,0.0005083852948762485,0.9212556901882243,0.002597578481390278
HAUS6,0.05033015890097562,0.005606737707521091,0.002104797042351829,0.0009119636437072767,0.00140013220506989,0.9396462105003743,0.004416892891128996
PLIN2,0.07926998980561496,0.0018210203400475383,0.006131073118286798,0.0008572523450681435,0.004551751278459082,0.9073689131125234,0.011540076741814023
RPS6,0.5512228343198502,0.07429954633032387,0.05464693300295287,0.001624102293302454,0.0006201579532523205,0.3175864261003183,0.05689119324950764
MLLT3,0.24069984041403159,0.01511384382395864,0.002823896600719744,0.0006480811250021423,0.002403249597860646,0.7383110884384272,0.0058752273235825325
CDKN2A,0.06093556612012227,0.004337021487909612,0.00034606338878051535,0.00029195682584434723,0.0009409273346753233,0.9331484648426679,0.0015789475493001859
NDUFB6,0.10191403510784733,0.010588824566343816,0.008002438243454965,0.005458937304839692,-0.003623454639030868,0.8776592194165451,0.00983792090926379
AQP3,0.22187537097668267,0.006113859607063177,0.002025587616979102,0.0032737363710699796,0.00016206380302202783,0.766549381625183,0.0054613877910711095
DCAF12,0.22758113602640428,0.02944053293900667,0.0026197432783838237,0.007492550813031407,0.0051441837409776925,0.7277218532021961,0.015256477832392923
ENHO,0.012145666180049135,0.0007754131350303697,0.00017657207184036162,4.387238761150228e-05,-1.350683895253238e-05,0.9868719830644211,0.00020693762049933152
SIGMAR1,0.06099172884816226,0.0036914965840751657,0.001057188715624699,0.001847763432971633,0.0010168028042275151,0.9313950196149388,0.003921754952823847
STOML2,0.14791168750583256,0.017550306049174097,0.0023633805302290534,0.002072771398428208,0.000695905082099102,0.829405949434237,0.0051320570107563634
CD72,0.32270637501722166,0.06269355416481465,0.0037888721090992283,0.0027536556424272995,0.0018151766475317244,0.6062423664189054,0.008357704399058252
ARHGEF39,0.07701844934470058,0.003459603657128038,0.0004810515183065467,0.0010728212517315955,-4.803957796536973e-05,0.9180161138060986,0.0015058331920727724
TPM2,0.020854778335161875,0.0012784020170062069,0.00021695884668018403,0.00023503201272774554,-0.00010636024990839932,0.9775211890383324,0.00034563060949953026
RECK,0.009698215512907123,0.002079870454452128,0.003493040564092503,0.0007235410889582447,8.015539626773927e-05,0.9839251769833223,0.004296737049318487
MELK,0.08907728946001374,0.005423439610602571,0.0009314853680591484,0.0006147855239304056,0.0003152112467551538,0.9036377887906389,0.0018614821387447078
PAX5,0.37153737223684763,0.10581559715982086,0.005737352980153432,0.0015948764424817408,0.010576001580636651,0.5047387996000596,0.017908231003271824
ZCCHC7,0.21908869279419232,0.060937823301808386,0.003643293643244727,0.0016797636168447982,0.0035885520338163057,0.7110618746100934,0.008911609293905831
TOMM5,0.12020618205645517,0.019803174871827672,0.010520005399894783,0.005555570881145888,-0.003793195646668579,0.8477082624373451,0.012282380634372092
PIP5K1B,0.06230116363807148,0.013031080362144301,0.0016532593189974853,0.004501729949362196,0.002130962719184573,0.91638180401224,0.008285951987544254
FXN,0.11988171612465826,0.008308884109619968,0.0025620484986581815,0.0011478557913709164,1.8714329353741732e-05,0.8680807811463389,0.0037286186193828397
ALDH1A1,0.14632724089894766,0.006584718783750887,0.004975464458533335,0.0027581759736381994,-0.00014120109434812012,0.8394956009794781,0.0075924393378234145
C9orf40,0.2539397201972875,0.015789975170852455,0.0029150988634653596,0.004414355909550471,-0.0016224243590129972,0.7245632742178572,0.005707030414002834
RFK,0.04862437845298481,0.003156195222337718,0.002300315281670247,0.0018730935296087312,-0.00019044265452272668,0.9442364601679212,0.003982966156756251
VPS13A,0.054886172628417135,0.014418800412543828,0.0030400346651380805,0.0012065001218639348,0.0009112865832619776,0.9255372055887751,0.005157821370263993
CEP78,0.04927574404600153,0.010227530741331002,0.001682961729028265,0.001212004285131102,0.0007923307758231288,0.936809428422685,0.0036872967899824957
PSAT1,0.016411101190834047,0.0031723153960110974,0.0011524970159387006,0.0002908787754977299,0.001063749568524168,0.9779094580531943,0.0025071253599605985
TLE1,0.12881334044709647,0.03339153884824825,0.003043007689470356,0.00302754937608124,0.0004836256103102343,0.8312409380287935,0.0065541826758618305
CTSL,0.2840679943468497,0.0001928249504125623,0.0033082024023136647,0.003437573772788194,-0.0008267315257130536,0.7098201360533489,0.005919044649388805
S1PR3,0.04241712775260425,-0.002548199327128943,0.00285446369318805,0.0014971076755885201,0.006220081392771484,0.9495594188129767,0.010571652761548055
CKS2,0.316667267624262,0.019917065266076672,0.002428676461708801,0.005240728279438833,0.00028380832460206395,0.6554624540439116,0.007953213065749698
GADD45G,0.03143735206420325,-0.0006969050926691929,0.003816793334129903,0.005347196817085106,-0.001208870344440404,0.9613044332216913,0.007955119806774606
IARS,0.08857903017497382,0.014435777771124092,0.0013881779257602783,0.0019795363584507453,0.0019457052734160873,0.8916717724962749,0.005313419557627111
NOL8,0.04167112356140909,0.00832660814821045,0.003518849476356785,0.0016066087297454679,0.0017501246830758863,0.9431266854012024,0.006875582889178139
ZNF367,0.08100584235133085,0.005808174297750324,0.002825000667712671,0.0015591059934038504,-0.0010800411773724816,0.9098819178671748,0.0033040654837440397
AL590705.1,0.008919015414315862,0.001193634571879246,0.0006472632468765647,7.991587338109819e-05,4.752426196974989e-05,0.9891126466315775,0.0007747033822274128
TMOD1,0.2254235694862891,0.019145471636846878,0.002835104849213177,0.005047785961013906,-0.002559416098303985,0.7501074841649409,0.0053234747119230985
HEMGN,0.7352593501689078,0.05473748176229987,0.004101020397122568,0.0039034713988643777,-0.0022529510879238934,0.20425162736072933,0.005751540708063052
ANP32B,0.28391615487068556,0.01207114110035662,0.006685162167429093,0.004706496278160166,-0.002449404375313713,0.6950704499586823,0.008942254070275546
TMEM246,0.11724821766112567,0.008354521985155516,0.00031489192069131255,0.0005804025501278953,0.002020084586737636,0.871481881296162,0.002915379057556844
SMC2,0.35674431825398867,0.023842389925019192,0.001725965703450738,0.0010097222412461804,0.000728707630051395,0.6159488962462438,0.0034643955747483135
CTNNAL1,0.22412780097572013,0.016131937667203833,0.0008439433940422014,0.0014366364443474111,0.0003903356058968799,0.7570693459127895,0.0026709154442864924
PALM2-AKAP2,0.14703672194370168,0.02986364886304191,0.0019721129699865614,0.0004195053160193918,0.0006893619991092392,0.8200186489081412,0.0030809802851151924
TXN,0.2182480192314826,0.026276614682610083,0.031049347552584317,0.017835611542670327,-0.01596314465915183,0.7225535516498045,0.032921814436102814
PTGR1,0.01725071385706293,0.0013401045566175558,0.0014909912607241026,3.6373353689309745e-05,0.0002694438021122389,0.9796123731697939,0.0017968084165256512
UGCG,0.05810055506007297,0.00935506722400549,0.0027471957912465483,0.0020495080045389996,-0.0006082960942331989,0.9283559700143692,0.004188407701552349
HSDL2,0.04108699733682087,0.0009672077090964043,0.002401373235270031,0.0004689104979244685,0.001974505899513909,0.9531010053213743,0.004844789632708409
ALAD,0.2740366751001976,0.005262732351307864,0.002617817253276755,0.0045962112161750945,-0.0005094365394637257,0.7139960006185064,0.006704591929988124
POLE3,0.0950440840542445,0.015385263678580188,0.0056730975696366315,0.003540619543239684,-0.0007844935476680887,0.8811414287019671,0.008429223565208227
CDK5RAP2,0.0632741946478726,0.003752137599321956,0.001943242792582886,0.0016851684098316,0.0010468453271388761,0.9282984112232521,0.004675256529553362
STOM,0.3825971320477365,0.016370521546293815,0.0030326606117553334,0.007075093019054457,-0.001377596226930733,0.5923021890020906,0.008730157403879057
NDUFA8,0.08904218927809397,0.005272299541899825,0.0022743644806180047,0.002702015000783972,-0.0006045790282165758,0.9013137107268208,0.004371800453185401
STRBP,0.2160074716491588,0.08030714859018423,0.003998131780617364,0.002285622589116021,0.005610801834315726,0.6917908235566079,0.011894556204049112
HSPA5,0.10663898823776984,0.010503687565393285,0.006941432061853672,0.0039028339249112948,-0.0008582674340666396,0.8728713256441385,0.009985998552698327
ENG,0.06565304619287383,0.004499203204422986,0.0007355747738580914,0.001469968648754677,0.0010332484215405252,0.9266089587585499,0.0032387918441532937
AK1,0.4628163882268511,0.019695929155073733,0.0008829988700010394,0.001051747384123225,9.988834530716417e-05,0.5154530480186437,0.0020346345994314285
ST6GALNAC4,0.2176456680708666,0.01721648005818227,0.002245090089548152,0.0038113368696740535,0.00139487491572729,0.7576865499960016,0.007451301874949495
TRUB2,0.04874389952129626,0.005661945909599515,0.0007634133696460058,0.000861660852475514,-4.596328696941654e-05,0.9440150436339522,0.0015791109351521032
WDR34,0.17759696210604214,0.012069041335627695,0.0007953480979843719,0.0014482410816703262,-9.827910131979256e-05,0.8081886864799952,0.0021453100783349055
SET,0.2076351298039923,0.02982086176028667,0.009976266990995825,0.006357442536368663,-0.0009828104024696138,0.7471931093108262,0.015350899124894873
SH3GLB2,0.07947523282440296,0.0005027941422136445,0.003425227768491773,0.0032097892313388415,0.000509911502785676,0.9128770445307671,0.007144928502616291
NCS1,0.16383649230605266,0.0046393418145287135,0.00039206140068012707,0.000807835547121688,0.0007959422888549061,0.8295283266427619,0.0019958392366567212
GFI1B,0.37110858298759686,0.011396576242221235,0.001971127424553798,0.002345197856469361,-0.000707985931520827,0.6138865014206796,0.003608339349502332
ABO,0.07249469542514106,0.006737546182840004,0.0020390081284671208,0.00041276401654739836,0.003502969202327705,0.9148130170446767,0.005954741347342224
RPL7A,0.6008643865782063,0.06561925042616912,0.012941194237155562,0.0018377512140818064,0.0008192393602529657,0.31791817818413426,0.015598184811490334
COL5A1,0.08872784312173677,0.006602179385602452,0.0015454198714677514,0.0005319275863224088,0.0008073534696521473,0.9017852765652185,0.0028847009274423074
OLFM1,0.008020536722845282,0.007778567394810081,0.007862054675759532,0.00016065905286660395,0.0006248657231207599,0.9755533164305977,0.008647579451746896
MRPS2,0.06515857923697473,0.006920319929393556,0.0016772183321017847,0.0011712787004828223,0.00014276295794098115,0.9249298408431061,0.0029912599905255882
UBAC1,0.349133880947439,0.0029803326597091506,0.003694030892088307,0.004649276857300932,-0.001175470754144592,0.6407179493976072,0.0071678369952446475
AL590226.1,0.10587304166550003,0.004717776626590883,0.0010425792286501978,0.0001605069550055932,3.604121094834267e-05,0.888170054313305,0.0012391273946041337
EGFL7,0.3950359939559525,0.022674590945500395,0.0008049233722360882,0.0006216311552277864,9.884266946097453e-05,0.5807640179016222,0.0015253971969248492
DIPK1B,0.17744680553012476,0.026844092663401736,0.0014896683608994765,0.002923044407955433,0.0007505935298796618,0.790545795507739,0.005163306298734571
SNHG7,0.3529375197083498,0.06146662054220792,0.003653678406865979,0.00566829979945338,-0.0011956641151490977,0.577469545658272,0.008126314091170261
TMEM141,0.08283580747895113,0.006234520384689024,0.0031833979065441775,0.0010793957131420562,-0.0001451055134443907,0.906811984030118,0.004117688106241843
PTGDS,0.0005261044424666305,9.28221095825067e-05,0.0010193931420283417,0.0003523581851446664,-1.8929330362726753e-06,0.9980112150538142,0.0013698583941367355
CLIC3,0.00221695673573488,-0.0003946835639422736,0.0008261795566768381,0.0004131229593189226,5.102453497249945e-05,0.9968873997772392,0.0012903270509682602
NPDC1,0.28449884384522056,0.0050087868217389975,0.0006022348833861768,0.00020693269789162638,-1.984339438837468e-05,0.709703045146151,0.0007893241868894285
SAPCD2,0.017538191330628356,0.0017294427861133006,0.002220646754989033,0.00016950040667635877,0.0011040856918508105,0.9772381330297422,0.003494232853516202
LRRC26,0.043440471169624476,0.0058693999877102165,0.000489850272809414,0.00010242962505792319,0.00043359990853475416,0.9496642490362632,0.0010258798064020913
TUBB4B,0.29876275870089036,-0.008710506793996042,0.003842003927616966,0.011954026756098579,0.008984647589854233,0.6851670698195359,0.02478067827356978
GTPBP4,0.05036355465493679,0.006973649513919641,0.001673032875751379,0.0015235392610831663,0.00048014693634827743,0.9389860767579608,0.003676719073182823
AKR1C1,0.09131434621202957,0.004719363364868209,0.0036954033689496346,0.00042104839697500174,0.0016760707548910542,0.8981737679022865,0.0057925225208156905
AKR1C3,0.4266581188491687,0.03326038074768206,0.004849911573792609,0.0006958114352698663,0.0018081868236457521,0.532727590570441,0.0073539098327082275
NET1,0.10816890795989234,0.00736178850605472,0.00328660278331791,0.0014842508104421226,-0.0008480694256221138,0.880546519365915,0.003922784168137919
PRKCQ-AS1,0.1819305518614499,0.014879919876452707,0.0010175261285068349,0.00033044205299165297,0.0006023800628746356,0.8012391800177243,0.0019503482443731235
GATA3,0.020874630767330152,0.0008251455910194168,0.00032927539166781317,7.902584283561026e-05,0.0002937343567590289,0.977598188050388,0.0007020355912624524
OPTN,0.23290930036801566,0.03098961659876448,0.0031627074203554595,0.006026522494035347,-0.0013026986999180035,0.7282145518187471,0.007886531214472803
MCM10,0.17951737635823975,0.014741589847033942,0.0014529699396798879,0.0007329434527837131,0.00033035414558121867,0.8032247662566815,0.0025162675380448196
FRMD4A,0.19245024139674688,0.007230524715895692,0.0007649085514337683,0.0008757376119893912,0.00024630955915308506,0.7984322781647812,0.0018869557225762446
ST8SIA6,0.2233813922253804,0.011134467750934074,0.0013380559800354463,0.00014668135108056313,0.0008007430190769826,0.7631986596734925,0.002285480350192992
HACD1,0.19160994488586158,0.013918705169490703,0.002244979982339912,0.00038135796772389985,-0.00015391988530918943,0.7919989318798931,0.0024724180647546223
ANKRD26,0.031170752987270123,0.005176967465341929,0.0016571942294860142,0.0006288531775495293,-0.0002490355183461454,0.9616152676586985,0.002037011888689398
ITGB1,0.09656669856288999,0.004332814614550429,0.00832940242639954,0.005118041940597992,0.0008085030759758804,0.8848445393795862,0.014255947442973413
HNRNPF,0.10837660050081055,0.01439964092628554,0.009985355128500045,0.017474719113295623,0.0032204556187435396,0.8465432287123646,0.030680529860539207
DEPP1,0.09969237910787095,0.0030250379279125744,0.001462566950755681,0.0008456464603683878,4.13023474715446e-05,0.8949330672056208,0.0023495157585956133
ZNF22,0.19080036571973327,0.03981978204629269,0.0009869770506300002,0.0008841131696137594,0.0022676738666710383,0.7652410881470593,0.004138764086914798
MARCH8,0.2449146173227229,0.04388096623497684,0.004695075960433448,0.003972323408858336,0.0013693407318117745,0.7011676763411967,0.010036740101103558
ARHGAP22,0.07681370525716197,0.003869916256619324,0.001178725170991407,0.0002703960982525927,0.0006779042006304775,0.9171893530163442,0.0021270254698744773
ZWINT,0.3201059974897424,0.0169838406640892,0.0019105934928189683,0.0028589449423152002,-0.0004584224609362475,0.6585990458719705,0.004311115974197921
CISD1,0.035373889045417814,0.004908154554758369,0.002726785432793616,0.000890783168973848,-0.0005054102245073203,0.9566057980225636,0.0031121583772601435
TFAM,0.0808542698653317,0.011717228308402203,0.004270512916104238,0.001715971444836692,1.8425961399934354e-05,0.9014235915039253,0.0060049103223408645
CDK1,0.3898694891428941,0.017568678883157274,0.0010777864678989113,0.0022191960070858108,-0.00014536615923399498,0.589410215658198,0.003151616315750727
ARID5B,0.15246891371963156,0.034142199654172534,0.0031601427250272374,0.00231564804092943,0.0006011390476818312,0.8073119568125574,0.006076929813638499
RTKN2,0.084986626197557,0.004917502106279309,0.00029767240706256304,2.7905098988284527e-05,0.00018520783661912787,0.9095850863534938,0.0005107853426699754
EGR2,0.009609720493029442,0.0006614242664236443,0.002610157804035408,0.002565994269363313,0.0006201897531263011,0.9839325134140219,0.005796341826525022
DNA2,0.06082623909790006,0.005311242076149185,0.0011494924880990215,0.0004716987489856994,0.0006943480297837284,0.9315469795590823,0.0023155392668684494
PPA1,0.14545059542842842,0.017021241997855707,0.0039559676263507815,0.003657247064165009,-0.0010777572309829397,0.830992705114183,0.006535457459532851
PRF1,0.0010823517593788997,7.347233020176414e-05,0.003409437765922863,0.00010307509701372453,0.0008672887186200766,0.9944643743288627,0.004379801581556664
PCBD1,0.08865620479073898,0.0054638533509738935,0.0014728779387790658,0.0019282297244793412,-0.0009123029684331568,0.9033911371634619,0.00248880469482525
DDIT4,0.03792261975519,-0.004447111366669879,0.01758654618221707,0.011556272662158688,0.005267802538267079,0.9321138702288371,0.034410621382642836
DNAJC9,0.41333246441110394,0.020443427107452727,0.002781175845250672,0.001375000207541388,-0.0007815566516479189,0.5628494890802992,0.003374619401144141
ZNF503,0.019168481430613442,0.00700903003896932,0.0036370305376980314,0.0005105266358380531,-6.669011616250789e-05,0.9697416214730437,0.0040808670573735766
PRXL2A,0.1060478807741719,0.00803872584047019,0.0009004599871023089,0.0001544880743803989,0.0001787980480751905,0.8846796472758001,0.0012337461095578983
MINPP1,0.3507985806578374,0.010433457953381742,0.003293448398730192,0.003005439191416992,-0.00035578512577527643,0.632824858924409,0.005943102464371908
CH25H,0.013597628806868253,0.004357086319445747,0.006303715411555066,0.0017985889395061606,0.004809404794845359,0.9691335757277794,0.012911709145906586
IFIT2,0.03601440763441372,0.018039067703326833,0.02301174343004305,0.0011544339939318776,0.007052485312491447,0.914727861925793,0.031218662736466375
IFIT3,0.030674652787026163,0.024824300290022396,0.04576746005520528,0.0005934444926996157,0.01717471303133425,0.8809654293437124,0.06353561757923915
IFIT1B,0.5749753965226587,0.0546344037887978,0.0018018202693685925,0.000890618913414909,-0.0005089299670780756,0.36820669047283805,0.002183509215705426
IFIT1,0.01012772430468456,0.01645139939154783,0.04135141969614479,0.0004849445272793601,0.014622736290484058,0.9169617757898594,0.056459100513908206
KIF20B,0.18593607373640864,0.014587001931822385,0.004241177670828433,0.0013513717286789684,-0.0005495645606367061,0.7944339394928983,0.0050429848388706955
LINC00865,0.007800610595566479,0.00205750404757298,0.0007655337833017868,0.00031036633375477844,0.0006533588358565746,0.9884126264039474,0.00172925895291314
KIF11,0.27416734109103136,0.012483644353774526,0.0011609128865960883,0.001342180376211699,0.0002610838471287513,0.7105848374452576,0.0027641771099365386
CEP55,0.12318905866564281,0.005283460916302607,0.00041847299044769914,2.7000970698298765e-05,2.5787849402159058e-05,0.8710562186075064,0.00047126181054815697
NOC3L,0.06554820890767532,0.019618522845649508,0.0018920305497349688,0.0010052747015381197,0.0016692232841458432,0.9102667397112563,0.004566528535418932
HELLS,0.22936547895900183,0.02450865311044026,0.002912761149830523,0.0010279096613544647,-0.0005812003839703039,0.7427663975033432,0.0033594704272146836
PDLIM1,0.23864580854566841,0.0652765131152685,0.0013555274967312902,0.0020532358493774994,0.0024711416942524433,0.6901977732987019,0.005879905040361233
ALDH18A1,0.061379162391704024,0.011939316303028573,0.0009511292732706234,0.0007714611649282666,0.001146025583531246,0.9238129052835373,0.002868616021730136
BLNK,0.17758048844403612,0.04283235550262421,0.000787412260768533,0.0013326082649958715,0.0018863748301312655,0.775580760697444,0.00400639535589567
DNTT,0.41458362506389673,0.014558733946360425,0.0007855315397020668,0.000311998116946266,2.4553134198801452e-05,0.5697355581988957,0.0011220827908471342
NPM3,0.13034511797907175,0.010374920406365395,0.0012229183679194344,0.00030693829747319157,-0.00010588392787358458,0.8578559888770438,0.0014239727375190414
LDB1,0.06821607317772799,0.003194555645878297,0.001807795809951579,0.0016003630095099558,0.0007576997175222505,0.9244235126394099,0.004165858536983785
NOLC1,0.06349699137619143,0.009122656714759217,0.0026826158902228114,0.0013382099298945155,-8.616583649659337e-05,0.9234456919254286,0.0039346599836207335
PDCD11,0.02893907110374949,0.003477239619690247,0.0008270771980236138,0.0017255517052447364,0.0014758913276299718,0.963555169045662,0.004028520230898322
NEURL1,0.09163359631966114,0.007333302584714596,0.0023043738985463746,0.00047024975545180425,0.0018877022565146062,0.8963707751851114,0.004662325910512785
SMC3,0.14985186043563306,0.013236262209508881,0.003248221318775002,0.0022607607020452003,0.0002922141818841595,0.8311106811521537,0.005801196202704362
PDCD4,0.09696780374241673,0.020176492311798314,0.010007052217909124,0.005016112676012041,0.0021826907502342924,0.8656498483016295,0.017205855644155457
TCF7L2,0.3124215549455177,0.029067808761350566,0.005367642895598379,0.001747636937495356,0.0032233454167319153,0.648172011043306,0.01033862524982565
PDZD8,0.08259970834495425,0.005167539128171736,0.006615396024335626,0.0016514710049358033,-0.0011872735685857227,0.9051531590661883,0.007079593460685707
EIF3A,0.15763861361978015,0.009939418828235042,0.007650098610087114,0.005243307247548512,0.0010862168484456203,0.8184423448459035,0.013979622706081246
DENND10,0.10066050412723901,0.008054040625288486,0.004496633723886853,0.006240368758879206,0.0031717567163945526,0.8773766960483119,0.013908759199160611
SFXN4,0.05819969367509729,0.0036872291407295393,0.0010753548406045171,0.0008637721715275271,-1.8104337974465812e-05,0.9361920545100156,0.0019210226741575784
PRDX3,0.10498640734125138,0.01027383092463409,0.010732273043139909,0.009055138514322672,-0.002224265081168464,0.8671766152578204,0.017563146476294117
BUB3,0.0886244281230918,0.011790872514084533,0.001415735198229337,0.002627510519516485,0.001073432769745808,0.8944680208753321,0.00511667848749163
OAT,0.18723211598457257,-0.0024784606572602064,0.012696137533740603,0.007114964470233992,-0.0046524104534801936,0.8000876531221932,0.015158691550494402
LHPP,0.18236184763393953,0.028050770471855835,0.0008348867119711001,0.0016764989955466714,0.005738602864190007,0.7813373933224969,0.008249988571707778
UROS,0.27730399376281134,0.011671953283166836,0.0006656179314615818,0.0013432508471177274,0.000730721908335008,0.7082844622671075,0.002739590686914317
BCCIP,0.05870748580935192,0.006065159722942234,0.003527419735507603,0.0020893859345687965,-0.0009697804952146505,0.9305803292928441,0.004647025174861749
MKI67,0.4599274425806063,0.017809540584261152,0.0012472544766371496,0.0009491179558041019,-0.0004039692597370692,0.5204706136624284,0.0017924031727041823
GLRX3,0.06170600458099769,0.006373094302163054,0.0026843839672586883,0.0033058018940843453,0.00032332891861668045,0.9256073863368796,0.006313514779959714
BNIP3,0.04533694203276832,0.006317052160460163,0.0005324951229464248,0.0006405501100269148,0.0016576610782802481,0.9455152994955179,0.0028307063112535877
IFITM3,0.27283202831285264,0.12018928901153941,0.0561178025345383,0.00015040243459757408,0.013077230056642741,0.5376332476498293,0.06934543502577861
SCT,0.009844415385813161,-0.0010007358303844114,0.000763097010079837,0.0004885899091984433,0.0004494274725601981,0.9894552060527327,0.0017011143918384784
CHID1,0.0750434808552016,0.00014970017134952052,0.0015965089353490725,0.0017241413071305556,0.0007669779673830507,0.9207191907635862,0.004087628209862679
CD81,0.3296200683326423,0.08197862582070625,0.002904307505692927,0.0023401359659628307,0.0066442751465616845,0.576512587228434,0.011888718618217442
KCNQ1OT1,0.05679009789139875,0.005275078709757158,0.00412989380017402,0.0015038563949699019,0.0018011446424618313,0.9304999285612383,0.007434894837605753
CDKN1C,0.5696542095481536,0.029222219892483747,0.0037367934987884155,0.0009171071682758658,0.0004361429078881818,0.3960335269844102,0.005090043574952463
PHLDA2,0.007395566496634615,0.007480869002678291,0.010678509020861204,0.0004009779333622558,0.003433728050069829,0.9706103494963938,0.014513215004293289
RRM1,0.24834324287524054,0.018041649806980725,0.0011029735921144757,0.0018646963273283301,0.0008890421923538616,0.7297583952059821,0.0038567121117966674
HBD,0.8052887643187161,0.09820020896157289,0.005118925976534294,0.002976657038956776,-8.337147173609338e-05,0.08849881517595604,0.008012211543754977
HBG1,0.039726245803981604,0.003918529758281657,0.005396089078367035,0.0002791522190040349,0.0002577073480838771,0.9504222757922818,0.005932948645454947
HBG2,0.04813549681779998,0.004275772527922918,0.0068285244417599575,0.0004453612636134488,-3.9366005239460655e-06,0.9403187815494276,0.00726994910484946
MRPL17,0.07266228039128265,0.005293325802254806,0.0018349230551131385,0.0016141042319890303,-0.0006669551797717083,0.919262321699132,0.0027820721073304605
WEE1,0.12411262206774026,0.017510570623729044,0.002698434754836082,0.0009540656265604741,-0.00022205372585148986,0.8549463606529857,0.0034304466555450663
ADM,0.020908129634220937,0.009083091726764924,0.014956206719840395,0.004710752833934566,0.0011553580924223116,0.9491864609928169,0.020822317646197273
SOX6,0.4369250181340577,0.021064690268994435,0.001314349977349305,0.001400845707109688,-0.0006102497541147223,0.5399053456666036,0.002104945930344271
NUCB2,0.419171879616595,0.04395397533144746,0.004523937691054081,0.0006485128195123924,0.00014777607663529757,0.5315539184647557,0.005320226587201771
LDHA,0.1623709777494534,0.02238563157664708,0.010170709158335428,0.0030953280241591274,-0.0019138158956705231,0.8038911693870755,0.011352221286824032
E2F8,0.18318714791111776,0.008566872212416948,0.0005095457517237945,0.0005421764097271464,0.0002863656941651527,0.8069078920208492,0.0013380878556160936
SVIP,0.19274991299572075,0.02239455096826884,0.0027457278763566573,0.0039137398990576056,-0.0010285915280377478,0.7792246597886339,0.005630876247376515
CCDC34,0.313628876157398,0.021335955296250708,0.0013976864084551122,0.0008385534756689683,-3.527458204016787e-05,0.6628342032442673,0.0022009653020839126
KIF18A,0.10876865376373919,0.004913209012939013,0.0006056727262695183,0.0006278801490006009,-0.00029371544144458916,0.8853782997894962,0.00093983743382553
MPPED2,0.04867860474795868,0.010289835202572657,0.0026037773693506974,1.2120549785318846e-05,0.0017180569251897398,0.9366976052051429,0.004333954844325756
CD59,0.28381892065099174,0.01671131965728434,0.0023567293702460024,0.0023016196117177645,-0.0010859075305347243,0.6958973182402949,0.0035724414514290426
LMO2,0.16664228362127456,0.0024994428577055916,0.0024328232986974285,0.007736305074221905,0.007113722697921737,0.8135754224501788,0.01728285107084107
NAT10,0.035764496636933645,0.006385974537796983,0.0015673982304385686,0.0015915738133567975,0.0011239410477140305,0.95356661573376,0.004282913091509397
RAG1,0.17079842652457827,0.01722021130685522,0.0005544290751044456,0.0003750675208375742,0.0011979145608601305,0.8098539510117644,0.0021274111568021503
RAG2,0.17539397607163348,0.02047435042330356,0.0011365828351374563,0.000730566267101912,0.002957689286257975,0.7993068351165656,0.004824838388497343
C11orf74,0.08341993461843729,0.006049667177859153,0.0018431563768104842,0.0009184432343565946,-0.00022257725846816512,0.9079913758510046,0.0025390223526989136
C11orf96,0.00882032691965003,0.0002580606943682739,0.00043892005005652206,0.00029439594468888726,0.0005032697879854917,0.9896850266032508,0.001236585782730901
CD82,0.10720661767913402,0.006787461477084908,0.002231894778111976,0.0027233658411524447,0.0005086793729684597,0.8805419808515482,0.00546393999223288
MDK,0.22754416673292402,0.00829219793365113,0.0016786835407889,0.00023626541874838258,0.0004820715663904629,0.7617666148074971,0.0023970205259277455
CKAP5,0.07120650062964012,0.0038804532871623415,0.0009880651127695678,0.0021553765010164094,0.0027908527157707863,0.9189787517536407,0.0059342943295567635
PSMC3,0.11229715722617185,0.002305335946350656,0.0015300810159250139,0.002386007453049982,0.0013689415127808857,0.8801124768457216,0.005285029981755882
C1QTNF4,0.2849631948469992,0.012139312824703097,0.0013161486329195116,0.00017695151065150183,0.00016454661858295028,0.7012398455661437,0.0016576467621539637
MTCH2,0.06287963147084308,0.005020054292257922,0.001139182455187876,0.002210611340453375,0.0010238878716059552,0.9277266325696518,0.004373681667247206
SSRP1,0.11006486910550703,0.013360143140180816,0.0016710283430181883,0.0029138110179532106,0.0016128007657370963,0.8703773476276037,0.006197640126708495
PRG2,0.03849304928888473,0.000839135750123815,0.0004258137281182503,4.32826837847497e-05,0.0001094684256407949,0.9600892501234477,0.0005785648375437949
SLC43A3,0.07071872403239464,0.0020907534630110886,0.0015180844610468286,0.002273837457950803,0.00037740531372473796,0.9230211952718719,0.00416932723272237
SLC43A1,0.1174692735982055,0.004305073665644046,0.00066758179217348,0.0011606218950609426,0.00023548477808317536,0.8761619642708328,0.002063688465317598
TIMM10,0.0827779882122154,0.004257267485833147,0.007163502787233628,0.00308370819864158,-0.00267164669764898,0.9053891800137253,0.0075755642882262275
YPEL4,0.26325621705899876,0.014132081733024993,0.0011880444856290917,0.0024198468955906605,0.0003658687599905619,0.7186379410667659,0.003973760141210314
FAM111B,0.1563465008776421,0.01953862935441128,0.0008621218042253742,0.00012054992490062588,0.0005787726449781594,0.8225534253938425,0.0015614443741041595
MS4A3,0.2923857337063515,0.011807364173643753,0.006442724182866566,0.0010980606559505834,-0.0007984132714948244,0.6890645305526824,0.006742371567322325
MS4A7,0.33212832330909936,0.06234970886111307,0.01050712492232847,0.0016214022086028512,0.0072257388303870185,0.5861677018684692,0.01935426596131834
MS4A1,0.7058212454184717,0.08418270157235686,0.0009812882753058583,0.0002010965476180182,0.0006808276231302646,0.20813284056311732,0.001863212446054141
FEN1,0.27025681650574207,0.01672283959511861,0.00143040886888407,0.0010164688700805002,-0.00027560393325493093,0.7108490700934297,0.0021712738057096392
FADS2,0.09477860310558005,0.008699518112243038,0.0014528478571744496,0.0006323967228215321,0.0002856861935917887,0.8941509480085892,0.0023709307735877705
FADS1,0.04761625898438264,0.0029063622501604713,0.0017484921549519791,0.000634539732380375,0.0010537161002787745,0.9460406307778457,0.0034367479876111287
RAB3IL1,0.13341760164783614,0.005276949724767582,0.001118678403327994,0.0028379557169992686,0.0001191387435877933,0.8572296757634812,0.004075772863915056
INCENP,0.04147816731163086,0.0010512627026204452,0.0006646544157087111,0.00079774406202196,0.0005421240122992568,0.9554660474957187,0.002004522490029928
EEF1G,0.4378554433880489,0.041769146107402455,0.009421374169288677,0.0016926018240823737,-0.0010286420736134172,0.5102900765847911,0.010085333919757633
UQCC3,0.045024827902125863,0.004409268759374585,0.0012167423174682598,0.0007971432977186277,-4.1174656751755134e-05,0.9485931923800645,0.0019727109584351324
MACROD1,0.1241010399591123,0.010368418374142804,0.0007154835229979117,0.0003496098642414569,0.00024565397416997925,0.8642197943053356,0.0013107473614093479
STIP1,0.045588325424154245,0.0028606021227865625,0.0031258078987386265,0.002889213501310023,0.0037028204345639013,0.9418332306184466,0.00971784183461255
PPP1R14B,0.2657021178148883,0.04467851838891368,0.004660164717743442,0.002299598434497674,5.130265543795698e-05,0.682608297988519,0.007011065807679073
ARL2,0.13895933668591695,0.007298515692323232,0.0007848154854269984,0.0008471117279611473,0.0009163043637381574,0.8511939160446336,0.002548231577126303
SAC3D1,0.09467945013249601,0.003483375885577372,0.0008394729244108751,0.00058688263429163,3.7258677842891275e-05,0.9003735597453812,0.0014636142365453964
CDCA5,0.12818921760090146,0.00979090892160997,0.0010778067995659557,0.0002603677572742269,0.0004910686841291534,0.8601906302365192,0.001829243240969336
ZNRD2,0.06366444902576068,0.004776750251584139,0.001624665485516083,0.0009545390920523561,-0.00048125335365059585,0.9294608494987373,0.0020979512239178433
CTSW,0.19521555813878785,0.0042714635025528636,0.002745539815547038,0.0003327514774963125,0.00020789115302768946,0.7972267959125883,0.00328618244607104
BANF1,0.11000655948522661,0.014725849646396172,0.00354340920275531,0.003366102099621404,0.0018084682822063491,0.8665496112837942,0.008717979584583063
MRPL11,0.0931929070470294,0.012050384398763117,0.005325725596519129,0.0022136904349761566,-0.0006011027129438073,0.887818395235656,0.006938313318551478
NUDT8,0.06508507839829102,0.004347290069199428,0.0007132574695766919,0.00013196724236473611,-7.633122698431916e-05,0.9297987380475524,0.0007688934849571089
ACY3,0.04005447797050501,0.00183056820931949,0.0003519301258436136,0.00016228428282809987,0.00012451752913293646,0.9574762218823708,0.0006387319378046499
CCND1,0.02098095429120333,0.0008937681600946004,0.0005812249498878784,5.2466666122106403e-05,5.9496872542329216e-05,0.9774320890601498,0.000693188488552314
CTTN,0.10636766959393665,0.003148717153773156,0.0011043838404013878,0.0008798428155781385,0.0003564766898401517,0.8881429099064705,0.002340703345819678
FOLR3,0.05140142655765744,0.005313671435211796,0.011094485561596909,0.0005978076428311135,0.005670899817498368,0.9259217089852043,0.01736319302192639
COA4,0.06915831313508831,0.011805636421130083,0.002283750684610328,0.001571009066666948,-0.0003693512719964154,0.9155506419645008,0.0034854084792808604
PPME1,0.16268982209908062,0.00969488868692614,0.0010000717265416792,0.0016170628641080376,0.000355689779576257,0.8246424648437672,0.002972824370225974
RPS3,0.6073209473152279,0.0539105688534669,0.0017363119980373654,0.00036971321956946746,3.759621849508399e-05,0.3366248623952033,0.002143621436101917
CLNS1A,0.10259972192990537,0.014007571838515698,0.002077296978856197,0.0037367409473411106,0.0015977973970098674,0.8759808709083717,0.007411835323207175
PRSS23,0.003394857692729712,-5.990511759850327e-05,0.0004193999580227865,0.0001594369643467936,-5.3500284695417576e-05,0.9961397107871947,0.0005253366376741626
CEP126,0.03432913951789587,0.009023861438101369,0.0022481616056505976,0.00012635361311674753,0.001513949472243474,0.952758534352992,0.003888464691010819
BIRC3,0.3148183560614464,0.03581746905521671,0.005841157927168605,0.004475406589893427,0.0011152972538644446,0.6379323131124104,0.011431861770926477
DCUN1D5,0.06528100157036038,0.007346066007327567,0.0014597661070138573,0.0014582364560007388,0.00047441140253406955,0.9239805184567634,0.0033924139655486657
ACAT1,0.10399196265353763,0.00727544673206576,0.0022014477907377206,0.002047853647072731,0.0007992621747616446,0.8836840270018245,0.005048563612572096
POGLUT3,0.04631195839074301,0.005559224738976104,0.0009551986351528721,0.0006790173491787316,-0.00016940178769965508,0.9466640026736489,0.0014648141966319486
RDX,0.10760043876785284,-0.00028088835405731816,0.0010209706544612729,0.0027240637073373958,0.00043999768045437093,0.8884954175439514,0.00418503204225304
POU2AF1,0.19256998880153142,0.04630978564851626,0.00032128747420867576,0.0023556499820580334,0.0034995869191042084,0.7549437011745814,0.006176524375370918
C11orf1,0.14006381191094947,0.013110022572368624,0.001981936591579997,0.0008487927235500126,0.0003422561879618813,0.84365318001359,0.0031729855030918908
IL18,0.10985092335900119,0.005051678011814165,0.002460772140894199,0.0013628274321536848,-0.0005513668225407969,0.8818251658786775,0.003272232750507087
NCAM1,0.000629370339289566,9.008103687805876e-05,0.0004321193215795476,6.967335583932689e-05,9.3380371889634e-06,0.9987694179092246,0.0005111307146078379
ZBTB16,0.021385493570677264,0.006448060744975247,0.012089072164101964,0.0017080098552600606,-5.241797004715276e-06,0.9583746054619902,0.01379184022235731
REXO2,0.2857478138607931,0.043601315559001375,0.005011494492439039,0.0026104438221517534,0.0029695919941308824,0.6600593402714838,0.010591530308721675
FXYD2,0.023787738555519838,0.0006094736178944189,0.00046399687988100263,9.657485085276182e-05,0.00012831352797529338,0.9749139025678767,0.0006888852587090578
CD3E,0.0024410105130604452,-8.847679518715406e-05,0.0010276063443303762,0.0006750573368882488,0.0018912692175636794,0.9940535333833445,0.0035939328987823044
CD3D,0.002642587478215551,0.0002669008356626229,0.0020792368468574773,0.0003840214728255426,0.0008935850774857471,0.993733668288953,0.003356843397168767
CD3G,0.0019359890799996366,-0.00013681070892004074,0.0006358237788033493,0.0005850514037295121,0.0009699648675076757,0.9960099815788799,0.002190840050040537
SLC37A4,0.11671931164357142,0.004625114401484665,0.0005421925817517131,0.0013520478282036952,0.0004124504386559952,0.8763488831063325,0.0023066908486114035
HMBS,0.654453832588785,0.04473401920797904,0.002289947087360744,0.0021718095372593726,0.00026271227016783083,0.29608767930844804,0.004724468894787948
H2AFX,0.17643410267090454,0.005023953746875032,0.0034453268017000938,0.01138891728027766,0.007198919332789433,0.7965087801674533,0.022033163414767187
NECTIN1,0.056479271559665326,0.0023359058899562607,0.0014279285313350473,0.002139336143680233,0.00046759732655173025,0.9371499605488114,0.004034862001567011
ARHGEF12,0.14484500602679315,0.01587862005994317,0.0031199906461282234,0.002651622517422597,0.0004510322863544025,0.8330537284633585,0.006222645449905223
TBCEL,0.11995246364910792,0.0059039445658913,0.0018848659572891502,0.001959411019860857,-0.00020560817032708179,0.8705049229781778,0.0036386688068229256
UBASH3B,0.04035409879068176,0.002438657438132742,0.0007786932837741886,0.0009622943554265795,0.0006858017375026837,0.954780454394482,0.002426789376703452
HSPA8,0.1810544300011835,0.003105226300240821,0.009333756897257406,0.010462863227122199,0.009241645673744664,0.7868020779004514,0.02903826579812427
SPA17,0.0479956652479146,0.0015163979515140369,0.0008513182592539345,0.0005511166060146247,-3.324124161593195e-05,0.9491187431769187,0.0013691936236526273
CCDC15,0.051881944986201356,0.0034668240806895595,0.002323197216875815,0.0004742474326100282,0.0012688805816773174,0.940584905701946,0.004066325231163161
EI24,0.043885698631912405,0.0038303382560233926,0.0009410912764117041,0.0008226894534444223,0.0009987016315877312,0.9495214807506204,0.0027624823614438576
CHEK1,0.2051238015918725,0.018999262980806203,0.0006574432089467841,0.0004189696136260579,0.00043065393885446945,0.774369868665894,0.0015070667614273114
ETS1,0.2920808792757501,0.04968874805464513,0.0010613423802347532,0.0029528437456077805,0.00043101689515850916,0.6537851696486037,0.004445203021001043
NCAPD3,0.1504049187837104,0.008457277284912273,0.0006906275256825523,0.0013817770864425483,0.0004603002787016419,0.8386050990405506,0.0025327048908267424
AC026369.3,0.07940469641065832,0.0006619170372645783,0.003464780911577911,0.00017983170014747307,0.0008356669402108663,0.9154531070001408,0.00448027955193625
FKBP4,0.13505622776419904,0.010956286700577134,0.002556561083647574,0.0031706306179253574,0.001881833866496735,0.8463784599671542,0.007609025568069666
FOXM1,0.11303528285387508,0.006752158777838399,0.00042159282604958825,0.0004653683591198804,0.0007416356389217393,0.8785839615441953,0.001628596824091208
CCND2,0.17571818098765404,0.012196588715223194,0.0013352150157041054,0.0002716773033258624,-8.143927749529323e-05,0.8105597772555881,0.0015254530415346745
RAD51AP1,0.19789229565864253,0.015987233939721984,0.0012211462456686306,0.0005370098470696416,0.0005215556074578409,0.7838407587014393,0.002279711700196113
CD9,0.30811907046677256,0.03817732298931609,0.0013588691475487913,0.0014580371399970926,0.0044625681110248006,0.6464241321453407,0.0072794743985706845
CD27,0.019251245411343966,-0.001213943356016798,0.0016983875947197274,0.00010186929623193924,0.0008029830544653178,0.9793594579992558,0.0026032399454169845
MRPL51,0.14272764889940676,0.016125682212788983,0.003860340205252999,0.0029094399298205675,-0.0019527149142330724,0.8363296036669637,0.004817065220840494
NCAPD2,0.08310619094791782,0.0053012634885367255,0.0010372187648279713,0.0021457458930289885,0.0009163544044030192,0.9074932265012855,0.004099319062259979
PTMS,0.3504036029703367,0.012674426690808815,0.002013421385576364,0.003679758472575234,-0.00013811656421569563,0.6313669070449186,0.005555063293935902
CDCA3,0.1813838853545204,0.00791044572885008,0.001181238826618608,0.0011182651337788008,0.00027646389541821637,0.8081297010608139,0.002575967855815625
PHB2,0.12536908728689436,0.020617352773829867,0.003860235303038584,0.007019805019915226,0.0012855815446652097,0.8418479380716568,0.01216562186761902
LPCAT3,0.09888695022424761,0.001082276073428104,0.0010405815800868246,0.003353730281464476,0.0027519800375463838,0.8928844818032267,0.007146291899097684
C1R,0.0035205097293587164,-0.00014073554387897345,0.00022083026404388743,0.0002450938373380527,2.8954340715067577e-05,0.9961253473724232,0.0004948784420970077
CLEC4C,0.003001517153283233,0.00041820449170131176,0.0010172361413782276,0.00011390437944729798,5.137078737997699e-05,0.9953977670468099,0.0011825113082055026
AC092490.1,0.055754129755267764,-0.0011404268034664253,0.013748626877004969,0.00011001809211379221,0.002995663760576313,0.9285319883185036,0.016854308729695074
A2M,0.000743813539053528,0.0001176157699436112,0.0005849708403729724,9.483203806290373e-05,2.195035207194925e-05,0.9984368174604951,0.0007017532305078253
KLRB1,0.0014393770509537342,0.00035142640821789087,0.0014564735402069623,0.00014908755655734492,0.0005259202785230272,0.996077715165541,0.0021314813752873344
CLEC2D,0.2167780367909678,0.06375075907735006,0.003827345256005976,0.003441556175173055,0.006975269610037804,0.7052270330904653,0.014244171041216835
CD69,0.27863482402161144,0.023377079923033284,0.009723278015342063,0.04020795796040072,0.02773972001341657,0.620317140066196,0.07767095598915935
KLRF1,0.0006119264873703865,0.00014131327966215238,0.0012628243698586863,5.311916640637557e-07,0.00016249281476490417,0.9978209118566798,0.0014258483762876542
CLEC9A,0.11891506020562483,0.0022151442451707887,0.000515012293399203,0.0009672507410725117,0.0008481893591751749,0.8765393431555575,0.0023304523936468896
KLRD1,0.0016565843712539963,0.00025358322569085634,0.0031378194383803034,0.00019172903002208624,8.043383673528564e-05,0.9946798500979175,0.0034099823051376753
KLRK1,0.020255302196453346,0.00027673837463796855,0.004254589908002478,0.0003380335046773153,0.0032600252388694725,0.9716153107773594,0.007852648651549266
KLRC4,0.004365059480059719,0.00029853750314363936,0.00013453449787227678,3.2125825524119585e-05,7.106837446741853e-05,0.9950986743189328,0.0002377286978638149
KLRC3,0.00035928830930914463,-1.4669441857707085e-05,0.000684005670992114,7.92208484311158e-05,0.0001906544645397881,0.9987015001485855,0.0009538809839630179
KLRC2,0.000253863020963988,9.497427371359693e-05,0.0002922923778981149,4.737160605488406e-05,2.6293570731728737e-05,0.9992852051506377,0.0003659575546847277
KLRC1,0.0005215040919628687,-2.117110751092958e-05,0.0002917046771673342,0.00015964916031202666,0.00022126226835386708,0.9988270509097148,0.0006726161058332279
LINC02446,0.0009443346080529391,-1.2121401910507616e-05,0.00045529354801141625,8.584043145871056e-06,0.00017176930091764811,0.9984321399017826,0.0006356468920749354
MAGOHB,0.08263445881253718,0.011080713856169891,0.003199943859886284,0.0018285304760090326,-0.0006147847625606606,0.9018711377579582,0.004413689573334656
APOLD1,0.049772251795300086,0.006047590564757767,0.001146138896456983,0.002329887718527039,0.002985703484869623,0.9377184275400885,0.006461730099853645
HEBP1,0.24715868293196447,0.0025644748634847947,0.006691498663778717,0.0027283080535607795,-0.001141016356740715,0.741998051843952,0.008278790360598781
EMP1,0.01222801442305153,0.0012214012894985558,0.00212129230489576,0.00017906429459129541,0.00010400965124794659,0.9841462180367149,0.002404366250735002
AC010168.2,0.00969795031313632,0.0021930657664049665,0.0010169509995162623,0.002480757326680261,0.00027859066060641376,0.9843326849336558,0.003776298986802937
ART4,0.1921389695210179,0.007289375143866211,0.0016718968801407996,0.0018153437244287363,-0.0009186206712823441,0.7980030354018287,0.0025686199332871917
MGST1,0.17807239311182038,0.026757157344549476,0.011511777882556723,0.00483763109787716,-0.003983923958498947,0.7828049645216952,0.012365485021934935
LDHB,0.3694107488416931,0.04907545844462918,0.003546506891030088,0.001305793346269235,8.551121124966699e-05,0.5765759812651288,0.00493781144854899
CMAS,0.21799224961737237,0.013218366000819715,0.0029665184516712295,0.0060569412921788746,-0.0025715686406697635,0.7623374932786275,0.0064518911031803405
ST8SIA1,0.03765456968077345,0.0016214897794698674,0.007776979048725111,0.0009098706870558221,-1.5927343876703803e-06,0.9520386835383634,0.008685257001393262
BCAT1,0.06674331377415138,0.004765237991166418,0.0022713351779625884,0.00037588576060761103,0.0005837907297643746,0.9252604365663476,0.003231011668334574
SSPN,0.021089415182829287,-0.0011083453071507494,0.002616191615147756,0.0005821916056735349,4.682064977775541e-06,0.9768158648385223,0.0032030652857990664
TM7SF3,0.07567230969104519,0.005813002823879809,0.003561199781919794,0.004832998329987598,-0.0004964449811702271,0.9106169343543379,0.007897753130737165
AC009318.1,0.029189378473612977,0.003140504409739661,0.001147428804766766,0.00016838472452020137,0.0017816741048939239,0.9645726294824665,0.0030974876341808913
CAPRIN2,0.06429898262990591,0.0025653634933386488,0.0030467293258637645,0.00031410413825015693,0.000937519801963313,0.9288373006106783,0.0042983532660772344
KIF21A,0.03176527437707855,0.0016161046070363103,0.0007453492765788494,9.565855433035092e-05,-8.535293866548249e-05,0.9658629661236414,0.0007556548922437178
SLC38A1,0.22980572661051435,0.054670106609614744,0.0018847079999902427,0.0013755812045443405,0.0017623815036002521,0.7105014960717361,0.005022670708134835
SLC48A1,0.08628984804805574,0.002271535292326876,0.0012708713842779495,0.0020454528987390724,0.001213926707485713,0.9069083656691146,0.004530250990502735
HDAC7,0.04409794864715816,-0.0025279147748315453,0.0008322997327275816,0.0027321463221307365,0.00629304987321206,0.948572470199603,0.009857495928070378
TMEM106C,0.15368371148345286,0.0118033593679584,0.001130921718400374,0.002017949607757419,-6.648874255055226e-05,0.8314305465649815,0.0030823825836072405
FKBP11,0.08311907831850551,0.003828567325308868,0.0016554437048794945,0.000763441753254504,-0.0004970426363873071,0.9111305115344389,0.0019218428217466915
TUBA1B,0.4959412204003177,0.009225110083372623,0.002496854723083919,0.004418561987208247,-0.00048456750778358426,0.4884028203138011,0.006430849202508582
TUBA1C,0.16654100194088334,0.001943981768171843,0.004302661231652266,0.004034815198802305,-0.0012136131614516044,0.8243911530219419,0.007123863269002967
TROAP,0.19200441294082032,0.0076460080284126986,0.0031292259238727416,0.0032048342537100705,-0.0009593946620411187,0.7949749135152253,0.005374665515541693
RACGAP1,0.1130024592413579,0.004493837084911259,0.0006718316742960889,0.0016060112516041308,0.001254037097215402,0.8789718236506152,0.0035318800231156217
LIMA1,0.0831635478624061,0.00654583159027404,0.00043723309079436723,0.00011521733970849823,0.0006529504365771072,0.9090852196802399,0.0012054008670799726
GALNT6,0.022677006556538204,-0.003626830945680313,0.004361978948550976,0.0011469563165210604,0.002255201035333304,0.9731856880887367,0.007764136300405341
NR4A1,0.06880509576842961,-0.003049681053803724,0.012281854289747762,0.02019530075653772,0.012562763517397602,0.8892046667216911,0.045039918563683085
KRT1,0.20448397845487262,0.0029774400895387354,0.015916307226639004,0.0005493993298086586,0.006391130049637872,0.7696817448495031,0.022856836606085534
KRT8,0.10516266598161768,0.004057472005231641,0.0019444309963405765,0.000276488368325431,0.0013053627487410735,0.8872535798997436,0.003526282113407081
KRT18,0.13213729839626934,0.005007822560129521,0.0006534769365361681,0.00027571655155933517,0.0002561600090406624,0.861669525546465,0.0011853534971361657
IGFBP6,0.030578449836484122,0.00030218782250240536,0.001241321498600921,0.00010520840990770747,0.00046576890965152606,0.9673070635228533,0.0018122988181601546
CBX5,0.20304220814277738,0.03373267629725904,0.002963387751232477,0.0017882032634193579,0.0011940059378156842,0.7572795186074961,0.005945596952467519
HNRNPA1,0.3231460915246424,0.06003309827496389,0.014017683167106665,0.008675224968538509,-0.0005463840573792789,0.5946742861221278,0.022146524078265895
GTSF1,0.017584227615606882,0.0031686396222668327,0.001972691812061913,0.0006892357280885025,-0.0004665235389009481,0.9770517287608769,0.0021954040012494673
TESPA1,0.12773417531635606,0.01402590026316708,0.001418920909614818,0.0007424642183775088,0.003440253132737686,0.8526382861597468,0.005601638260730013
GDF11,0.05024307774736325,0.01399403530714137,0.0001919793445905177,0.0004532152495619751,0.001243743303527653,0.9338739490478152,0.0018889378976801457
CDK2,0.08007269276597216,0.006959731002389932,0.0006149823340852872,0.0006297841000334758,0.0006966773105994001,0.9110261324869198,0.0019414437447181632
RPS26,0.32850786801400095,0.03382135383114343,0.15171038265758097,0.005831877348170367,0.018561910305668228,0.46156660784343606,0.17610417031141956
PA2G4,0.17384434653026376,0.01753741777606352,0.004088897280535131,0.0035815864735455616,0.0023559181480261038,0.798591833791566,0.010026401902106796
MYL6B,0.21252018816432094,0.028904363907158448,0.0007068588340648774,0.000647510803589102,-2.1870841951487918e-05,0.7572429491328181,0.0013324987957024914
PTGES3,0.11084041837689064,0.004765474210232087,0.007652087502922678,0.007255714631514393,-0.002006425712320792,0.871492730990761,0.012901376422116279
PRIM1,0.16774675218830806,0.009749115210571813,0.0015185919820842886,0.0008548237800448943,-0.0005562090023262245,0.8206869258413172,0.0018172067598029584
CDK4,0.24695986768944858,0.027585087108209144,0.002449971737069845,0.0013170648997824497,0.0002881593306946484,0.7213998492347953,0.004055195967546943
METTL1,0.0560847254921933,0.005297404813403468,0.0005537286557320345,0.0001931146963290581,0.00010483352925374362,0.9377661928130884,0.0008516768813148362
TSFM,0.06639227853023774,0.007608692408742346,0.0014791642790578374,0.0017289934656409683,-6.81188356688317e-05,0.9228589901519899,0.003140038909029974
GIHCG,0.3832960273805515,0.06113516692531873,0.006330348621327864,0.0013668051859998531,0.0001739055528005018,0.5476977463340016,0.007871059360128219
MSRB3,0.24885491427588274,0.01325048021245856,0.0023052289683217486,0.0007351950785737804,0.0006226320399979612,0.7342315494247652,0.0036630560868934903
NUP107,0.03854369425694285,0.013414843289140499,0.003069893540038303,0.002575796285757319,0.001977933097966067,0.940417839530155,0.007623622923761689
AC020656.1,0.47618275022415407,0.01175399723675058,0.06674691996740001,0.010054892092613454,0.012216112452972605,0.4230453280261093,0.08901792451298607
YEATS4,0.15588390454714424,0.015267625231898257,0.0013885076592588252,0.0012107140969009333,0.0011063832254580575,0.8251428652393397,0.003705604981617816
CCT2,0.2095297977227919,0.03132223695703448,0.003352672133839024,0.0032316655389102444,-0.00025885781774548366,0.7528224854651698,0.006325479855003785
BEST3,0.09062362965540775,0.011209292548155031,0.0017873003363039625,0.00014147419570685604,0.0019953664113386144,0.8942429368530878,0.003924140943349433
PHLDA1,0.0025077576799252977,0.0019736521061192534,0.0036960216157595803,0.00027773840272922803,0.0010505814516425733,0.9904942487438241,0.005024341470131382
E2F7,0.0853291282821052,0.004595285773447491,0.0005790860235165146,0.00046669223923408165,4.702664919684074e-05,0.9089827810324999,0.001092804911947437
PAWR,0.1099757490550958,0.02117290320682169,0.0008742952610030219,0.00102084646734113,-6.612623820340113e-05,0.8670223322479418,0.0018290154901407507
CEP290,0.026832145460426123,0.007497291806229017,0.003196407795124645,0.0008668193911229999,0.00022850159795977099,0.9613788339491375,0.004291728784207416
DUSP6,0.1670367822361853,0.020558318331745762,0.01477782282115106,0.005074733004509252,0.0272790384523868,0.7652733051540218,0.04713159427804711
AC025164.1,0.15935575674019065,0.01723010548799786,0.00230739102397165,0.005815874559463918,0.002410619914299389,0.8128802522740766,0.010533885497734957
LINC02397,0.2887023385827907,0.05810716988805387,0.0025568356245928014,0.0013921850876013053,0.003988028732460069,0.6452534420845013,0.007937049444654176
MRPL42,0.0580515694480572,0.0151131147126565,0.006014431350463617,0.004389268473793312,0.003698211095971418,0.912733404919058,0.014101910920228347
SOCS2-AS1,0.09083008509441122,0.004274789955517944,0.0008198663626923647,0.00025785929480816316,-0.0002402223069586651,0.904057621599529,0.0008375033505418628
SOCS2,0.25357804107893134,0.022651975973128957,0.0018576367022949403,0.0007120937741919575,-4.410105764068861e-05,0.7212443535290936,0.002525629418846209
METAP2,0.23790027946160203,0.014525935884388663,0.004513954164513501,0.004161064591200414,-0.0006275627365107117,0.7395263286348062,0.008047456019203203
SNRPF,0.1767461395732825,0.031872813459609156,0.015224592814834154,0.013087638588216821,-0.005598664757873267,0.7686674803219307,0.022713566645177707
GAS2L3,0.05314106101573715,0.0015761769709381757,0.0008476186859244228,0.0004695042099101543,1.3225127613869514e-05,0.9439524139898763,0.0013303480234484466
UTP20,0.02929009787991527,0.004103425617906328,0.00030291280131837517,0.0006386983290490797,0.0006578981416400301,0.9650069672301709,0.001599509272007485
CHPT1,0.08435323091080599,0.009944246559820846,0.003990899982690893,0.009571233173918545,0.001917730031152004,0.8902226593416117,0.015479863187761442
NUP37,0.08707505330537361,0.009500543185455027,0.001703283724224347,0.0023086841036255162,0.0010799028073548433,0.8983325328739666,0.005091870635204707
PARPBP,0.13713346241657653,0.006196481761974987,0.0016727757659651121,0.0010877486417920634,-0.00029308389899590503,0.8542026153126872,0.0024674405087612705
HELLPAR,0.05719813221598835,0.003970775124046588,0.0011506471199145968,0.00033594708186051453,-2.1309113335234164e-05,0.9373658075715252,0.0014652850884398771
HSP90B1,0.15382196255695563,0.015255007654189606,0.009806593243038758,0.003367644139229603,-0.0011008837099929503,0.8188496761165793,0.012073353672275411
C12orf75,0.14020802584787936,0.011251961469669225,0.0029562602184956266,0.0005020243677415215,-0.00038700946385933355,0.8454687375600736,0.0030712751223778145
TMEM263,0.16678495400679508,0.03842696716514818,0.0010512535878409168,0.001639095454004924,0.0037400533592422958,0.7883576764269686,0.006430402401088137
MTERF2,0.06048682053807044,0.005696442698848191,0.0008329862281409167,0.0004397715092384902,0.0003589717911232221,0.9321850072345788,0.001631729528502629
ALKBH2,0.056525027977549,0.008124609054047209,0.0008280063441264279,0.0004724145670486346,0.00012297370355940362,0.9339269683536693,0.0014233946147344662
UNG,0.1711102058329606,0.02205566235394621,0.0015244617847054442,0.0008091949418923827,0.0004261751731906571,0.8040742999133047,0.002759831899788484
MMAB,0.05684932289205512,0.008803739249098733,0.0010119365299735422,0.0009092954854641455,0.0002152132301953269,0.9322104926132131,0.0021364452456330146
GPN3,0.05981561244308315,0.004258809858281261,0.0018172983980628138,0.0018755924374399963,0.0002781342597105857,0.9319545526034222,0.003971025095213396
FAM216A,0.07595997131782482,0.006823098365838762,0.000425732674855267,0.0003051137925272618,0.00018740653250688688,0.916298677316447,0.0009182529998894157
CUX2,0.002108868712347334,-5.6451960578887597e-05,0.0001503434830596147,2.2018405193501532e-05,0.0001432837814360267,0.9976319375785424,0.00031564566968914293
DTX1,0.26781529026346407,0.03795381344314819,0.0007737294518453397,0.001388201731397809,0.005154896875355253,0.6869140682347894,0.007316828058598401
CFAP73,0.20161381602584924,0.02723016004231521,0.0027064742214611692,0.00012109267875773377,0.004859683885768268,0.7634687731458484,0.007687250785987171
HRK,0.2034092062361731,0.040545263087295974,0.0032220528435468188,0.0008633798023182093,0.008883941125504918,0.7430761569051609,0.012969373771369946
TESC,0.20777395162817025,-0.002346123855977461,0.003113147783710163,0.005680442258358592,-0.00037637891939443224,0.7861549611051328,0.008417211122674323
RFC5,0.1010435016587708,0.01077473769264961,0.0010511438093067649,0.0012161604021440758,0.000206123921803969,0.8857083325153248,0.0024734281332548097
PEBP1,0.3018789865163678,0.058873327800245456,0.003401185574599397,0.001487080071270519,0.0017998072737372417,0.6325596127637796,0.0066880729196071576
PRKAB1,0.03607006133032868,0.0016220124257404073,0.0013029503551979724,0.0012979800323250495,0.0005436966974564916,0.9591632991589514,0.0031446270849795135
CIT,0.11634751162764127,0.0038740918110324457,0.00034705817446023524,0.001059905430567526,0.00046487494186196743,0.8779065580144365,0.0018718385468897286
RPLP0,0.4529559849347381,0.06104770264864445,0.015222905292818667,0.004672338823652256,0.004125548746383378,0.46197551955376315,0.0240207928628543
ACADS,0.048570266833152166,0.0001049967209742278,0.003626158692588706,0.0009590374373893221,0.0007421868320634656,0.9459973534838321,0.005327382962041494
PSMD9,0.14555694595648264,-0.002500570787955736,0.008159637099867806,0.005904829131363892,-0.00349959854290946,0.8463787571431509,0.010564867688322238
BCL7A,0.35319746381727646,0.0997264168496696,0.002960223683416696,0.0015533219857763458,0.008633964515285808,0.5339286091485751,0.01314751018447885
HCAR2,0.014294464036719128,-0.001093844245915498,0.0034897428664529204,0.0019447630058565014,0.002911148520368537,0.9784537258165185,0.008345654392677959
HCAR3,0.02815248392163526,-0.002408014191344128,0.0037308071858432115,0.0048522443179382715,0.00255531049242793,0.9631171682734995,0.011138361996209413
C12orf65,0.06650808628922782,0.0168991291931556,0.00207647589479866,0.0007115380071322369,0.001569944397687817,0.9122348262179979,0.004357958299618714
CDK2AP1,0.11288096745215684,0.009910687277933011,0.0036835863506330113,0.0030914740390252937,-0.0006977167526202033,0.871131001632872,0.006077343637038102
KMT5A,0.1863119124205782,0.004074766720596312,0.002842934242726497,0.003013153278176167,0.00036705276170412304,0.8033901805762187,0.006223140282606787
ATP6V0A2,0.047981723517925484,0.006687536931048656,0.001855353048311352,0.0019275548434747394,0.0018934394503474991,0.9396543922088922,0.0056763473421335905
RAN,0.2990462726759262,0.026971812338884182,0.0035820951523601874,0.004609639186452574,-0.0012688045506542012,0.667058985197031,0.0069229297881585605
PXMP2,0.21925779018381003,0.013578618328984687,0.0016868320308839335,0.0002508976630706816,-0.00022499613546531072,0.765450857928716,0.0017127335584893044
SKA3,0.11772428875746917,0.007658954305216029,0.0018495176828927096,0.0002721031721554801,5.389067248454116e-05,0.8724412454097821,0.002175511527532731
MIPEP,0.05150763431770277,0.007474531337752555,0.0017189678908470923,0.0007864584937063712,5.284081313172012e-05,0.9384595671468595,0.0025582671976851837
CENPJ,0.04846753338558761,0.008446130626943112,0.0012284298276883723,0.0004362574824839996,0.0003576481655185246,0.9410640005117784,0.0020223354756908965
GTF3A,0.12210765986970866,0.019562281060687456,0.007519899906631045,0.004271051562902667,-0.00301795957046469,0.8495570671705348,0.008772991899069021
FLT3,0.07724214372414058,0.007487608067362664,0.004375079269443763,0.0006102861885653593,0.00021121224832953978,0.9100736705021581,0.005196577706338662
SLC7A1,0.10845495051228567,0.004487967812725341,0.000849286064125987,0.0027317721341958284,0.0002904373876660704,0.8831855860890011,0.003871495585987886
LINC00426,0.13324868801934947,0.013161427589224756,0.0008791198814737389,0.0007626460315459105,0.0007333638872308867,0.8512147545911752,0.002375129800250536
HMGB1,0.45612811693158306,0.05435778506947009,0.006260789186308013,0.0021998007911014916,-0.000601100522777509,0.48165460854431486,0.007859489454631996
HSPH1,0.05291067162032709,0.004019018223153398,0.0044425090218989105,0.0027243575288225658,0.0006895574201798427,0.9352138861856182,0.007856423970901319
BRCA2,0.14787830383760467,0.012580317266960489,0.001742069287691217,0.00020570525479535196,0.0006685475721254219,0.8369250567808229,0.002616322114611991
RFC3,0.12349310116896188,0.00946225774448732,0.0022794774510191407,0.002370747767310416,-0.00021267598140548016,0.8626070918496267,0.0044375492369240765
EXOSC8,0.12162236052941414,0.015432834710878113,0.001375266722834001,0.0010113084925277571,-6.997462920063646e-05,0.8606282041735467,0.0023166005861611216
MRPS31,0.06178865422815934,0.01638034108800504,0.0018404437802921336,0.0017354836458374906,0.0025624318320301154,0.9156926454256759,0.00613835925815974
SLC25A15,0.11906690280133239,0.011190753754538263,0.0008470122623215337,0.0005844849666205021,0.001367104715582601,0.8669437414996047,0.002798601944524637
RGCC,0.3204346055263994,0.012404962162200717,0.0177402738471229,0.011839947597315048,-0.008883726711882478,0.6464639375788443,0.02069649473255547
TSC22D1,0.2387081917639191,0.018542729379747658,0.0029098973683520657,0.0012388971960519135,0.0014373437081345308,0.7371629405837947,0.00558613827253851
RUBCNL,0.1948682718448817,0.050372773345642996,0.0030228064028571255,0.002064620061221989,0.010053149335484346,0.7396183790099118,0.01514057579956346
ESD,0.11762737858594693,0.01760302014417317,0.003076245161684671,0.004128716805888055,0.0004077872886286693,0.8571568520136785,0.007612749256201395
EBPL,0.2546167222447421,0.030713662392573837,0.00827588371759952,0.0030075453729218604,0.0010395405074390962,0.7023466457647236,0.012322969597960476
DLEU1,0.06757286329543907,0.01263128859168737,0.0011207502158269433,0.0015589473100502543,0.0005140250828836457,0.9166021255041127,0.0031937226087608434
RNASEH2B,0.16458995451198039,0.03329957153121069,0.004974774855351555,0.0035169839055429752,-5.3602503512856225e-05,0.7936723176994273,0.008438156257381674
CKAP2,0.21596929845980103,0.006016944225397947,0.0019475107854270979,0.0010535744552373216,-0.00034033855515377964,0.7753530106292904,0.00266074668551064
DIAPH3,0.18943598015980811,0.007417350557158614,0.0007918200181084856,0.00042530340819099677,4.7326400017561054e-05,0.8018822194567162,0.0012644498263170434
PCDH9,0.3725399379051652,0.0885954030716552,0.004829184247844731,0.002449383357586876,0.015339002892339748,0.5162470885254082,0.022617570497771355
DACH1,0.05263448913652679,0.0018547159008001704,0.000509779323717624,0.00033428317091210163,0.0004605825419837159,0.9442061499260596,0.0013046450366134416
MZT1,0.15862528921260413,0.008029459856054189,0.004491840517812429,0.005501143885768889,-0.001505019462492485,0.8248572859902529,0.008487964941088832
ABCC4,0.0628096841083953,0.0027923555614845774,0.0013012486096095066,0.0006033712396825153,0.0006436679217064339,0.9318496725591217,0.002548287770998456
CLDN10,0.11858992819297808,0.0049142593209847985,0.0005321315238524527,0.00027186610422930135,0.00033903586285582987,0.8753527789950996,0.0011430334909375839
IPO5,0.0628161120384394,0.006928048582499638,0.0029023165133199857,0.0024944149606810767,0.0007151115385265888,0.9241439963665333,0.006111843012527651
GPR183,0.045714975392053145,0.0028752204318126112,0.017722423561369625,0.0006147586350475631,0.00381511966382201,0.9292575023158951,0.0221523018602392
TEX30,0.11426879080267174,0.012797777058980275,0.0014017900243241954,0.001542630172406828,0.0004549979744467858,0.8695340139671701,0.0033994181711778093
GRTP1,0.13943394777683066,0.0109080140019443,0.004145672248842991,0.0005076206428154817,0.002367557779887064,0.8426371875496795,0.0070208506715455365
TFDP1,0.36503502537506505,0.00838307042890768,0.006612965499343648,0.007679982367866378,-0.0030233544612772723,0.6153123107900945,0.011269593405932754
CCNB1IP1,0.12125088059229494,0.016883096938044934,0.0022426008332463165,0.0011042327219794312,1.7705785020194487e-05,0.8585014831294142,0.0033645393402459423
AL355075.4,0.020524619605945267,0.00015310100774834634,0.0027785223027450533,0.0009491137766272847,0.0010035364078002477,0.9745911068991338,0.004731172487172586
APEX1,0.17687011981759382,0.03388338994568274,0.005108192779500864,0.004335063795867011,-0.00045578143879618227,0.7802590151001517,0.008987475136571693
RNASE3,0.14886627873598476,0.0044008246702674225,0.0021397268257070112,0.0007660791495535668,-0.0006570281226969676,0.8444841187411842,0.0022487778525636104
AL355922.1,0.0708017093155202,0.00016604588623816974,0.0010913884521755318,0.00041707707841509567,0.0006355038522916079,0.9268882754153593,0.0021439693828822354
RNASE2,0.27602604633255334,0.012594507476629657,0.01172088187354986,0.0013104262309355241,0.0002920012784524695,0.6980561368078791,0.013323309382937853
SUPT16H,0.12693766550715735,0.02035696061005643,0.0034850460057320454,0.002501734916111026,0.002741452158188412,0.8439771408027548,0.008728233080031483
AC244502.1,0.05808936341912408,0.001536674842235554,0.0005184033324613369,0.00013654813566110757,0.0002915053577593474,0.9394275049127586,0.0009464568258817918
TRDC,0.0024966128840045896,-0.0001721436680375641,0.00045363424011279647,0.00016957696833789322,4.363971431194363e-05,0.9970086798612703,0.0006668509227626333
TRAC,0.02351737973816604,0.006974469145897784,0.0005161421447403142,0.0023878882321135067,0.001110210287873184,0.9654939104512091,0.004014240664727005
HAUS4,0.06230355951024256,0.007481197526502122,0.005664832626305502,0.002825419082739991,-0.0003335025717093876,0.9220584938259192,0.008156749137336106
PSMB5,0.13890001386145084,0.009387301522063074,0.0007646737720760355,0.0008891635179227586,0.00020313167310095914,0.8498557156533864,0.0018569689630997532
REC8,0.03627585888183479,0.0019054259047126543,0.003437263497195857,0.0007680777200627514,-9.24887176478803e-05,0.9577058627138418,0.004112852499610728
CTSG,0.392891861309024,0.010825742531324845,0.0029240669376143225,0.0006302152509192194,-0.0005936779768411782,0.5933217919479588,0.0029606042116923637
GZMH,0.0010592525799842179,2.8247024625126932e-05,0.0030657750207055854,0.00015446538793967898,0.0007788912872074578,0.994913368699538,0.003999131695852722
GZMB,0.0012945331204765572,-0.0004298142736521985,0.003378728215045044,0.0004502910143722389,0.0005659332573028455,0.9947403286664556,0.004394952486720128
COCH,0.031457683194001294,0.0035484090694041723,0.0017101365158317602,8.586119382603119e-05,0.0002968272081196807,0.962901082818817,0.002092824917777472
AKAP6,0.01804585839013445,0.003328052214598941,0.0010860507166733611,1.7801083760725367e-05,0.0005518192527292042,0.9769704183421033,0.0016556710531632907
SLC25A21,0.2653670680453204,0.00945876825978581,0.0015127654819910852,0.0012290612338765605,0.0033241974880735548,0.7191081394909526,0.0060660242039412005
PNN,0.14469162973313612,0.03821141563619229,0.014460555761469235,0.004195007435725984,0.0004409013425774877,0.7980004900908989,0.019096464539772706
AL132639.2,0.0029834777108402317,0.00023261442434340538,0.0004483664782980899,0.0001927706695771642,-0.00010760329495609466,0.9962503740118972,0.0005335338529191594
FKBP3,0.09982247675831078,0.02079180427427564,0.003611859178948962,0.002337430208357763,0.00046791301512773276,0.8729685165649791,0.006417202402434458
LRR1,0.1246210344452575,0.0074201828540328835,0.0015002367913971026,0.0014218107080268272,-0.0003638411093004057,0.8654005763105861,0.002558206390123524
POLE2,0.18136097483696817,0.012480204388659516,0.0013288305798168087,0.001054962328872422,-0.00024609429162109064,0.8040211221573041,0.00213769861706814
AL627171.1,0.03123662321254281,-4.377595085914773e-05,0.0015438271714712515,0.006874283253675624,0.0059162298438462865,0.9544728124693231,0.014334340268993162
PTGDR,0.004368784104156372,0.00020125246404542173,0.00020250639465789824,8.013429131242377e-05,2.6503982686350465e-05,0.9951208187631415,0.0003091446686566725
CDKN3,0.4007144080314096,0.016631522507574326,0.0009779063065636917,0.0007367193195125799,-0.00024836603788780387,0.5811878098728276,0.0014662595881884677
WDHD1,0.11504716418465426,0.011042351744323345,0.0006620623524664637,0.0009319058746997955,0.0003585386320736905,0.8719579772117825,0.0019525068592399497
DLGAP5,0.4122099953813434,0.016955541420661302,0.0010660107798648455,0.0008413050536179023,0.00034002411140837685,0.5685871232531041,0.0022473399448911247
PSMA3,0.0777260439151967,0.011077576786862331,0.0039847135366462005,0.0033533381138644153,-0.0006070685976245771,0.904465396245055,0.006730983052886039
DAAM1,0.1626601094691802,0.01033157114931696,0.0024110359338061493,0.0015491847667457037,0.003592885877580776,0.8194552128033702,0.007553106578132629
PCNX4,0.026015724127480364,0.004140031032464842,0.0034571881997171663,0.0023015001495170773,0.0021305265389409862,0.9619550299518795,0.00788921488817523
AL359220.1,0.014352989046449195,0.0010579154102274176,0.000768747375141177,2.6791184514724647e-05,4.113821561371571e-05,0.9837524187680537,0.0008366767752696173
SYNE2,0.12333309923093502,0.03239256805067722,0.006452318624200065,0.0006013192913968124,0.0054804580081734555,0.8317402367946174,0.012534095923770333
MTHFD1,0.07607503037609649,0.007768431375902454,0.0006194841536413531,0.0015327313437226292,0.0004662260978564453,0.9135380966527806,0.0026184415952204276
SPTB,0.27241620117234655,0.01373263916229056,0.0012284593683727363,0.004110477006193269,0.00024862398734160074,0.7082635993034553,0.005587560361907606
EIF2S1,0.05601220643415107,0.005117133063599073,0.0024387760111119205,0.0043491204552731505,0.0009090537521827466,0.931173710283682,0.007696950218567818
ERH,0.14729650457127147,0.02583784769577821,0.00919261526829071,0.009396546855535759,-0.002163867229250549,0.8104403528383743,0.01642529489457592
AC004817.3,0.015392026926792788,0.0013834965054589157,0.0023225532862608464,0.00032851603910116073,4.805838415793823e-05,0.9805253488582284,0.0026991277095199454
BBOF1,0.10074657915808771,0.020091170959245036,0.0023441681004984782,0.0006345605801859611,0.001301408822669492,0.8748821123793133,0.004280137503353931
LTBP2,0.004995566172538808,0.0009231132516741864,0.0009238767721417556,0.0003789154273469474,0.000226409979152656,0.9925521183971456,0.001529202178641359
RPS6KL1,0.07888197887428666,0.005607630950457396,0.00138688888583903,0.0001640843691820132,0.001176766770991572,0.9127826501492433,0.002727740026012615
ACYP1,0.09955453538878656,0.012666146101004278,0.002095678320663527,0.0014870661660165568,-0.00038406650300859546,0.8845806405265377,0.0031986779836714885
SLIRP,0.11397180405714424,0.0085887889013547,0.015156839591591836,0.013229540746018897,9.184647086096787e-05,0.8489611802330294,0.0284782268084717
STON2,0.057343727221317996,0.001839869021341152,0.0007465609550723548,0.0002799748933803928,2.372340695605546e-05,0.9397661445019321,0.001050259255408803
GPR68,0.0014083093542906896,0.0002058106736071779,8.573963777297922e-05,0.0001573332448095877,0.0001173800058508151,0.9980254270836687,0.000360452888433382
LGMN,0.004995328936385522,0.0005858558957136557,0.0007054929587509955,7.953773795916878e-05,5.916561235648141e-06,0.993627867909955,0.0007909472579458125
IFI27L1,0.12230785961563603,0.005039182734726838,0.0005717857935858828,0.00013063595919377002,-8.853324390881157e-05,0.8720390691407662,0.0006138885088708412
IFI27,0.04510967014852087,-0.003457601198344512,0.011669702216961945,0.0005443882976589876,0.002686193066841862,0.9434476474683609,0.014900283581462795
SNHG10,0.07523484431904501,0.010010620244989984,0.002666279666002122,0.0031054310115765094,-1.400554546548971e-05,0.9089968303038518,0.005757705132113142
GLRX5,0.5810337564171821,0.06429572442575493,0.004471173022720265,0.002493240784831041,-0.0002485424775255929,0.3479546478270372,0.006715871330025713
TCL6,0.18230535678512208,0.032810869747828014,0.0016764484321032391,0.0009283780806154107,0.0030195936612715524,0.7792593532930597,0.005624420173990202
TCL1B,0.0682781206079622,0.009080417069103355,0.004098748362107274,0.00020852024060180607,0.0008318558643495566,0.9175023378558758,0.005139124467058637
TCL1A,0.5762217376685094,0.12799766145077385,0.0022086917935847383,0.001643335378566424,0.0058154669855984276,0.2861131067229672,0.00966749415774959
AL139020.1,0.15964917347593022,0.035548556907908174,0.0020773463059003405,0.0030355967494879454,0.0018003065786923456,0.797889019982081,0.0069132496340806315
VRK1,0.1590235685876294,0.014252957414249284,0.0025167025780830354,0.0025138869256423613,0.00011019450378524365,0.8215826899906107,0.00514078400751064
BCL11B,0.0010365571675487089,-5.6677743885083075e-05,0.0008739450623438385,0.0009264740885266752,0.0008213692219109854,0.9963983322035549,0.002621788372781499
CYP46A1,0.005333017924969465,0.0006257226052458088,0.00010154247797672985,0.00010278971465703304,-3.4471872243915444e-05,0.9938713991493949,0.00016986032038984744
HSP90AA1,0.3011297807803612,0.01224821335634868,0.00928658257092524,0.006126042323371883,-0.0013108520797547318,0.6725202330487478,0.01410177281454239
ANKRD9,0.30221890805248003,0.020601410933123676,0.002635338005663068,0.004308459664030151,0.0005615228894129687,0.6696743604552902,0.007505320559106188
AMN,0.015695369493215545,0.001926724245616001,0.0003241407090828971,2.2779908505327073e-05,4.574388593962808e-06,0.9820264112549862,0.000351495006182187
CKB,0.20779742702757795,0.004898643110798823,0.001704315116930727,0.0006201743219805822,0.0006487329924924345,0.7843307074302195,0.0029732224314037436
ZFYVE21,0.12916993264058002,0.0032320570170573104,0.0006706961614130202,0.002635535174408482,0.0006887924301568205,0.8636029865763843,0.003995023765978323
SIVA1,0.1728711463188008,0.00968464008430453,0.005538912372375859,0.0019273317956312597,-0.001687366150956049,0.8116653355798435,0.00577887801705107
PLD4,0.08069676918646353,0.01587130158260977,0.002405213652000318,0.0026334926315608326,0.002768963606452346,0.8956242593409132,0.007807669890013497
CDCA4,0.16005302467603397,0.00683471712326697,0.002024855584030205,0.0024136243837272475,-0.0006864373332215734,0.8293602155661632,0.0037520426345358793
CRIP1,0.20400699813341944,0.03937480052027592,0.005625804059837036,0.0030055652755341666,-0.0009776548419961617,0.7489644868529296,0.007653714493375041
TMEM121,0.0625853741997889,0.009001275552921836,0.0006048322098199388,2.899249471545462e-05,0.00016650250191416194,0.9276130230408397,0.0008003272064495554
IGHA1,0.006131428098079206,0.002326661262734597,0.036075770637234564,0.026739696171856012,-0.018055898286693895,0.9467823421167895,0.04475956852239668
IGHD,0.5980960082391628,0.09762738027525186,0.0013718394573560833,0.002280204035198019,0.00281285398131792,0.29781171401171336,0.006464897473872022
IGHM,0.7357929425350691,0.13968177477800092,0.0007901938198413561,0.001639640711339152,0.0013267584399613286,0.12076868971578814,0.0037565929711418367
FAM30A,0.3348827729021927,0.05553321266082878,0.001081814980013307,0.0006176850111151988,0.0024925084868805403,0.6053920059589695,0.004192008478009046
IGHV3-23,0.019127274724259048,0.004732937570391477,0.00048823039775659424,0.00011484477727776582,0.00034991742199465617,0.9751867951083204,0.0009529925970290162
AC138649.1,0.09876327711915112,0.007464706726138165,0.0011568571686710882,0.0009160762151110696,0.00045247104383862313,0.89124661172709,0.002525404427620781
SNHG14,0.06730129206190456,0.02369118617227478,0.003607063992609502,0.0007739899227739294,0.002047758490482457,0.9025787093599548,0.0064288124058658885
ARHGAP11A,0.10885230972695477,0.005339656277182345,0.0008104240663037582,0.0009495212982061491,0.0007211780792156647,0.8833269105521373,0.002481123443725572
SLC12A6,0.04168179398251355,0.002701504636947162,0.004149113761957722,0.003491836150687287,0.0039005673428339008,0.9440751841250604,0.01154151725547891
NOP10,0.11203505417950324,0.009735496770023278,0.010314793163361508,0.0202393392667152,0.004195163231479615,0.8434801533889171,0.03474929566155632
RASGRP1,0.07589746351702328,0.023831185850806805,0.0012303001577664702,0.0005139763632221739,0.0033285445923686707,0.8951985295188126,0.005072821113357315
THBS1,0.1142326686530511,-0.015001522892128777,0.0336075096522811,0.0020835195701262577,0.026205124208143804,0.8388727008085265,0.06189615343055116
AC037198.1,0.025161273659247516,-0.005613146346470782,0.005103766645040132,0.0014569906652600433,0.006358100699086246,0.9675330146778368,0.01291885800938642
BUB1B,0.12239891171757225,0.008491280216464309,0.0006638026904914884,0.0006099299928370716,0.0012346276318716265,0.8666014477507633,0.0025083603152001865
KNSTRN,0.07733119355121572,0.0024357578385634793,0.0005776364591012911,0.0013329606258596916,0.00045328297131549955,0.9178691685539443,0.0023638800562764822
KNL1,0.25722820475781494,0.011867358514320803,0.001906436476527773,0.0008032971634163721,0.0004984763517630886,0.7276962267361571,0.0032082099917072338
RAD51,0.12335758065008244,0.01235587474117604,0.00022725037566589945,0.00045119003731936,0.0005189510121963448,0.8630891531835599,0.0011973914251816042
NUSAP1,0.5596107169773923,0.023806192855926778,0.0005309260242027936,0.00047089637383224137,8.199482821058535e-05,0.4154992729404353,0.0010838172262456203
EPB42,0.5153707923892034,0.0646400565812697,0.002263068184707673,0.007612371274201779,-0.00015545377145886885,0.41026916534207636,0.009719985687450583
MAP1A,0.04828392674568207,0.0039181308667400536,8.877219378446155e-05,0.00020735582584832657,0.00015922500096144515,0.9473425893669837,0.00045535302059423327
MFAP1,0.05592097642522918,0.008679806262782142,0.0021161406302709074,0.0005486046527745647,0.002999407915751387,0.9297350641131918,0.005664153198796859
WDR76,0.15477100693575493,0.01326292186836886,0.0013037807125819978,0.0007246992610281389,0.0007006932429147739,0.8292368979793513,0.0027291732165249105
MYEF2,0.04674818814060967,0.014097939874281956,0.0013360781750674233,0.00040014146515801596,0.0018505055182438113,0.9355671468266391,0.0035867251584692506
DUT,0.35496587519760203,0.0296671833017092,0.00653521798414014,0.002560657860878446,-0.0011428211660749477,0.6074138868217451,0.007953054678943638
FBN1,0.04976675944674552,0.0034440153626795478,0.0005026765231238503,0.0001388167188607417,9.144926689699101e-05,0.9460562826816934,0.000732942508881583
CEP152,0.04341717576018291,0.0024553895672978707,0.0010640990093850333,0.0007451599487451263,0.0022882944621699583,0.9500298812522191,0.004097553420300118
ATP8B4,0.06745017031933695,0.005509241615591937,0.007426254480095096,0.00150839898055323,-0.0014032833625194363,0.9195092179669422,0.0075313700981288895
SLC27A2,0.10646771078089037,0.009560139684562333,0.00044447845408901454,0.0001630357385187381,0.00028662113477698203,0.8830780142071626,0.0008941353273847347
MYO5C,0.07043095642279472,0.00434179109519961,0.0006311571145988515,6.633322907348416e-05,-4.762232741845063e-05,0.9245773844657518,0.000649868016253885
NEDD4,0.05368147136316469,0.004379167531894476,0.0007768449415305884,0.0007087324984512908,0.0006054586274214999,0.9398483250375375,0.002091036067403379
TEX9,0.04795883993094083,0.002015425140435241,0.0011934503719020842,0.0001593624328888807,0.00018204815422902948,0.948490873969604,0.0015348609590199944
MNS1,0.11628709870353726,0.00794513654960513,0.001176501726163598,5.791646209638013e-05,0.00021494857547946222,0.8743183979831182,0.0014493667637394403
LINC00926,0.4593873640367175,0.056534209840832406,0.0019556771476859636,0.001472638834618234,0.001393508317612091,0.4792566018225338,0.004821824299916289
CCNB2,0.34537708017597474,0.014898301518411317,0.0008972612815609238,0.0008865398773947875,0.0003533449306844516,0.6375874722159738,0.002137146089640163
RORA,0.026615612072298116,0.002156037782031814,0.0004605968010816912,0.0005982661434754885,0.00028201119335300937,0.9698874760077599,0.001340874137910189
TPM1,0.20799258015427183,0.005397283760007393,0.0027273142864943645,0.0007853206356922271,-0.00039979177312093883,0.7834972929366552,0.0031128431490656527
SNX22,0.1866431518555845,0.02854142267320145,0.00199352044259693,0.003915106698616916,0.0005793820253545134,0.7783274163046456,0.006488009166568359
PCLAF,0.5239396555066101,0.03839388321854054,0.0023833943610669373,0.0017957142545153015,-0.0006522193939183518,0.43413957205318543,0.003526889221663887
PIF1,0.044714679333172636,0.0012668472280878348,0.0005835096464391065,0.0002236515149075663,0.0003309858963417914,0.952880326381051,0.0011381470576884642
HACD3,0.18733535294085132,0.019990515878944126,0.0010188270037084501,0.001579127486712073,0.00029966484811799754,0.789776511841666,0.0028976193385385207
RPL4,0.35007950491277795,0.038240323041902724,0.018809953902353238,0.00940686620647313,-0.006125847216152613,0.5895891991526456,0.022090972892673755
KIF23,0.17505998672101228,0.004985234548803064,0.0006892006454921329,0.0008107255660643742,0.00023679416699662337,0.8182180583516315,0.0017367203785531304
NEO1,0.01597714731197597,0.0008980651473891287,0.0009061405274449,0.0006854059507947902,5.252088569432031e-05,0.9814807201767008,0.0016440673639340105
AC100835.2,0.17340201647386266,0.010562822833899171,0.001472155020081689,0.0035092404780880937,0.00118177132823033,0.8098719938658381,0.006163166826400113
COX5A,0.1457883209057823,0.023828522189032614,0.004137923958173084,0.002025181848706925,-0.0009443600514105477,0.8251644111497156,0.005218745755469462
COMMD4,0.09367176406092494,0.0056200511990414925,0.002525067192566649,0.0014664755810244734,2.2593298471818013e-05,0.8966940486679706,0.00401413607206294
NEIL1,0.2438934556197132,0.03640819443835991,0.0003277994025344122,0.0022610282852703056,0.003498333800019182,0.713611188454103,0.0060871614878239
ETFA,0.07577451089708002,0.002233739692020717,0.005195520798690179,0.004325686010477683,-0.001586459018049713,0.9140570016197811,0.007934747791118149
CIB2,0.021196591938820522,0.001924556651778972,0.00039308970693464895,8.065150336337631e-05,-4.024123003903285e-05,0.9764453514291415,0.0004334999802589924
ACSBG1,0.06780452205741916,0.0033924234559522676,0.0007419494229226192,0.0002523193667831186,0.0009307110413974279,0.9268780746555254,0.0019249798311031657
DNAJA4,0.32362977754295186,0.009051345950682965,0.0015985135083537716,0.0026935961820795384,-0.0004182140367268161,0.6634449808526587,0.003873895653706494
RPS17,0.39545151060736666,0.042229360871112176,0.019837914228070574,0.0048219170850797854,-0.0019316248337770126,0.5395909220421478,0.022728206479373347
HDGFL3,0.07780824873294899,0.01229953793451899,0.0016698411980366895,0.0003678040978896818,0.0004000243475193177,0.9074545436890863,0.002437669643445689
AC103876.1,0.09367870761777539,0.004218106416760556,0.002695243995646468,0.0019702218214483758,-0.0005928004869205639,0.8980305206352898,0.00407266533017428
FANCI,0.18615972225346591,0.011797628034523083,0.0005950141912220708,0.0003909475805286555,0.0003274816850819817,0.8007292062551783,0.001313443456832708
IDH2,0.29008167023767195,0.006694254926895626,0.002458468693249727,0.00255102606966523,-0.00013779719603856933,0.698352377268556,0.004871697566876387
BLM,0.05382035669148844,0.009580477894876586,0.0010728972856673957,0.0003850033318411883,0.0015277454853555028,0.9336135193107709,0.002985646102864087
PRC1,0.4449911433931441,0.015873494109826303,0.000790706499441518,0.0010115623124555828,0.0006568950081671798,0.5366761986769653,0.0024591638200642807
SNRPA1,0.0826141399144433,0.012090828227896658,0.0068996890241865005,0.002633589685221621,-0.0011374090893965377,0.8968991622376484,0.008395869620011584
SNRNP25,0.10722036119426837,0.008943689932422366,0.0028862651779845705,0.000641766796864035,-0.0001961199508665329,0.8805040368493272,0.0033319120239820726
HBZ,0.09666844455117249,0.00046148027353229426,0.00791569691899087,0.00020070275822381412,0.0007450469565755402,0.894008628541505,0.008861446633790224
HBM,0.7675454049483619,0.07738006204490289,0.003029893247882387,0.002263209251533338,-0.0005400271147775193,0.15032145762209703,0.004753075384638206
HBA2,0.6711505327117125,0.16459216149770195,0.024799474659728316,0.02387774850217106,0.009554782580189825,0.10602530004849631,0.0582320057420892
HBA1,0.718495892443466,0.14553408898377485,0.01789551330529926,0.016421513956199174,0.007210317415075496,0.09444267389618521,0.04152734467657393
HBQ1,0.4533817758347888,0.02918914375504067,0.003978392448886148,0.0023968603976375347,-0.0009464667844181762,0.512000294348065,0.005428786062105506
NME4,0.43249906543855354,0.024446835619986507,0.0010171894506175172,0.00048311776117676564,0.0011825938942727765,0.5403711978353929,0.0026829011060670593
PIGQ,0.15740560187044927,0.0028175320685674132,0.0008387402142108202,0.004278664603105553,0.0017126518005295133,0.8329468094431374,0.006830056617845887
MCRIP2,0.050028628361144106,0.006494998180666102,0.003588068576823457,0.0014267786761087628,0.00033257865203647347,0.9381289475532211,0.005347425904968693
HAGHL,0.04316827823867353,0.005314918841812025,0.001681396559050287,0.00036577811253841325,0.00019019967973152307,0.9492794285681943,0.0022373743513202232
AC009041.2,0.007044778831217681,0.0009980500582704825,0.0004826779426888809,0.0001448833353317469,0.0004026036521865596,0.9909270061803046,0.0010301649302071874
MRPS34,0.10034131530290936,0.00780013892632464,0.0015619466234810392,0.0023024990576866744,-0.0001681724677852492,0.8881622725573836,0.0036962732133824644
HAGH,0.40556414409590175,0.03266895076642773,0.0022064842215650526,0.003957208106185495,0.004028052831862694,0.5515751599780573,0.010191745159613241
FAHD1,0.08080120785512865,0.001711746323965882,0.0014428518807432095,0.001663072393791945,-0.0009006523763141344,0.9152817739226844,0.00220527189822102
RPS2,0.6649305466273326,0.0603509308943575,0.005740081195416136,0.003423783352776044,0.0014278416850900255,0.26412681624502765,0.010591706233282205
NPW,0.19354576733395942,0.00657207313692057,0.0019392392752336785,0.00021888795975522068,0.00018764508701255012,0.7975363872071186,0.0023457723220014493
SNHG19,0.11940932723958098,0.016468488626251415,0.0027775257081466,0.0036392006835773982,0.002364752630017425,0.8553407051124262,0.008781479021741423
ECI1,0.0850039700784811,0.004288380422461421,0.0030835519487643764,0.0009931312962271066,-0.0006817204941015759,0.9073126867481676,0.003394962750889907
CCNF,0.12092030803346399,0.005076265968596616,0.0005469840922554814,0.00041437473062769237,0.0008564997058316537,0.8721855674692246,0.0018178585287148274
PKMYT1,0.12454549832007775,0.007197284437208656,0.00013604195667785146,0.000935564058130528,0.001259782523380465,0.8659258287045247,0.0023313885381888444
IL32,0.002811495456070804,-0.0005389980695954888,0.0019604035625067125,0.0012191431754441893,0.0043383539490375895,0.9902096019265362,0.007517900686988491
AC108134.2,0.006996486341040103,-0.00024953772839193464,0.0005705472116856944,0.00034247764258921176,0.001087059093942972,0.9912529674391339,0.002000083948217878
TRAP1,0.08904032875365729,0.007179131985230083,0.00137150495408285,0.0010366188360786815,0.0006434926015060904,0.9007289228694451,0.003051616391667622
DNAJA3,0.024726139239799372,0.011171920443287093,0.001760597668737117,0.0013050119955042641,0.005064997256398043,0.9559713333962742,0.008130606920639424
CARHSP1,0.18989199944489432,0.0035800211345195787,0.002115387472784225,0.0014153035412714232,0.0016718381179545994,0.8013254502885758,0.005202529132010247
ATF7IP2,0.08101862039323258,0.021847179972317,0.011750944712418901,0.0008205243210812757,0.0002393404410133415,0.8843233901599369,0.012810809474513518
DEXI,0.03666484327560109,0.005149340725288304,0.0006185924298557424,0.0007347351419840567,0.0007409682845619311,0.9560915201427089,0.0020942958564017303
RMI2,0.11107026459344954,0.011636714626925823,0.001142959546002409,0.0013678013577134163,0.0018915708115328361,0.872890689064376,0.004402331715248661
SOCS1,0.09155814989336133,0.005217680140652298,0.0024587243383929758,0.02747695345103804,0.03492000377626914,0.8383684884002862,0.06485568156570015
GSPT1,0.15668923814565527,0.02521580214255223,0.003006366747472039,0.006887256975698947,0.0008967920420408504,0.8073045439465807,0.010790415765211836
TNFRSF17,0.048453983279002744,0.009650205997919145,0.0020665773733523976,0.0005605734765141215,0.00013355819191075702,0.9391351016813009,0.002760709041777276
ARL6IP1,0.1460885051391302,0.0042160190502802675,0.0023120319056150473,0.0032983537294276055,-6.886071889999901e-05,0.8441539508944469,0.005541524916142654
AC130456.3,0.12839697399554048,0.0172444359996288,0.004114688682406942,0.005551940463437405,-0.0020738244769729908,0.8467657853359594,0.007592804668871356
KNOP1,0.042504972780067526,0.005424381167762525,0.0018707272908557726,0.0006675675317082685,0.002254062962905999,0.9472782882666999,0.00479235778547004
ACSM3,0.2579878857084815,0.0383563742599366,0.0038200014230774237,0.0008135153433780906,0.006681117402547954,0.6923411058625784,0.011314634169003468
CRYM,0.041165372291138036,0.0066922210993303685,0.0009674517790073944,0.0002668282012041681,0.0011291856377488377,0.9497789409915712,0.0023634656179604002
NDUFAB1,0.1055185706703318,0.013037133880626203,0.009242778678817398,0.006377697352556555,-0.004497534309805082,0.8703213537274731,0.011122941721568871
PLK1,0.10281259567237602,0.004151408127195708,0.0011532122113901422,0.0006619315888225508,0.0008638005425405659,0.890357051857675,0.002678944342753259
NSMCE1,0.19667280889041516,0.02516680313673611,0.00157573340371861,0.0011696685662397066,0.002964133653961337,0.7724508523489291,0.005709535623919654
IL4R,0.19355514336448232,0.015621655511621507,0.001523376010064803,0.003952858161631045,0.0030884859236597895,0.7822584810285406,0.008564720095355638
TUFM,0.1083836339021834,0.006322356286799752,0.003488604194449574,0.004746140570704355,0.002694132726210288,0.8743651323196526,0.010928877491364217
CD19,0.1724135100984708,0.043415472619970225,0.001532954635267536,0.0041016156854741526,0.0016922230574503427,0.7768442239033669,0.007326793378192031
BOLA2,0.026459459686562183,0.0050121719526227786,0.003149910051774542,0.002458411003516514,0.004698317987858844,0.9582217293176651,0.0103066390431499
SPN,0.19545330603365565,0.0018753336254452857,0.003916448439758913,0.0049295060531804324,0.005149828931856865,0.7886755769161029,0.01399578342479621
MAZ,0.15801329291747368,0.008278358045020112,0.006463934299950347,0.014541959810084798,0.00428486908366188,0.8084175858438092,0.025290763193697025
HIRIP3,0.06903423295948997,0.0065492435395307635,0.00041913540056939813,0.0006197800468625975,-1.269990692241707e-05,0.9233903079604697,0.0010262155405095785
DCTPP1,0.1204610701997188,0.01631252339682926,0.0018629089971323176,0.001400238895854139,-0.0007696596305208081,0.8607329181409863,0.0024934882624656485
HSD3B7,0.03063822274877041,0.0019958561628758177,0.0006202924436041965,3.811271660100757e-05,0.00022387639387227293,0.9664836395342763,0.000882281554077477
AHSP,0.8398860938166917,0.07799186551896031,0.0035412935560418246,0.0023790564489839516,-0.0008608448830729198,0.07706253554239517,0.005059505121952856
SHCBP1,0.15876197026719005,0.0052130459506195825,0.0012413233063238438,0.0011845846398087778,0.00018551192344651302,0.8334135639126112,0.0026114198695791346
ORC6,0.2216285876489034,0.01925179284937506,0.0012804836898301641,0.0008152035633274268,0.00060894561835792,0.756414986630206,0.002704632871515511
HNRNPA1P48,0.04581217609114706,0.014839718208436832,0.006752632999257532,0.0006248453337153737,0.004377385135486057,0.9275932422319572,0.011754863468458963
CRNDE,0.09563977835208425,0.009347100985333104,0.0027387006283664667,7.166482989848233e-05,0.0007390745495546996,0.891463680654763,0.0035494400078196486
CES1,0.1440862975770026,0.0021360969103350613,0.02298523025173721,0.0017195193127501063,0.00626649791614467,0.8228063580320304,0.030971247480631986
MT2A,0.11511227096857585,0.05915183323983483,0.063385453058386,0.004503030132542302,0.00909286623328115,0.7487545463673799,0.07698134942420945
MT1E,0.009006585833643523,0.002873412257663955,0.005640069596972585,0.00017714357222939348,0.0013430168572237371,0.9809597718822668,0.007160230026425716
MT1X,0.0634460361550391,0.0036097399312999268,0.0068086512774624686,0.0031700558483182956,0.00015593665826102443,0.9228095801296192,0.010134643784041789
ADGRG1,0.11369362662782875,0.008191243636259352,0.000334952236472022,0.00021937739770987175,0.0006847830727557819,0.8768760170289742,0.0012391127069376756
GOT2,0.04882746157713898,0.008299096416143036,0.0005830216587460399,0.0008493743584850819,0.0016032465242504582,0.9398377994652364,0.00303564254148158
NAE1,0.10678533543237226,0.016892087097740413,0.0039214227879686425,0.001158574559133263,0.0003128840561959362,0.8709296960665895,0.005392881403297842
E2F4,0.11837400708525445,0.0009492310384353608,0.0035932499732072853,0.007401773253343097,0.0014500039824496547,0.8682317346673102,0.012445027209000037
TPPP3,0.052640571731482746,0.010166207140505604,0.0027830570587907555,0.0002776579354259595,-2.5363940793637907e-06,0.9341350425278743,0.003058178600137351
NUTF2,0.08410401190318774,0.010721523323945548,0.004256172674849276,0.0060268086523529996,-0.001999924555408261,0.8968914080010727,0.008283056771794015
SMPD3,0.0015271294029434608,-0.0001943051395039701,0.0004758893223430229,0.00013730508540916704,0.0002620443727065387,0.9977919369561018,0.0008752387804587286
CDH1,0.1225565865127751,0.004304199906825901,0.0021189345693876094,0.001178401465125295,0.0011250175104096094,0.8687168600354764,0.004422353544922514
NIP7,0.07011572632974564,0.013047640658171364,0.0008486653844316655,0.0014428892879400912,0.0010542310728475224,0.9134908472668637,0.003345785745219279
HP,0.04350843174335235,0.000722256956909792,0.002612660438764937,0.0012217458392373357,0.0017809975293796854,0.950153907492356,0.005615403807381958
ZNRF1,0.15220524358063464,0.007387837842460249,0.0008159808749246822,0.001055387923279194,0.0005931785533854761,0.8379423712253158,0.0024645473515893523
MAF,0.01857005727248406,0.0074852225153624365,0.005074711338967537,0.0013491042854744603,0.002595943011560964,0.9649249615761506,0.009019758636002961
CENPN,0.2260178646419406,0.006913977577251623,0.001060008053386935,0.0002815210755179598,5.021738971658363e-05,0.7656764112621863,0.0013917465186214784
GCSH,0.22381924241405954,0.029094261390402776,0.0037556555513748036,0.0006528869555686989,0.000749213203856014,0.7419287404847381,0.0051577557107995164
GSE1,0.04063446410495175,0.002356401555846613,0.005655425689729578,0.00349484532946185,0.0008859820557527015,0.9469728812642575,0.01003625307494413
GINS2,0.25305006442531647,0.016571177971994255,0.0007742846365593747,0.00037507449113571845,-0.00020668281825308998,0.7294360812932472,0.0009426763094420032
C16orf74,0.17553167340572945,0.03405492241880517,0.0032840675865534186,0.0011229133909221867,0.003171079840023988,0.7828353433579658,0.007578060817499593
IRF8,0.10436167178144157,0.003990441226810804,0.011303671738199447,0.007081303861143459,-0.003278643696625172,0.8765415550890299,0.015106331902717735
C16orf95,0.20476575857298437,0.008778902557041335,0.0010361095598507286,0.000616406674739084,2.273963837451376e-05,0.78478008299701,0.0016752558729643263
ZFPM1,0.02870769618326122,0.0028051005234552805,0.0015009245450040148,0.001327037898702338,0.000917401060569159,0.964741839789008,0.003745363504275512
CDT1,0.24996421327722596,0.018047681297376383,0.001337558699985475,0.0010893990638626283,0.0003278501600446071,0.729233297501505,0.0027548079238927103
TUBB3,0.04944336811390063,0.004493617083584894,0.0011835710572215205,0.00017382841854228503,0.0012796772877915197,0.9434259380389591,0.0026370767635553252
YWHAE,0.1369572723635462,0.007882870264284775,0.0068300770482549455,0.010638409969018797,0.0028929574936706892,0.8347984128612246,0.020361444510944432
MYO1C,0.10857922625961768,0.016337453962611326,0.0004876963455769101,0.00149183523897789,0.002544578071217954,0.8705592101219982,0.004524109655772754
RPA1,0.06022914376081952,0.005499270242993293,0.001089638742641591,0.0025728917858020284,0.0015863428696613335,0.9290227125980822,0.005248873398104953
TSR1,0.03981559998961458,0.005530656018076306,0.0012661775314339388,0.0008719420517929177,0.00018522878159047546,0.9523303956274918,0.002323348364817332
P2RX5,0.25039380564071995,0.0432320273431388,0.0023983797412021057,0.0029996087592538134,-0.0007166197918407335,0.7016927983075261,0.004681368708615186
SPNS3,0.08699125982955795,0.002609094203996576,0.001360510717114169,0.0013140941175789622,-0.0006583860265092639,0.9083834271582616,0.0020162188081838672
VMO1,0.12519915753223107,-0.003194526736517045,0.003137738394407938,0.00034104502480691856,0.0009977432461120012,0.8735188425389591,0.004476526665326858
GP1BA,0.009159381094838987,0.0007633910594995238,0.0001467411301747188,0.00040642453463063735,0.00026173166590030307,0.9892623305149558,0.0008148973307056592
C1QBP,0.18446294367661317,0.032640547000047315,0.009785638748425252,0.0068979055005223555,-0.003667127681165089,0.769880092755557,0.013016416567782518
PIMREG,0.10254688650347463,0.004580564146377419,0.0011107595746108478,8.846531341161201e-05,0.00030217470013453596,0.8913711497619909,0.0015013995881569958
CLEC10A,0.01668046316253865,0.007637651465202157,0.0033863170347825412,0.0007372498999721408,0.0004757988101315655,0.9710825196273729,0.0045993657448862475
EIF5A,0.13482908554156403,0.009601238049427446,0.014887096667782151,0.011514246371886694,-0.0036893440657798093,0.8328576774351195,0.022711998973889036
ATP1B2,0.2834096875322405,0.011145522582941603,0.0012848638026561332,0.0032135835464178197,-0.0008700267862123967,0.7018163693219563,0.0036284205628615562
AURKB,0.20948708163852545,0.008915608605053443,0.0008586511439943878,0.000345623928656863,0.00034504169268162466,0.7800479929910882,0.0015493167653328754
MYH10,0.23120768383350718,0.011749885306784141,0.0017220548406182423,0.0007246699936299394,0.0006043118719077922,0.7539913941535528,0.003051036706155974
PMP22,0.06553534660561092,0.004069642139169813,0.0010640818998227247,2.9688524357598944e-05,0.00042804295914941615,0.9288731978718895,0.0015218133833297398
CENPV,0.17776179785908242,0.021366826052271165,0.0015358037768157806,0.000516503130999324,0.0017309873307858048,0.7970880818500455,0.0037832942386009094
UBB,0.4191904842715139,0.06324219167079392,0.004578016789001937,0.0038898607657771866,-0.0014296576042530096,0.510529104107166,0.0070382199505261145
SNHG29,0.3661469665021489,0.06269903034907981,0.01385410923225272,0.004348795262026528,0.0017247073859359974,0.551226391268556,0.019927611880215246
LRRC75A,0.05829292091918164,0.007210550759641936,0.0053762741033779315,0.005759103536570359,0.0027949512528745724,0.9205661994283536,0.013930328892822863
TNFRSF13B,0.05041331539204576,-0.0017150583960814786,0.005363250682856549,0.00026103271550662055,0.0007760626652260696,0.9449013969404465,0.006400346063589239
COPS3,0.10344509163391703,0.0029353455191960393,0.002800972703246876,0.0033604087742715033,-0.000724369786685955,0.8881825511560545,0.0054370116908324245
NT5M,0.1914972845640882,0.008572703747069949,0.0020428438676493854,0.0016413265061492877,0.00013122877108043274,0.7961146125439628,0.003815399144879106
RASD1,0.08968009926751265,0.005099739212025528,0.0009667929047164625,0.0013937988776307336,0.0018730072663152297,0.9009865624717994,0.004233599048662426
SHMT1,0.06758047728951014,0.0055774984262643434,0.0012006309703220391,0.0008943261941116859,0.00010185098812601212,0.9246452161316658,0.002196808152559737
LINC02076,0.006046004583975758,0.0010555794571552321,0.0007455544710196901,0.0004895803477206204,-0.0002426024749968142,0.9919058836151255,0.0009925323437434963
EPN2,0.11303091958938874,0.006759221680563199,0.0019362565735586562,0.00280712486954518,-0.00017239586872483392,0.875638873155669,0.004570985574379002
NATD1,0.07127723746727972,0.008930925835068548,0.0005555017532912765,0.004060191081817988,0.002684022448314158,0.9124921214142283,0.007299715283423422
MTRNR2L1,0.011596142237253304,-0.0031776445793100325,0.23827945038334447,0.0005554461168646996,0.05405865417094935,0.6986879516708981,0.2928935506711585
TMEM97,0.127531951875625,0.015747789949282942,0.0013391827253386723,0.00027932599764404764,0.0005298214959360281,0.8545719279561733,0.002148330218918748
SPAG5,0.09063757999672015,0.0024741785595634586,0.0009088477895850683,0.0012245013774230817,0.00033706447927529803,0.904417827797433,0.002470413646283448
AC024267.1,0.20887488915788555,0.011723134288949832,0.00148318941513495,0.0030983965598103402,-0.0002416408828557759,0.7750620314610751,0.004339945092089514
DHRS13,0.22277556771325593,0.006668779921145895,0.0014897666442429403,0.002116677553316404,-0.0003344912770606723,0.7672836994450996,0.003271952920498672
ATAD5,0.18718700597295843,0.017404966378228526,0.003978355574522835,0.0005780395309251951,0.0005963006419504591,0.7902553319014145,0.005152695747398489
SUZ12,0.10664819378622009,0.009822122695794619,0.005386815290882252,0.004257197464905993,-0.0008406275559704052,0.8747262983181674,0.00880338519981784
TMEM98,0.06558185969660499,0.0015131313126034301,0.0033917737179900986,0.00018028684500449865,0.00286183340104805,0.926471115026749,0.006433893964042647
SLFN5,0.027048016114087484,0.028080167943507352,0.05656751151329917,0.0007452317356599625,0.013751179030903088,0.873807893662543,0.07106392227986222
SLFN13,0.08166947985064581,0.016914887674807588,0.0015686831587045924,0.0007068748685290782,0.003335317725300241,0.8958047567220127,0.0056108757525339115
CCL5,0.0029065009037136606,0.0007383088226594657,0.009328401255129227,0.00021946140096316784,0.0013855748135042176,0.9854217528040302,0.010933437469596612
CCL3,0.06821811406429852,0.00014249231460575218,0.002499760611206117,0.0062855160452409825,0.004251741292603653,0.918602375672045,0.013037017949050753
CCL4,0.01681532926968808,-0.0011268543313384081,0.005483573536118905,0.012922050177594027,0.018340524304178138,0.9475653770437592,0.03674614801789107
CCL3L1,0.02966918783388103,0.0061991025084133615,0.009688521251772941,0.0032948939625497345,0.006087537346139656,0.9450607570972432,0.01907095256046233
CCL4L2,0.006924797475452139,-0.0022456140688995405,0.006340510193662739,0.0038847372627108315,0.010842575112989791,0.974252994024084,0.021067822569363362
DHRS11,0.09174482288006049,0.006689025243433552,0.0012065386252234772,0.0006835333164019325,0.0011703922123251775,0.8985056877225553,0.0030604641539505872
ARHGAP23,0.11066395944055007,0.0032196302177034397,0.0005283227120839035,0.001149540809954691,0.0001001822049504636,0.8843383646147575,0.0017780457269890582
RPL23,0.5031414584721344,0.05267160344876742,0.01698599452353866,0.008307387979384906,-0.005716297582779362,0.42460985315895394,0.019577084920144205
IKZF3,0.2958049969300748,0.060228758741522115,0.0011609185889790985,0.0021899732740779387,0.002412184330501055,0.638203168134845,0.005763076193558092
CDC6,0.15212857493288293,0.011552498751879275,0.0011113872601350994,0.0008131138209807043,-3.297488740094945e-05,0.8344274001215229,0.0018915261937148542
TOP2A,0.4248252342022607,0.0199903838852874,0.0007718925567231083,0.00038051857208259987,9.418963796081758e-06,0.55402255181985,0.00116183009260179
IGFBP4,0.01748546459162697,0.004098527383894771,0.0010500252760274227,0.0016227463806856753,-0.0006282041002262893,0.9763714404679914,0.0020445675564868086
CCR7,0.15180924176248015,0.022446395881739273,0.0022866706157201877,0.0021696075956359473,-2.5474728343632957e-05,0.821313558872768,0.004430803483012502
CAVIN1,0.21091072997758548,0.009356740050713519,0.0016287998374764356,0.00026698265060826065,0.0019350890167461332,0.7759016584668702,0.0038308715048308295
PSMC3IP,0.06748359499839045,0.0038867347231104354,0.0007754161260843523,0.00026876581706693214,3.682886991708545e-05,0.9275486594654307,0.0010810108130683699
TUBG1,0.4089455298693026,0.011556259757854404,0.0012504961124674696,0.001412017231413154,-0.0002938571176524518,0.5771295541466148,0.002368656226228172
PLEKHH3,0.09777220898713193,0.001086734399635289,0.0012989860013279952,0.0011464428060489196,-0.0006151739181025628,0.8993108017239584,0.001830254889274352
BRCA1,0.14784213938838373,0.013843880969072714,0.0005017946943844664,0.00036111049419595975,0.0009719869371010992,0.8364790875168621,0.0018348921256815254
SLC4A1,0.7119297989417638,0.06616969639156278,0.0014942267648668794,0.0027512227212770357,0.0007765001719645115,0.216878555008565,0.005021949658108427
SLC25A39,0.548673518023155,0.06848662427692698,0.0014567435594738942,0.00530829500807839,0.0035967080730440193,0.3724781110593217,0.010361746640596303
CDC27,0.17270208064649079,0.009225708124974058,0.0023037978181211505,0.0036139453779079622,0.00031450098933655246,0.8118399670431695,0.006232244185365665
MYL4,0.5167237262230381,0.028000570031746386,0.003218741258471436,0.0008615760108284798,-0.0005902760151479391,0.45178566249106356,0.0034900412541519765
KPNB1,0.08151448960828991,0.005598738996178396,0.002885391703375789,0.004768771074303818,0.0062457440111661905,0.8989868646066859,0.013899906788845798
ATP5MC1,0.15612571319001003,0.02260437047414718,0.004513310638162321,0.002527474302492977,-0.00028773544160606845,0.8145168668367936,0.00675304949904923
ABI3,0.17024598667349844,0.026448140808186776,0.006003811525603281,0.0005120223964770465,0.003464873942422203,0.7933251646538122,0.00998070786450253
PHOSPHO1,0.09671161914046904,0.018094523432088366,0.004110643880362808,0.007240528467387597,-0.002520170016876308,0.8763628550965685,0.008831002330874096
PHB,0.14541734509110316,0.013877537535691598,0.004372119424988441,0.0022155544387408854,-0.0014673073800854641,0.8355847508895614,0.005120366483643862
FAM117A,0.17059336232997807,0.012590783164037861,0.0034012055370766237,0.006520491939795203,0.0002114129064161585,0.806682744122696,0.010133110383287985
MRPL27,0.07951398303036779,0.004622527687813557,0.0011662003446004376,0.0003079531208688979,0.0009581683053251494,0.9134311675110242,0.002432321770794485
LRRC59,0.051687418786538,0.003317336996802679,0.0023497760678659607,0.0018195611876145115,-0.0002608246112611942,0.94108673157244,0.003908512644219278
NME1,0.23506281535186638,0.020863744332421635,0.003857145884410662,0.0007609818690760828,0.0007062860725128295,0.7387490264897124,0.005324413825999574
NME2,0.2984258488352162,0.04140133682919067,0.009667082159839357,0.0015121572902475067,0.008503057316094575,0.6404905175694117,0.01968229676618144
HLF,0.16611099316920508,0.0038778435197158456,0.002663910990948898,0.0006602903686893646,0.0018421303452810234,0.8248448316061598,0.005166331704919286
NOG,0.096814656368935,0.0033357801019394673,0.0009522134247604286,0.00013294966583701773,0.000940998964569964,0.8978234014739581,0.0020261620551674103
AKAP1,0.03475357416358302,0.00524407039388982,0.00072745532295692,0.0005641402449267363,0.0005702068300215135,0.958140553044622,0.0018618023979051698
MSI2,0.26992200094808133,0.05564149661664319,0.00520235614409803,0.0020075665604992743,0.0048490876312780595,0.6623774920994001,0.012059010335875364
MPO,0.5818158935510848,0.01809054348166972,0.0062380344684829225,0.0015869106625003848,-0.0013167800233492288,0.39358539785961144,0.0065081651076340785
TSPOAP1,0.029724600484519925,0.0013620061527042648,0.002305436804198688,0.0009518782908099349,-0.0003555207078013191,0.9660115989755685,0.0029017943872073036
RAD51C,0.09967527042556765,0.008481586348260878,0.0009340349658462643,0.0012587009050065573,0.0012122624077824523,0.8884381449475363,0.003404998278635274
SKA2,0.15486162835143508,0.006520099336086799,0.001898223193399412,0.0030963232702349297,2.8151408920595866e-05,0.8335955744399232,0.005022697872554938
PRR11,0.05537897430900724,-0.00013992937115282766,0.0010993338902449065,0.0007938152255312983,0.0005642002057728163,0.9423036057405966,0.002457349321549021
GDPD1,0.04048427164788019,0.002859750758058291,0.0004273698666189471,0.00024881355667637217,0.0004534316005200059,0.9555263625702461,0.0011296150238153252
BRIP1,0.07186349734592698,0.00799693073195644,0.0010876505334145442,9.146734821642577e-05,0.000681943451279976,0.9182785105892056,0.001861061332910946
METTL2A,0.05229137985997591,0.004507652431550442,0.0016155290231868805,0.0009184379151401245,0.0003352595516923282,0.9403317412184543,0.002869226490019333
MRC2,0.13634907732866652,0.012430463014018817,0.0015269211502227376,0.005138694278579631,-0.00029044958797197484,0.8448452938164843,0.0063751658408303935
CD79B,0.6982366790831772,0.11440005305436762,0.00015466938053787516,0.0007664567653504761,0.001097050935158994,0.18534509078140782,0.0020181770810473454
PSMD12,0.08467629374994298,0.0029998070305197605,0.0022267535566230373,0.0024165750906920552,0.0002682918541182522,0.9074122787181039,0.004911620501433345
C17orf58,0.039333326728578866,0.0016054631202663677,0.002292454156340884,0.0009563622887817647,-2.1576290279733124e-05,0.9558339699963119,0.0032272401548429155
KPNA2,0.09262268607850431,0.0031472173506543605,0.000999031762350347,0.0012846182490226787,0.0008621256984832765,0.901084320860985,0.003145775709856302
AC005332.7,0.07660362357193094,0.015022135334155667,0.0048969214381827525,0.00012007361746399492,0.006054180710887216,0.8973030653273795,0.011071175766533964
SDK2,0.02181837906548392,0.003304294953406412,0.0008250249306088579,0.0003828280293594437,0.00042579212775200465,0.9732436808933893,0.0016336450877203063
SMIM5,0.34218181791135366,0.027383243407511526,0.0003458909254849263,0.0015037318693068014,0.0012392312805691863,0.6273460846057739,0.003088854075360914
CYGB,0.1362780118006236,0.003348993550446794,0.0009688493864246084,0.0005312402676625749,-0.00037408367447053226,0.8592469886693129,0.001126005979616651
SNHG16,0.07724197128760452,0.0060775038658082425,0.005726303352783957,0.004180846050578266,-0.0020660164850612728,0.9088393919282863,0.00784113291830095
ST6GALNAC1,0.12334032811317326,0.005417308434553472,0.000598511663518736,0.0007989814363375536,0.0003208757150261199,0.8695239946373908,0.0017183688148824094
SRSF2,0.14789583721054272,0.013859790643032055,0.011872731105240453,0.00992053340871421,0.0008303060845138155,0.8156208015479567,0.02262357059846848
C17orf99,0.25594501144126397,0.012387363625686376,0.0010708751455226762,0.0007708142621776215,-0.0005635478258829707,0.7303894833512323,0.001278141581817327
TK1,0.3178447055088423,0.01134312479816696,0.0016915067365888548,0.0008950310133236661,-0.0006106883666977536,0.668836320309776,0.0019758493832147672
BIRC5,0.40664052606349405,0.018182455013225463,0.002307153787154015,0.000988336930814293,-2.352478249101342e-05,0.5719050529878031,0.0032719659354772945
EIF4A3,0.07732212662193375,0.004368993753672307,0.006495715596079754,0.007690948636604286,0.005050310458415586,0.8990719049332944,0.019236974691099626
NDUFAF8,0.10974063196787942,0.014736266520526106,0.0056678826919623615,0.002898883929369822,-0.0019394133494245874,0.8688957482396868,0.006627353271907596
BAHCC1,0.10075784269700228,0.009513203316580204,0.0013970205083786158,0.0006189968193312662,0.0006213148871651863,0.8870916217715424,0.0026373322148750683
CCDC137,0.03402105928305345,0.007069925462423847,0.0010617330093610697,0.0008362247661339028,0.0008934252958692906,0.9561176321831585,0.002791383071364263
MRPL12,0.10682555996587151,0.010148537854378803,0.002422965517820938,0.0015314510227115996,-0.0010301189927250237,0.8801016046319422,0.002924297547807514
ALYREF,0.12431637844252247,0.013180116271245407,0.008416544373571672,0.010166975888914298,0.00046989697084223736,0.8434500880529039,0.019053417233328207
PYCR1,0.17471382422080603,0.011305471437280529,0.00038466131986614194,0.0005331779581290719,0.001157604997137296,0.8119052600667809,0.0020754442751325097
CENPX,0.10392590325643176,0.008496347440854285,0.00221078577596151,0.0008096569557650979,-7.981969388781707e-06,0.8845652885403761,0.0030124607623378263
RAC3,0.07851047299736301,0.0035934191055429776,0.0006982047418815501,0.00038480320580699945,0.0001756197297038825,0.9166374802197016,0.001258627677392432
CD7,0.01327430289520105,-0.00012429113654745423,0.00084625685952203,0.0001243234457170249,0.0004417818123284671,0.9854376261237788,0.001412362117567522
NARF,0.18251849115353197,0.013214063526002184,0.003117646493310755,0.004733657133466823,0.00044613234599202856,0.7959700093476962,0.008297435972769607
FN3KRP,0.058641572769385794,0.0050229496500218684,0.0018476973807379643,0.0021256062087063182,-0.0009746501115753953,0.9333368241027235,0.0029986534778688873
FN3K,0.17788252754988604,0.0050276790520046855,0.001299000710839271,0.0007176677062055159,0.0001413174884050128,0.8149318074926595,0.0021579859054497996
USP14,0.12186024198123821,0.0042006547552297935,0.0037066095412447153,0.0028861258353823638,0.0001014107799108821,0.867244957106994,0.006694146156537961
TYMSOS,0.21412980008432897,0.013942452600944455,0.001928553924216786,0.002505428299345358,0.00018754324451461524,0.7673062218466498,0.004621525468076759
TYMS,0.46085924194869266,0.03179611730627602,0.0016754304470803505,0.0007980690771665078,-4.7699345727791886e-05,0.5049188405665123,0.0024258001785190664
ENOSF1,0.18654206680033347,0.014802840075370277,0.003722932712862753,0.0005962575666616787,0.0008961558535458269,0.793439746991226,0.005215346133070259
NDC80,0.23114167182156917,0.010111308341460123,0.0007880921559042797,0.0013078349023135094,0.00039181112227121284,0.7562592816564817,0.002487738180489002
LPIN2,0.09514342263787184,0.009775135694969406,0.0018381061099552037,0.0027074725006981937,0.0015944178686872201,0.8889414451878181,0.0061399964793406175
AP000919.2,0.01883367720876566,0.001186504188740077,0.0022233789614160768,0.00011082609752181144,0.0002618685199734898,0.9773837450235829,0.002596073578911378
NDUFV2,0.11396874398001829,0.01136208314790317,0.002124284117734132,0.0034345935402278482,0.0007942395046448836,0.8683160557094717,0.006353117162606864
TUBB6,0.04945593134917009,0.008906319116450824,0.004211817094907935,0.0014102265316685986,0.0009587195777505317,0.935056986330052,0.006580763204327066
LDLRAD4,0.2466579543783154,0.0226424224499438,0.00123745702706618,0.0009942365683685561,0.0005034962822092481,0.7279644332940969,0.0027351898776439842
SNRPD1,0.22946911733230285,0.02787762822196732,0.0043006393943149646,0.002859557155143133,-0.0011738126643612845,0.736666870560633,0.005986383885096813
RBBP8,0.053271465483473696,0.001727190948913021,0.0011413312932366387,0.0014264944073458588,-0.00038439963117347514,0.9428179174982043,0.0021834260694090224
ZNF521,0.11900462029153733,0.0062662158550463865,0.0016373018521888272,0.00020816256390090992,0.0014763387513072046,0.8714073606860193,0.0033218031673969417
TAF4B,0.025084692082626304,0.006067456442002999,0.0020733424730047037,0.00029319822793222317,0.000873092316184057,0.9656082184582497,0.003239633017120984
DSG2,0.06906731622289777,0.00417463917834425,0.0006618155565033118,0.00012427838518858092,0.0004001870556216841,0.9255717636014444,0.0011862809973135768
KLHL14,0.11203850279428215,0.021970940304172765,0.0015315738774852872,0.00044614256933808716,0.0033207257648862065,0.8606921146898355,0.005298442211709581
TPGS2,0.1896917521696305,0.015098134274385305,0.0043452954836203095,0.0023919634751959074,-0.000547425170533522,0.7890202797677015,0.006189833788282695
MIR924HG,0.04866482212894925,0.00581598104445296,0.001960573354868052,0.00024065035963328346,0.00016769835265400407,0.9431502747594425,0.0023689220671553393
AC011139.1,0.19844971292850724,0.005316641225075219,0.007437556334322887,0.0003913997810744141,0.00593078149968207,0.7824739082313381,0.01375973761507937
SLC14A1,0.24545611821417013,0.0217537748472319,0.0025183061857579347,0.004969260476118176,-0.0004911019131951799,0.725793642189917,0.006996464748680931
ATP5F1A,0.14024538694453814,0.017364863608680725,0.004435193962974704,0.004160316390761337,0.0005202622226350428,0.83327397687041,0.009115772576371084
SMAD7,0.1133895773948298,0.008213409914384545,0.0014649139096497982,0.0004389027090550557,0.002739491536354874,0.873753704535726,0.004643308155059728
ACAA2,0.07390618690731027,0.004417276449459703,0.0017700044575756774,0.0008586034156369965,0.0021866255780365607,0.9168613031919808,0.0048152334512492345
SKA1,0.14442245387438196,0.005712005584714935,0.000813429011652933,0.0014025206959616676,-0.00034991835233472157,0.8479995091856232,0.001866031355279879
RAB27B,0.06439727838177565,0.0014381327041943087,0.00041417109033892174,0.00018125460154500006,0.0005422838225133397,0.9330268793996328,0.0011377095143972615
TCF4,0.3015621613746192,0.08253116487702611,0.006800050645452305,0.0022944061648279,0.00633710865315984,0.6004751082849147,0.015431565463440045
TXNL1,0.10146308872580638,0.006768240998216338,0.002339130293525865,0.0028867816725998696,-0.0004147080588881441,0.8869574663687397,0.004811203907237591
FECH,0.479911887729618,0.04679454850172404,0.007998041492468855,0.011843326672619225,-0.005593511972188381,0.45904570757575824,0.0142478561928997
LMAN1,0.09702397131061298,0.01795987616365753,0.002820235387692188,0.0008791936288257973,0.0008170547543560058,0.8804996687548555,0.004516483770873991
PMAIP1,0.06042973768815983,-0.004656675523904565,0.007414829828648842,0.011880653629164767,0.007969561276124228,0.9169618931018069,0.027265044733937836
BCL2,0.1065761971229511,0.010288072194178155,0.001532615812783869,0.0004343252366422884,6.692622564780093e-06,0.8811620970108798,0.0019736336719909375
SERPINB2,0.04452047170183598,0.001139318924146017,0.012615542540348613,0.0010107536691406002,7.305120486560124e-05,0.9406408619596632,0.013699347414354815
SERPINB10,0.070694232083675,-0.001811587858558103,0.0019345319299864383,0.002021857032781349,0.00089466545004728,0.926266301362068,0.004851054412815067
CYB5A,0.1124346571412792,0.02178200002054942,0.005686218460191711,0.004210217144235001,-0.0013504520114553942,0.8572373592452001,0.008545983592971318
SLC66A2,0.03361505152046436,-0.0009067250153343628,0.003030626412898904,0.004197665447053238,0.0005634669850030152,0.9594999146499148,0.007791758844955157
HSBP1L1,0.04992359535420372,0.004415231207411448,0.0017327430443687813,0.00048205571218731813,0.002134231361999077,0.9413121433198297,0.004349030118555176
RBFA,0.07566624128245673,0.015929971845117047,0.0012294704580351062,0.0006974600550849336,0.0010805768599105592,0.9053962794993956,0.003007507373030599
GZMM,0.0017333386949845838,-8.459221962627082e-05,0.0008787577888463246,0.00023121332150984053,0.0003529705740811188,0.9968883118402044,0.001462941684437284
BSG,0.3844390971614516,0.03443491938337223,0.004212614388939662,0.006400683411440622,0.0015943490267161242,0.5689183366280798,0.012207646827096408
PRSS57,0.4851163445123016,0.025183396723306994,0.0010629097203015414,0.0004172636751976766,-8.542198203909113e-05,0.48830550735093126,0.0013947514134601269
AZU1,0.47578978507210096,0.015971248114044767,0.006631080749281204,0.0010137700776759462,-0.0008382315182622335,0.5014323475051594,0.006806619308694917
PRTN3,0.4763120142972178,0.012680139434956605,0.004755684401985871,0.0010584470807669666,-0.0003890537869508659,0.5055827685720236,0.005425077695801972
ELANE,0.46387127303485937,0.013365945609682184,0.005316870889897074,0.0011237423033398919,-0.0006629025062203087,0.5169850706684418,0.005777710687016657
GAMT,0.1532450838406456,0.010631381071992824,0.001484875079359932,0.00015540514154252505,-7.184996203363214e-05,0.8345551048284927,0.0015684302588688248
TCF3,0.21446283912125957,0.05534707683279366,0.0014854496234670278,0.00499961891374362,0.00754213590336128,0.7161628796053748,0.014027204440571928
TMPRSS9,0.16477548113260815,0.007126747438245429,0.0050942548795838705,0.0006711112989387091,0.0028309519178998654,0.819501453332724,0.008596318096422445
TIMM13,0.146254649172533,0.015967831334859045,0.0013955648031643841,0.001194056441248953,0.0007862956590348191,0.8344016025891599,0.003375916903448156
GNG7,0.22251545108754645,0.04747208464619018,0.001522002057014582,0.0030302597530968423,-5.270540763385734e-05,0.7255129078637859,0.004499556402477567
SLC39A3,0.17759005243603085,0.013977695818081476,0.0029575874112807987,0.0015055829385186292,-0.0002986273216788182,0.8042677087177671,0.00416454302812061
SMIM24,0.34128587803923915,0.018788065402126963,0.000570604829179755,0.00012818185210083932,8.308093701492325e-05,0.6391441889403384,0.0007818676182955175
MATK,0.17057887870835095,0.004533193403610913,0.0010120441441091033,0.00018867477905781804,1.1938043093545625e-05,0.8236752709217776,0.001212656966260467
MAP2K2,0.09042859329551771,0.003399085586904424,0.009433208260581485,0.006702151329330719,-0.0014521190257341249,0.8914890805533998,0.01468324056417808
TMIGD2,0.11674388657035882,0.002666572240610232,0.0002727641122307889,5.8785224589491536e-05,0.00010218367123218663,0.8801558081809785,0.00043373300805246706
CHAF1A,0.09890170208546022,0.0052802826689708204,0.0010165705877824005,0.0008633830847037116,0.00011732010812615101,0.8938207414649567,0.001997273780612263
UHRF1,0.26175691989106664,0.022730240725408246,0.0015838392833318893,0.001647699852614537,0.00021809700286040679,0.7120632032447183,0.003449636138806833
RPL36,0.5408823871002715,0.04326624165884718,0.015176732865117448,0.014360912128840608,-0.00013047529764886878,0.38644420154457215,0.029407169696309188
KHSRP,0.05672614843640457,0.0021535440684223375,0.0014776554316727197,0.006194778342107243,0.004946505152535842,0.9285013685688572,0.012618938926315805
CD70,0.00942108753109251,-1.4050944803892934e-05,0.001153542953738547,0.00038190841571141346,-0.0003303024656586308,0.9893878145099201,0.0012051489037913296
RETN,0.18557752328925425,0.0002871572243125786,0.02008927532553101,0.0014979656532740082,-8.060985960819944e-05,0.7926286883672363,0.021506631119196817
FCER2,0.34024440481359275,0.05406593000923693,0.0018135373637211405,0.002959598198508273,0.0017121573946640711,0.5992043722202769,0.006485292956893485
TGFBR3L,0.027563710847630943,0.0009912466917990914,0.0005241848009846575,0.0005535149435041756,0.00013856856028399492,0.9702287741557971,0.001216268304772828
CD320,0.12212781726153361,0.01762042756373773,0.0006797313004126282,0.00017540425687390115,0.0004842881706342561,0.8589123314468079,0.0013394237279207855
HNRNPM,0.11603998582838085,0.01637734847432526,0.0052006800402653874,0.006578840960110216,0.0028737961123890265,0.8529293485845293,0.01465331711276463
DNMT1,0.1609993803421352,0.008372639377222324,0.0016771679182286947,0.0013849329547674094,0.0004288604760991077,0.8271370189315472,0.003490961349095212
MRPL4,0.07630967459421197,0.009642453702690776,0.0018630513307811014,0.0028076971763460468,7.439335522832491e-05,0.9093027298407418,0.004745141862355473
ICAM4,0.09542638877570103,0.0007298499972136357,0.0016325225905736984,0.0017704007298967456,-0.000326218844839965,0.9007670567514549,0.003076704475630479
QTRT1,0.055790420475582296,0.008385690750003609,0.0010147733899111139,0.0007979195129346195,0.000983543816282087,0.9330276520552863,0.0027962367191278203
SPC24,0.19739426232192814,0.00727058044802234,0.0016904046438797615,0.0013406717860012518,0.0006412954512113878,0.7916627853489571,0.003672371881092401
KANK2,0.10826349119794743,0.025387048095360548,0.0013903445821787375,0.0035073265520231267,0.003347453532807132,0.8581043360396831,0.008245124667008996
EPOR,0.29916491400362477,0.005448534574793329,0.002035850417529017,0.005468729616422696,2.4931335666722454e-05,0.6878570400519635,0.007529511369618436
PRDX2,0.7205199159519036,0.05121746685146,0.001575491846228183,0.0005372477527508801,0.0010862932458598484,0.22506358435179752,0.0031990328448389116
KLF1,0.6249615649618316,0.03407208849239085,0.0015498977544798898,0.0019244397395113966,0.00030429554675726056,0.33718771350502896,0.003778633040748547
FARSA,0.05012370127301302,-0.0003885722510728398,0.0010287704938892611,0.002850187441120755,0.004768169186090403,0.9416177438569594,0.008647127121100419
CALR,0.1399680272397222,0.009722829304415814,0.005212130577580243,0.007757032059431179,0.0018601598934897545,0.8354798209253608,0.014829322530501177
RAD23A,0.3505761805027461,0.030308852985951373,0.004693437271321488,0.012453890362473463,-0.00010190896128481342,0.6020695478387924,0.017045418672510138
GADD45GIP1,0.12585700008194742,0.011702358965159726,0.00325126403422335,0.0011426651896087048,-0.0006595497875664935,0.8587062615166273,0.0037343794362655613
NFIX,0.354345747230921,0.04594525818697037,0.002051959751681376,0.0035633304907978225,0.0005440805380008684,0.5935496238016286,0.006159370780480067
AC020916.1,0.39441544985733784,0.06803919587957752,0.01622679120625886,0.006225719154257681,0.002589712866489957,0.5125031310360781,0.0250422232270065
SAMD1,0.09065612552417221,0.005295777537002153,0.0028644988171656893,0.0027171025123269993,0.0007364413919928176,0.8977300542173401,0.006318042721485506
ASF1B,0.12396661396548378,0.006909556665074784,0.0007638463424508857,0.0013127308368710566,0.0004896197011400871,0.8665576324889794,0.0025661968804620294
DDX39A,0.09961147470811392,0.008715575792735616,0.0035864453782578493,0.00324147340991901,-0.00010145895775047487,0.884946489668724,0.0067264598304263845
CYP4F3,0.008213716887945657,0.0005450465422943886,0.003365915357255481,0.0011097552172968338,-0.00037558989494610936,0.9871411558901537,0.004100080679606205
ANKLE1,0.21622410897839947,0.00940048145224262,0.0013428178132045276,0.0030674909746568335,0.0002674768347513401,0.7696976239467452,0.004677785622612701
NIBAN3,0.3557528439696288,0.09184617663197092,0.0010955917882405908,0.003808268172561524,0.010499562860294798,0.5369975565773033,0.015403422821096913
LSM4,0.11780935779209856,0.009685604103538581,0.00620777867845082,0.004110016896858776,-0.0016772925014506557,0.8638645350305039,0.00864050307385894
ISYNA1,0.1285935463688163,0.008166739830615971,0.0007820045905349571,0.0006380719465722273,0.0008855573474222944,0.8609340799160382,0.002305633884529479
NR2C2AP,0.03912861876772196,0.006147394993692962,0.0007205790571642029,0.0009951628280674765,-2.9894361317957252e-05,0.9530381387146714,0.0016858475239137222
AC010615.2,0.14032406725468555,0.011702168494924364,0.0020795852567468687,0.0014892676216477219,0.00043107424158811414,0.8439738371304074,0.003999927119982705
ZNF208,0.020639722445282407,0.0034194126055190795,0.00046675603004714405,0.00019308075293558713,-0.00010272168683545316,0.9753837498530512,0.000557115096147278
CCNE1,0.26705881859644953,0.011189198577176762,0.001406028257037506,0.0009136358257238464,0.0004983752616267156,0.7189339434819857,0.002818039344388068
PDCD5,0.09700459171073544,0.010817960777702418,0.005487803442975336,0.003544724422510012,-0.0028120992001613443,0.8859570188462381,0.006220428665324004
UBA2,0.06153282780609298,0.009850257387090014,0.004369736422825357,0.003479388474275924,0.0013744620354032705,0.9193933278743125,0.009223586932504552
SCN1B,0.002554227256505763,4.5175619302638415e-05,0.0004547208603016004,0.00011179742294368383,0.0003331341255164229,0.9965009447154299,0.0008996524087617071
CD22,0.3247021337706505,0.0754560317365417,0.002196203802884489,0.003064585026903932,0.0034459977951700194,0.5911350478678494,0.00870678662495844
POLR2I,0.1567142082783613,0.010676516233737693,0.003061758587882768,0.0032374152792054023,0.0016224668917013407,0.8246876347291114,0.007921640758789511
ZNF850,0.02985480773475947,0.005298597176106094,0.0008660675010099123,0.0003962569257407733,0.00030130844848123145,0.9632829622139025,0.001563632875231917
PPP1R14A,0.18389495567068842,0.04402004878849716,0.0007426340233834539,0.0012942931071149577,0.0030303554970737556,0.7670177129132423,0.005067282627572167
ECH1,0.08171176462804146,0.006489908391234311,0.0015941472181735666,0.004038054694808918,0.0017858654460679996,0.9043802596216738,0.007418067359050484
PLEKHG2,0.015841179525892018,-0.0006808472690461049,0.011435730207933172,0.0052073777754125875,0.007539634445616814,0.9606569253141916,0.024182742428962574
FBL,0.15467269052251806,0.021891029428307868,0.0032361735732253094,0.002657936286308754,-0.00019052303369829215,0.8177326932233383,0.005703586825835771
BLVRB,0.6339682495106409,0.029045567785108695,0.002218676001888853,3.6053827752624557e-05,1.6369169211327694e-05,0.3347150837053976,0.002271098998852805
SNRPA,0.07329318258707987,0.005224867009347947,0.0009586841415434449,0.0029293783480948826,0.003939108944302133,0.9136547789696318,0.00782717143394046
AXL,0.0003807423849332705,5.182935170489929e-05,0.0009994276203727534,2.714092029261852e-05,0.00031409475523807933,0.9982267649674583,0.0013406632959034512
CD79A,0.691678247300016,0.11468322617978166,0.0007010276787199343,0.0020591662232519736,0.0006959162027349031,0.1901824164154955,0.003456110104706811
ATP1A3,0.01920562307775894,0.0014692371564201286,0.0013201100723357305,0.00026806319948093765,0.000723226427675621,0.9770137400663287,0.002311399699492289
PAFAH1B3,0.19749956453729914,0.015807762537333236,0.0005461973040770396,0.0002877909005880863,-6.934073481679182e-05,0.7859280254555193,0.0007646474698483341
PLAUR,0.21478366524898276,0.08698112814422518,0.05282801906809492,0.0069872923234284845,0.004810352740630408,0.6336095424746382,0.06462566413215382
BCAM,0.07113863518566504,0.0048754877427421295,0.002171178515723793,0.0019757192242377958,-1.6574469602487207e-05,0.9198555538012337,0.004130323270359101
TOMM40,0.11087966429943458,0.00985018363612536,0.0027469938801258365,0.001302294575202756,0.00043289955453468254,0.8747879640545768,0.004482188009863275
APOC1,0.46092681586693107,0.022172804126474988,0.002059403904888568,0.0019884180298472276,0.0003126410286519721,0.5125399170432061,0.004360462963387768
KLC3,0.08152324647503764,0.01520035899701172,0.0005610508964021543,0.0019084864122649453,0.0004257927201700984,0.9003810644991135,0.002895330028837198
CD3EAP,0.03222715141191126,0.0031289236802726425,0.0010806272475662737,0.0004083576430520472,-8.327456489478496e-05,0.9632382145820926,0.001405710325723536
PPM1N,0.09947898618843817,-0.0028583340900720927,0.028307188285636928,0.0049236108458592664,0.022513238404635955,0.8476353103655018,0.05574403753613215
EML2-AS1,0.016775767951137704,-0.0004989088491968059,0.0022582645020060056,0.0004797930167008309,0.0013583875363562085,0.9796266958429961,0.004096445055063045
SAE1,0.05931383872016674,0.0043927834143171335,0.0019214908525194835,0.002301578843544913,7.144034258571574e-05,0.931998867826866,0.004294510038650112
C5AR1,0.2647566485153375,0.05418778421068704,0.0045295166143995425,0.005827923563405835,-0.0015500877124920431,0.6722482148086621,0.008807352465313334
C5AR2,0.044274584095404586,0.00269238334028276,0.0014136911309267364,0.0012183211971865532,0.0023027344875612976,0.9480982857486381,0.004934746815674587
LIG1,0.13114036679189875,0.01074057594978789,0.00041703324005226694,0.0008241449100533926,-0.00011342806035571917,0.8569913071685634,0.0011277500897499404
FUT1,0.07253901584496932,0.002314354722125919,0.0009725834198101718,0.00017882308559122317,0.0005980586039122937,0.9233971643235911,0.0017494651093136887
RUVBL2,0.1107067833768187,0.008173797704051355,0.0018208269566639262,0.00045203031600328514,0.00028720649754394867,0.8785593551489188,0.00256006377021116
PRMT1,0.13348141126346047,0.02463229460570815,0.0020272482737702935,0.0019940225491152375,0.0010580048581334822,0.8368070184498124,0.005079275681019013
POLD1,0.04037463428304966,0.00524911139621035,0.0010128890864287768,0.0016471010246061554,0.001411656982381125,0.9503046072273239,0.004071647093416057
SPIB,0.33627422441471366,0.06559998395802197,0.001833670899751172,0.0025729232316543116,0.002799958169873884,0.590919239325985,0.0072065523012793675
CLEC11A,0.22454405126072832,0.010322095405132792,0.0011013200689889424,0.0010220880450454717,0.0003123184366057019,0.7626981267834988,0.002435726550640116
C19orf48,0.23510691437769266,0.01838595607836524,0.002512124019657558,0.0006839733304639384,-0.00041325379330481304,0.7437242859871254,0.002782843556816683
KLK1,0.007366997799794673,0.0005421899902145946,0.0013490550242907812,0.0005588958906041202,-0.0003337838220862331,0.9905166451171821,0.0015741670928086683
ETFB,0.10159083107391671,0.004772026123281273,0.006048786474267029,0.0008710354651674801,-0.000308716395766101,0.8870260372591336,0.006611105543668408
NKG7,0.08558671723964867,0.0057185141335996115,0.005702704141591172,0.00035847686246376353,0.0002648543123494468,0.9023687333103474,0.0063260353164043825
SIGLEC10,0.16342243601409404,0.007164551624941923,0.001925082874245282,0.0011656370904010727,0.0008429938740099341,0.8254792985223077,0.003933713838656289
SIGLEC6,0.007747844140167317,-0.000595801186501258,0.0013966008828906681,0.00013961698335183959,8.446979039980571e-05,0.9912272693896916,0.0016206876566423134
LILRA4,0.002261688028682375,0.00031250154570137013,0.0010912271021082148,7.993339553322848e-05,2.2591159072529645e-05,0.9962320587689023,0.001193751656713973
LAIR2,0.0029561947010695046,-0.00013693405817146375,0.0016291485409025523,4.4851591884676086e-05,0.0012348151934146985,0.9942719240309,0.002908815326201927
TNNT1,0.019619666497772564,0.009591332757001962,0.0049597507337450115,0.0002051434418711487,0.0006710540124042208,0.9649530525572051,0.005835948188020381
UBE2S,0.3505750241736531,0.0004690739131282262,0.002460701432935697,0.011454408032484487,0.009131049175188921,0.6259097432726095,0.023046158640609105
ISOC2,0.14071649483459325,0.012639401443038378,0.001743612678748313,0.0005399769280733935,0.0005442906255593571,0.8438162234899873,0.0028278802323810637
ZNF749,0.03406279265933569,0.006218485536810696,0.00714378167875996,5.668638787888203e-05,0.002158927008851577,0.9503593267283632,0.009359395075490419
RPS5,0.5057890495476071,0.05308858709006181,0.0025566680345876502,0.0023876869040559967,0.0009049687032366416,0.43527303972045084,0.0058493236418802885
SLC27A5,0.07265395706518986,0.011102309266029634,0.00043176705496393575,8.52967425421236e-05,0.0006383066610578803,0.9150883632102166,0.0011553704585639396
TRIM28,0.08468016078851266,0.010173951203463094,0.002563220648228226,0.006827131447221829,0.004616732609221061,0.8911388033033532,0.014007084704671116
SOX12,0.04741754931531933,0.011949611477562287,0.0007969516934760584,0.0004853840483234964,0.002304863249329686,0.9370456402159891,0.003587198991129241
SNRPB,0.17161418358214528,0.016010819262167325,0.01008436321431988,0.006283118100008561,-0.0003334684852146219,0.7963409843265736,0.01603401282911382
NOP56,0.12859360444837709,0.019779001219088155,0.0018617843189976668,0.0030090888148970873,0.00077981074860628,0.8459767104500338,0.005650683882501034
CPXM1,0.14650160462821807,0.009676207118606284,0.0009470371242342457,0.0004455469226246622,0.00039470666902180485,0.8420348975372949,0.0017872907158807128
MRPS26,0.09442885406567914,0.013763918052155794,0.0014839868037657966,0.0009861582499134797,-0.0002874366113843063,0.8896245194398701,0.00218270844229497
AVP,0.45140749723743506,0.00936723745309731,0.0030414213772536614,0.0001437008143908569,0.002411468075643519,0.5336286750421796,0.0055965902672880374
C20orf27,0.09652839056286774,0.0038172560319179177,0.011046040105769497,0.003553007907541858,0.0008669608577976107,0.8841883445341053,0.015466008871108966
CDC25B,0.1895390345566116,0.02654719315954593,0.000682094232389685,0.0025147916839192985,0.003819996925917002,0.7768968894416165,0.0070168828422259855
SMOX,0.11366708760294927,0.015480502144814334,0.0030845838360777644,0.0033037081762629372,-0.0004833670948688473,0.8649474853347645,0.005904924917471854
PCNA,0.3111619541610065,0.02141659956004155,0.004757873891144571,0.0028607631755757645,-0.0020681476756462813,0.6618709568878779,0.005550489391074054
MCM8,0.039449374476974594,0.006977076254322402,0.0027509178633536857,0.0007555240689200715,5.166598853999921e-05,0.9500154413478893,0.0035581079208137564
CRLS1,0.056939753326318385,0.00084919484770727,0.004464286732492939,0.004363422338549555,-0.00039958290657018253,0.933782925661502,0.008428126164472312
LAMP5,0.12626496652943858,0.017264028480687504,0.0034736949689769536,0.000218310850889053,0.007051992222173065,0.8457270069478349,0.010743998042039071
BTBD3,0.12246417853188707,0.013453714195135108,0.0011424411869832285,0.0001666683415368908,0.0008879672684929119,0.8618850304759648,0.002197076797013031
ESF1,0.047518857842160374,0.014345300187603306,0.00416997873903463,0.0019332285453390607,0.0014819637456086193,0.930550670940254,0.00758517102998231
DSTN,0.0890206828584786,0.007948676759522197,0.005887571325813801,0.004430369212407484,-0.0032298397157643766,0.8959425395595423,0.007088100822456908
DTD1,0.05861968731118286,0.004834225602669565,0.002618313770667957,0.0024029384399745363,-0.0010814807774785495,0.9326063156529836,0.003939771433163944
THBD,0.007014757606813549,0.0023604954945647995,0.0019835750359104374,0.00018546184592855425,0.0003237620930164765,0.9881319479237661,0.002492798974855468
CST7,0.14326026125385993,0.003982980263822461,0.002241133055512129,0.00046339047987561943,-0.0004337980758667148,0.8504860330227966,0.0022707254595210336
ACSS1,0.044549704065488555,0.011293118600208214,0.0008352534459694916,0.0032240717121599996,0.004440089581709286,0.9356577625944644,0.008499414739838777
GINS1,0.08812748727278402,0.008382596824643124,0.0005161151620682175,0.00022601505559620427,-3.0087460177768977e-05,0.9027778731450862,0.0007120427574866528
ID1,0.0097396979789612,0.0013665629641245805,0.005182544732743214,0.0029433073912087,0.004482693924898381,0.9762851930080639,0.012608546048850295
BCL2L1,0.31632581034006385,0.05638910808993958,0.001587472861359962,0.006541101102859936,0.002785732364778415,0.6163707752409983,0.010914306328998313
TPX2,0.3843059785161121,0.014932835768897812,0.001009519234897449,0.0006059248602551248,-2.6264999870129202e-05,0.5991720066197077,0.0015891790952824447
DNMT3B,0.10610623753699121,0.014841419400714678,0.001279488110087157,0.00019068790216140996,0.0025133580610229023,0.8750688089890226,0.003983534073271469
E2F1,0.12837710068617372,0.012461830855482664,0.0008605377272210557,0.0012110345666305478,0.0010220393334452182,0.8560674568310468,0.0030936116272968217
AHCY,0.08853141727975569,0.01163360997421796,0.0032444826498429086,0.0012549595037480848,0.0008012447018723584,0.8945342858905629,0.005300686855463352
DSN1,0.0845439124972228,0.009675185172723491,0.0011791515334689112,0.0012813944349668455,0.0007989662079785215,0.9025213901536394,0.003259512176414278
RBL1,0.06552987014065456,0.00734793607326964,0.00256368181543587,0.0008869624301002382,-8.582046652390318e-05,0.9237573700070636,0.003364823779012205
CTNNBL1,0.06267072073928975,0.00808605061158972,0.0022072158169147704,0.0021776839744919313,0.000864451137103664,0.9239938777206101,0.005249350928510366
TGM2,0.12940593230809322,0.0047929871611411545,0.001389920038156106,0.002567665739701769,-0.0009489528106992329,0.862792447563607,0.003008632967158642
SNHG17,0.040268681431113285,0.0054771213703683555,0.00720257499206612,0.0014114721669833824,0.0016507706410176723,0.9439893793984512,0.010264817800067175
FAM83D,0.14320232458097076,0.006410067319059104,0.0009157154917991128,0.0012783367220892683,0.000757497269426588,0.8474360586166552,0.002951549483314969
MAFB,0.1939591957766334,0.044816301242100814,0.010434447794832602,0.00266868761390765,0.006108930824042097,0.7420124367484835,0.01921206623278235
MYBL2,0.2916343679326854,0.020582447748760335,0.0011920306068927689,0.001673587566143997,0.0029014132768548917,0.6820161528686626,0.0057670314498916575
TOX2,0.07511656155201271,0.005368631333315388,0.00024666839551802655,4.7696977320127454e-05,0.0005314649589568815,0.9186889767828769,0.0008258303317950355
PKIG,0.16259885393024445,0.041884627771960115,0.0057589226108308855,0.00017771403958691256,0.0020265199720189697,0.7875533616753587,0.007963156622436768
ADA,0.19853500782109634,0.00756990354017914,0.0020984894171729163,0.0008190310905250298,-0.0005589882179821426,0.7915365563490087,0.0023585322897158034
UBE2C,0.23981998739183807,0.011582401566527845,0.0006829403149657409,0.0005229652426727016,0.0002669290152140791,0.7471247764687816,0.0014728345728525216
PLTP,0.04968744642203904,0.0024724818995575035,0.0009652150178996247,0.0002360342659950554,0.0007547356380037812,0.945884086756505,0.0019559849218984612
TP53RK,0.028784708513143,0.003919861654734416,0.000684495304139443,0.0013009629508279746,0.0007676435416090824,0.9645423280355461,0.0027531017965765
ZMYND8,0.07580745044337436,0.009209047617640742,0.00340700804914304,0.003622486334470043,0.0019976027944764857,0.9059564047608953,0.009027097178089569
CSE1L,0.05006483282845494,0.001463332663145911,0.0010332673992131947,0.001423747007946917,0.0014446388168401422,0.9445701812843988,0.003901653224000254
SMIM25,0.2822417808618275,0.035542072372078515,0.0028716634064813173,0.004004360889156566,0.0030709950034022437,0.6722691274670538,0.009947019299040127
RIPOR3,0.10823253608428504,0.004207823059844601,0.0005980519627466624,0.0012883132449458545,0.0005496112857207858,0.885123664362457,0.0024359764934133027
BCAS4,0.13339464200034987,0.026525347690888934,0.000551661707291623,0.0007852945788454635,8.267521212396156e-05,0.8386603788105002,0.001419631498261048
TSHZ2,0.00634405796552828,0.0002562127338469585,0.00028930458734216253,0.0002587435897899674,-0.00010194955418812903,0.9929536306776807,0.0004460986229440009
FAM210B,0.5251661277257619,0.040848749775615256,0.0017741388603357278,0.0033625306222920814,-0.0004322666990798085,0.42928071971507487,0.004704402783548001
AURKA,0.20521940988598222,0.00926544885481595,0.000983255495975166,0.001276721157680516,0.000248324015291429,0.7830068405902547,0.002508300668947111
RBM38,0.24463325409886766,0.07257656928820477,0.0073570355640864005,0.014526072766583131,0.003940907553930784,0.6569661607283273,0.025824015884600315
TUBB1,0.13163346320170521,0.005477112693042935,0.0008664298051222208,0.00287239369133363,-0.00021115666675794453,0.859361757275554,0.0035276668296979063
PPDPF,0.14140781427013077,0.010702667026642854,0.02352530478729911,0.011578832841923875,0.028069614139643206,0.7847157669343602,0.0631737517688662
LIME1,0.03247279437665028,0.00048089237303555743,0.0006357373670607402,0.0006446859546412123,0.0005197560495759576,0.9652461338790362,0.0018001793712779102
SLC2A4RG,0.1477521187454449,0.0021900187056055342,0.0014202070779223142,0.0022872635555150067,-0.00047324434585988007,0.8468236362613721,0.003234226287577441
LKAAEAR1,0.06306391645607443,0.0022035999161106185,0.0009498174979638424,0.00027184512162480023,-0.00017422668918566642,0.933685047697412,0.0010474359304029762
MYT1,0.060075624228623524,0.0032338987442591463,0.0006188574021874643,0.001403708887939406,3.971920565150333e-05,0.9346281915313389,0.0020622854957783737
NRIP1,0.10539471766788433,0.0026576579469577283,0.003537411344326613,0.0023880750054013355,0.0035439620886937584,0.8824781759467363,0.009469448438421707
AJ009632.2,0.29240838954442594,0.007835105034497747,0.0032780256675224995,0.00011281311554051099,0.0028314401232010233,0.6935342265148123,0.006222278906264034
MIR99AHG,0.08160061581756362,0.002891329587871333,0.0018677426937072084,0.0007806874970573141,0.0011289832806592598,0.9117306411231413,0.0037774134714237823
BTG3,0.2008305413251866,0.005463144406786552,0.0042876980338771575,0.003685933974747563,-0.0014694296592474843,0.7872021119186496,0.006504202349377236
LINC02573,0.19363267541664586,0.00680480934646821,0.0016026086596045985,0.0005087357373288193,0.0006027167974539394,0.7968484540424986,0.002714061194387357
MIR155HG,0.04720769863114024,0.005136531619372935,0.00034095772505086247,0.0002274267406541311,0.0003705295324151203,0.9467168557513668,0.0009389139981201139
MRPL39,0.05445192210868502,0.006864094664272291,0.0023664995439809863,0.0013177410106848947,-0.0007234490487668596,0.9357231917211437,0.0029607915058990214
CCT8,0.12185173193836604,0.009650245267518204,0.0027814841664348944,0.004125716699624943,-0.0008553061977059628,0.8624461281257618,0.006051894668353874
SOD1,0.201317909413959,0.011786273784668094,0.007923254276489627,0.00553988758691823,-0.0029026800658155105,0.7763353550037806,0.010560461797592346
MIS18A,0.12527259741756397,0.015126560235894537,0.000384349119862043,0.0007296475883427633,0.001079876080144343,0.8574069695581923,0.0021938727883491493
CFAP298,0.06977467948102091,0.011971681028917297,0.0019787700700266003,0.0012566591257741344,-0.0001864699255596236,0.9152046802198207,0.003048959270241111
GART,0.06855775778463052,0.006663367457069344,0.0016259542561545548,0.0022731458377790864,0.0009789421418686939,0.9199008325224978,0.004878042235802335
ITSN1,0.06714946828974395,0.0008420973395465436,0.003564044658953963,0.002698714177991196,-0.0014808214071252296,0.9272264969408895,0.00478193742981993
ERG,0.19536403389853083,0.014583058351620742,0.001471597284735393,0.0005358616805302141,-8.985431050961834e-05,0.7881353030950924,0.0019176046547559888
PSMG1,0.19811117726315997,0.011914410901465639,0.0042523095992687,0.0027909016968049594,-0.00200344985999365,0.7849346503992944,0.005039761436080009
HMGN1,0.2805682052581332,0.06316006418818831,0.008967253045810308,0.005726030388669312,-0.0019935282650355712,0.6435719753842344,0.01269975516944405
MX1,0.04494366562079123,0.028113508413617788,0.0542190823411411,0.0011554765778579723,0.021322232184296963,0.8502460348622949,0.07669679110329604
WDR4,0.03002472900699303,0.0036731080116281928,0.0006463433015600484,0.00033164745686927594,0.0004905745381978618,0.9648335976847516,0.0014685652966271862
COL18A1,0.10042750100522692,0.0014095135945561554,0.0006208094610079817,0.001829467822399719,0.0011274133043860102,0.8945852948124232,0.003577690587793711
COL6A2,0.001636995766411931,0.00010514516200544341,0.00025644866044808104,0.00017608634182922573,0.00017299293437699143,0.9976523311349283,0.0006055279366542982
C21orf58,0.2615847215643604,0.013963984359666726,0.0014681253719823761,0.0014837225468427584,0.0012052256209081902,0.7202942205362395,0.004157073539733325
S100B,0.012268395242245253,0.000860222438755779,0.0009718515011200302,0.0001434393510117253,-0.00010919397675161063,0.9858652854436188,0.0010060968753801448
CDC45,0.1365127187730673,0.00986569473125773,0.001710975369234563,0.0006539420279631503,0.00017080628028876,0.8510858628181885,0.0025357236774864733
GP1BB,0.23043960098805405,0.006609750797481551,0.0008082489942783377,0.00013936138871342707,0.0010367725220420954,0.7609662653094306,0.00198438290503386
RANBP1,0.2526279758943123,0.028499046878149137,0.004877978165841124,0.0032634448716191145,-0.000929501190779114,0.7116610553808574,0.007211921846681124
VPREB1,0.6336364097885666,0.05838750851763119,0.004009324505021339,0.00014847591196731624,0.0025228676560924423,0.3012954136207211,0.0066806680730810974
AC245060.5,0.0879962842795516,0.027291991894125067,0.008348579851624585,0.0013767156160138794,0.0026322100597068465,0.8723542182989781,0.012357505527345311
IGLC1,0.3520157790777342,0.05736018716772817,0.0024286180006050095,0.0016355302205450228,0.002269300359901194,0.5842905851734864,0.006333448581051226
IGLC2,0.5028909355731757,0.05908561127465939,0.006365153416224678,0.004011489641688182,-8.316719992229604e-05,0.4277299772941744,0.010293475857990564
IGLC3,0.35952681073194653,0.02366960829352832,0.0049372447297377775,0.00028755087056303585,-0.00014594581698806897,0.6117247311912124,0.005078849783312744
IGLC5,0.07990616112460988,0.010153628917599258,0.00804276141426756,0.00012419922314881038,0.0018004866092896504,0.8999727627110848,0.009967447246706021
IGLL1,0.6102442908249824,0.03573849486012848,0.0003022645606822749,0.0002323881990341503,8.43744924088341e-05,0.3533981870627638,0.0006190272521252593
AP000345.2,0.08918316799793648,0.003936740783113693,0.0001219207076186557,5.960733769456994e-05,1.3714482930651806e-05,0.906684848690706,0.00019524252824387744
RGL4,0.0510658979303436,0.002375907322554577,0.0007693820335330503,0.0002757380341165683,0.00012017995402677228,0.9453928947254254,0.001165300021676391
VPREB3,0.6013469808872122,0.10350407051985366,0.000386059242558523,0.0007108491074550027,0.001963199656367154,0.2920888405865535,0.0030601080063806796
DERL3,0.05130140653657978,0.015665121057348318,0.0003692404082046158,0.0007180073404166737,0.0003381884539718216,0.9316080362034788,0.001425436202593111
MIF,0.31195637965630507,0.028046558532345,0.011919948919042134,0.00267748611489782,-0.0024984140965993995,0.6478980408740094,0.012099020937340554
HPS4,0.09834415144855657,0.018641757936507602,0.0018174168342852404,0.0012724944948106776,0.0017901579464099926,0.87813402133943,0.0048800692755059105
XBP1,0.14352032613393925,0.0037398847217326447,0.008677297771267911,0.006318858618210688,0.0003255637837130121,0.8374180689711365,0.01532172017319161
EMID1,0.20301704575230972,0.008881334520459805,0.001089010222866893,0.000727401314058046,0.0012998650577036586,0.7849853431326019,0.0031162765946285975
GAS2L1,0.029503942504249914,0.00018937102543286483,0.0017840631113904964,0.0005290114947085964,-0.00010675653840111834,0.9681003684026193,0.0022063180676979745
NEFH,0.011844371505815281,0.0006618042155834645,0.0005591097282272271,0.00015508787718903315,-4.1656280311571856e-05,0.9868212829534966,0.0006725413251046884
OSM,0.017734288764016896,0.002144148505600827,0.004487076362434006,0.0019217951823422286,0.000304776681276573,0.9734079145043295,0.0067136482260528076
MTFP1,0.056312853286336784,0.005009905210406486,0.000743430459618305,0.00048720198548751065,-0.0002827921183150908,0.937729401176466,0.0009478403267907248
OSBP2,0.2926718588973899,0.033927707346937896,0.003894810385409342,0.010275424510404252,0.0016845932440864297,0.6575456056157722,0.015854828139900023
YWHAH,0.14153585306094493,-0.001059011264411408,0.0050145326860755735,0.0054056153522479555,0.00014857109141858116,0.8489544390737244,0.01056871912974211
TIMP3,0.05360938809276557,0.0046546520327076304,0.0026863820705370148,0.0002307144335374281,0.000284133208640569,0.9385347301618118,0.003201229712715012
HMOX1,0.20075828706486087,0.05042381118063144,0.013726265933310722,0.0017673035557637662,0.0007965717507841807,0.732527760514649,0.01629014123985867
MCM5,0.14824862518550333,0.011672649810510805,0.0008130208894923108,0.0023933069202031754,0.0006574670372712643,0.8362149301570191,0.0038637948469667505
TXN2,0.0878680534239509,0.00615149478980502,0.0030976822100796664,0.00202284444393544,0.0002712519659004292,0.9005886731663285,0.005391778619915535
CSF2RB,0.048567263672515806,0.010305576823387647,0.004797223863536655,0.001628295332447266,0.001111589622847027,0.9335900506852656,0.007537108818830948
TST,0.14336874565582436,0.006485881285304196,0.0016853284955223868,0.0005238424307198175,0.0003864051068688812,0.8475497970257604,0.0025955760331110855
MPST,0.15095239323396248,0.009420076944789274,0.0032561392655429677,0.002067800724492197,0.00028718002255448405,0.8340164098086587,0.005611120012589649
IL2RB,0.0007544832911215503,-5.2188404838765697e-05,0.0009899729235020628,6.089450576123208e-06,0.00044634451109743976,0.9978552982285416,0.0014424068851756257
LGALS2,0.1242442029853069,0.059020787145788525,0.030133636315415574,0.0003262044942412279,0.0038250928688440544,0.7824500761904037,0.034284933678500856
PDXP,0.05377859412362994,0.00572791550119902,0.0006926350611399512,0.0010173336865004073,0.0007965605578669002,0.9379869610696638,0.0025065293055072588
H1F0,0.399876249007182,0.019930030504539398,0.006847993827492127,0.005342371262935797,-0.003695450234499742,0.5716988056323504,0.008494914855928182
GCAT,0.11974150080910996,0.006249804994541516,0.0008477609897660776,0.0005356207856371531,-0.00018635086686560887,0.8728116632878109,0.0011970309085376218
POLR2F,0.07903269474887249,0.005413001783175345,0.004745240067593318,0.004184632036710129,-0.0013238832627867486,0.9079483146264354,0.007605988841516698
AL022322.2,0.007524455032417582,7.47682325666606e-05,0.0001574858418343008,0.00016261268653159147,0.00033011574637456954,0.9917505624602753,0.0006502142747404618
APOBEC3A,0.09383147955416382,0.06036410832189132,0.053629880468529484,0.0013748503633614906,0.01986177690174276,0.7709379043903111,0.07486650773363374
RPL3,0.606147600744401,0.05230457412503198,0.006717161255693327,0.0010539398955395907,0.000590750205989643,0.33318597377334447,0.00836185135722256
SYNGR1,0.3189912914882492,0.021995343493995734,0.0026151873615766763,0.0009029746500400226,0.0010686223820418062,0.6544265806240965,0.004586784393658505
ADSL,0.07933887585163249,0.008911606666208272,0.002234399029031414,0.0019540281353067346,-5.112258298062278e-05,0.9076122129008017,0.004137304581357526
ST13,0.08890477255176474,0.01873703812271532,0.007351408969718948,0.008088253917586913,-0.0014479386679072531,0.8783664651061214,0.013991724219398607
TNFRSF13C,0.4682012337361604,0.057444709870969946,0.002327923626498918,0.0021192387430714055,0.0007548396501244614,0.46915205437317486,0.005202002019694785
CENPM,0.25122034007154903,0.01601569689386423,0.0025306205572578344,0.00026867993146656444,-0.00018498162966729126,0.7301496441755296,0.0026143188590571076
NDUFA6,0.10329555162454022,0.005223924567651625,0.004239086377361687,0.0033179516301846124,-0.0008471263144324143,0.8847706121146943,0.006709911693113885
A4GALT,0.20288359340584974,0.006764841905351454,0.001837444546691741,0.0022049846956166685,0.0024572255515984964,0.783851909894892,0.006499654793906906
SAMM50,0.062451280176784606,0.0032017484487471062,0.0015257729685703436,0.0017958817665141014,0.0007438262215627711,0.930281490417821,0.004065480956647216
PARVB,0.09902327958865162,0.0026731231839378367,0.0016971165887474104,0.0029875151567026886,3.216936934738457e-06,0.8936157485450257,0.0046878486823848375
PPARA,0.025589203930944722,0.00045053590409200803,0.0013522582300173058,0.0006106973694004585,0.0008392958124112115,0.9711580087531343,0.002802251411828976
GTSE1,0.21917142768871806,0.009517256478560998,0.0006413379564452204,0.00083719287512804,0.0002804561475645839,0.769552328853583,0.0017589869791378443
MLC1,0.10237090604091768,0.006382833306108254,0.0008049774820810818,0.0014235277457124579,0.0009412170947258325,0.8880765383304547,0.003169722322519372
IL3RA,0.026924521580835803,0.006255417463550975,0.0037837553023342893,8.470546689841318e-05,0.002213444908873159,0.9607381552775074,0.006081905678105862
CLCN4,0.03141414152413433,0.010226498057911738,0.0009956103657736831,0.0006284771902436842,0.002952140787267736,0.9537831320746688,0.004576228343285103
PRPS2,0.04139062183694269,0.007492636561868889,0.002591944807398855,0.0017858860788859537,0.001104247359202469,0.9456346633557011,0.005482078245487278
GPM6B,0.031925693483647447,0.017971624341503456,0.008711387383225869,0.0005346491839161027,0.006162826319788373,0.9346938192879187,0.015408862886930344
PIR,0.13096519792149347,0.00650641359495982,0.0010504850362342832,0.0004712646276135435,0.00023170438884359545,0.8607749344308553,0.0017534540526914222
RBBP7,0.11542961217420766,0.01345047862993029,0.004767390817300904,0.003996328016039663,-0.00038056179356607545,0.8627367521560876,0.008383157039774491
PDHA1,0.10055378751346764,0.005992704203253263,0.0013975386937209872,0.0008748940114097908,0.00045371276239974945,0.8907273628157486,0.0027261454675305274
SMS,0.09005402519515376,0.008526185903203823,0.00460922258644153,0.003606836989692566,-0.001049363668976247,0.8942530929944845,0.0071666959071578495
PRDX4,0.10451371300327865,0.008972234502053977,0.0028996731220870403,0.000902950946859632,0.0002887538801961409,0.8824226745455246,0.004091377949142813
POLA1,0.05979086314651873,0.005351120676826304,0.0011255160207738757,0.0005671616825086712,-0.00018097219479212834,0.9333463106681645,0.0015117055084904185
CXorf21,0.05232975423878322,-0.0002411997445608549,0.00519598353751341,0.0017524281067322692,0.004211878660566222,0.9367511552009657,0.011160290304811901
XK,0.20852017259637562,0.008515334409044506,0.0023319438488727806,0.003014032752503726,-0.000620749346575411,0.7782392657397788,0.004725227254801095
TSPAN7,0.017920777709182233,0.0014078907136958752,0.002000254566470263,0.001356260799793254,0.00045050282798256985,0.9768643133828758,0.003807018194246087
SLC38A5,0.27668571945649423,0.010825019581271855,0.0009727009984173418,0.001767983405995932,0.0012900336091059006,0.7084585429487147,0.0040307180135191745
GATA1,0.4005007822038024,0.020043285550859546,0.0010817625455212254,0.0027246138245098916,0.00031007551929546073,0.5753394803560115,0.004116451889326578
PCSK1N,0.024819510987903266,0.0034591107076215183,0.0008279208215974318,7.909798956039216e-05,0.0004966852598240583,0.9703176742334934,0.0014037040709818822
TSPYL2,0.06642819012978204,0.0033801328096825373,0.002953366665966975,0.0062462166131676405,0.006800109061789197,0.9141919847196116,0.015999692340923813
SMC1A,0.07136047223684586,0.0035021133208898575,0.006024526636244573,0.0016636755914735957,0.00014705222362088044,0.9173021599909252,0.00783525445133905
ALAS2,0.7934569613019592,0.09745102083646362,0.0006127747805765305,0.001247896157237638,0.0009021061119679485,0.10632924081179507,0.002762777049782117
KIF4A,0.1606028069191657,0.0064775869215472626,0.0010021297529352602,0.0004741444903856862,0.0007343265276649746,0.8307090053883011,0.002210600770985921
RPS4X,0.57918652433413,0.06574688580727461,0.01559837275770748,0.0010376696644049943,0.009484504051152531,0.3289460433853304,0.026120546473265005
ITM2A,0.26563080257279986,0.016860764447199805,0.002413926427080715,0.0006074643290567283,-0.0002141828837848303,0.7147012251076477,0.002807207872352613
HMGN5,0.2910864915012107,0.020648044539017307,0.0037889223550627293,0.0012152452737103636,-9.508602993313353e-07,0.6832622471912982,0.005003216768473762
SYTL4,0.06894087001819427,0.0034081354933190866,0.0016917174378692362,0.0002831166416733394,0.00029627980883489835,0.9253798806001092,0.002271113888377474
TCEAL2,0.0836213610074391,0.0019777982824440293,0.0012271973801539632,0.00011894799021068547,0.00028576300231056284,0.9127689323374417,0.0016319083726752115
BEX5,0.07677218043022398,0.0027754496855782324,0.0015891499617446958,0.0002769782311875385,0.0005618051066547392,0.9180244365846109,0.0024279332995869735
BEX1,0.13757704991707628,0.003367008129818383,0.0034079329366862587,0.0003189351172095123,0.0012402081859017866,0.8540888657133078,0.004967076239797558
BEX4,0.11124728783545645,0.01535025110927321,0.005094888302831974,0.0011075116893327075,-0.00011353095802446589,0.8673135920211301,0.006088869034140215
BEX2,0.22756695054599396,0.012361567302023119,0.0014300863628076144,0.0005684971300135011,-0.000263262374881168,0.758336161034043,0.0017353211179399475
TCEAL9,0.18050167961100097,0.01591745175189077,0.0024434604537248994,0.0007929001826821602,-9.366205430910712e-05,0.8004381700550103,0.0031426985820979525
BEX3,0.3857228218054796,0.022005134293134054,0.0016430712264553504,0.0006727259660380125,-0.0001678087452710031,0.590124055454164,0.00214798844722236
TCEAL4,0.11312846011496422,0.010661895544865935,0.0032933666806019557,0.0007024207202722677,0.0002041011205304033,0.8720097558187652,0.004199888521404627
MORF4L2,0.05857979316355071,0.006304149310814668,0.003483585475044043,0.004035122748317757,0.0010206202464396047,0.9265767290558332,0.008539328469801405
PRPS1,0.0754698068377512,0.009407481939429363,0.0023803225791310806,0.002243573364121232,0.0005651180625510371,0.9099336972170161,0.00518901400580335
KCNE5,0.12911550093263793,0.0036613034169439285,0.0006731484584586167,0.00014701872007222283,-1.6508793090563856e-05,0.8664195372649779,0.0008036583854402757
AMMECR1,0.15124290063389137,0.0048587010752101645,0.001498255499841783,0.001743231304399545,0.0005143459639618819,0.8401425655226953,0.00375583276820321
SLC25A5,0.19294469343958848,0.029630643435808512,0.019941016664397654,0.011108627482903366,-0.004940842950752394,0.7513158619280544,0.026108801196548626
SEPTIN6,0.20576951369457389,0.0436366768095795,0.002047184034056515,0.0030576651121073106,0.0033557195965540354,0.7421332407531287,0.008460568742717861
UPF3B,0.06655320860401992,0.016143791460351706,0.0015837219146335457,0.0008956556946810718,0.00033399505424988596,0.9144896272720638,0.0028133726635645034
SH2D1A,0.002331385309726209,0.00022276137219318613,0.0002509110318887498,8.555576745530348e-05,4.125228785411194e-05,0.9970681342308825,0.00037771908719816524
FIRRE,0.09469214603883205,0.009944452576749599,0.0005206027458103252,0.000310499209088419,0.0007794567400856434,0.893752842689434,0.0016105586949843875
PHF6,0.08413276085703375,0.01415346658473031,0.002100421236484837,0.0013171180927081805,0.00032932113487550707,0.8979669120941675,0.0037468604640685244
HPRT1,0.12968948187715656,0.012858463674759985,0.0067065332334314,0.004368186238179916,-0.0013900057886567785,0.8477673407651289,0.009684713682954538
MIR503HG,0.00617062654227504,-0.00024408773904590914,0.0010829035773800757,0.0008979239932277137,-0.00017762114398999287,0.9922702547701531,0.0018032064266177966
SMIM10,0.3069204520610642,0.021526321363165957,0.0013624265500669641,0.000603218724495036,0.0003725768582866218,0.6692150044429213,0.002338222132848622
FHL1,0.13656224524655847,0.012167101506751071,0.0015638405506623598,0.0006459211741082493,0.0014557062419169597,0.8476051852800028,0.003665467966687569
HTATSF1,0.0597126258308552,0.006591974936873211,0.002414481210580466,0.002048522661352997,0.0002704720374543529,0.9289619233228837,0.004733475909387816
LINC00892,0.00046144713287935707,1.417056475307095e-05,0.00047542844825863243,0.00028787397330867445,0.0002748006510622028,0.9984862792297381,0.0010381030726295097
CD40LG,0.025331546290989337,0.00098370293187559,0.000251392228654633,0.00028043018783208487,0.0004685198520012687,0.9726844085086471,0.0010003422684879866
HMGB3,0.3045489316213456,0.014212336302481476,0.0020654324095500387,0.0007461279632275941,-6.0952742266084936e-05,0.6784881244456613,0.002750607630511548
SLC6A8,0.19274392165381177,0.013748590235627522,0.0011720533495390983,0.003806664210707439,0.000739518086740526,0.7877892524635737,0.005718235646987063
TKTL1,0.0008333308617724706,0.00011601559902109804,0.0004961329305899665,2.1658615742138187e-06,0.00017001175536577326,0.9983823429916765,0.0006683105475299535
LAGE3,0.16066574813540455,0.010160580898611798,0.0010446395200854608,0.000628635115739351,0.00013386333191536814,0.8273665329982435,0.00180713796774018
DKC1,0.13017315979907626,0.019302692456100057,0.001412906046470791,0.0013269042745971404,0.0011578534208045443,0.8466264840029512,0.0038976637418724758
VBP1,0.13054793615309473,0.006798060832869435,0.002897949737784511,0.0035960117749131992,-6.206997017352278e-05,0.8562221114715116,0.006431891542524187
