gene,cell_type,celltype_batch_shared,donor,site,donor_site_confounded,residual,batch_total
HES4,0.33278604671574746,0.03151156239197345,0.013281504905031494,0.0008810883924457169,0.0023041783477110167,0.6192356192470909,0.016466771645188227
ISG15,0.0682366587785802,0.06348555258183738,0.06596129516287566,0.0008651448737437839,0.012926809869560824,0.7885245387334021,0.07975324990618027
TNFRSF18,0.009426864020373491,-8.694824475153143e-05,0.0002865223792830711,0.00017609416561838696,0.00012025770251653141,0.99007720997696,0.0005828742474179895
TNFRSF4,0.009023296061910794,0.0003000098650467863,0.0003514229368347301,0.00011252883655066791,0.0005527153421689239,0.9896600269574881,0.001016667115554322
ATAD3A,0.05549424340979284,0.009414189957800426,0.001980930364415226,0.0014069872198610583,0.0009649602336318786,0.9307386888144986,0.004352877817908163
SMIM1,0.558884038255319,0.036334582968583606,0.006969220528034281,0.0009563838506290168,0.00064930889179593,0.3962064655056382,0.008574913270459228
SLC2A5,0.05960564139543853,0.004772796104308072,0.0015131867029267998,0.0005803743862640015,-0.00024286883524395064,0.9337708702463066,0.0018506922539468507
PIK3CD-AS2,0.06524082795174065,0.003914055056149168,0.0002650932820164459,0.0001470526248037174,0.00016217800200815646,0.9302707930832819,0.0005743239088283197
CENPS,0.14577112755427132,0.01560304089888051,0.0012781215973902693,0.0015699929301564441,-0.0008870160604710353,0.8366647330797725,0.001961098467075678
SRM,0.14467127825205392,0.02894809305973456,0.0034343734391364955,0.0013396127207079833,0.001096527948659054,0.820510114579708,0.005870514108503533
DHRS3,0.08557666685138399,0.01470455712969125,0.0015364679879470988,0.0005115120617484453,0.001544957792739582,0.8961258381764896,0.003592937842435126
DDI2,0.057358108205555265,0.005455896613175339,0.004039763546649103,0.002277583009753434,0.0013557465751306702,0.9295129020497361,0.007673093131533207
MRTO4,0.12268693695355926,0.025270770438449774,0.0017150487685464177,0.0006949849855983348,0.000992779276816097,0.8486394795770301,0.0034028130309608495
UBXN10,0.07658286599779904,0.0075848853119723225,0.001027219394154441,0.0002709379890008662,0.000358840355739673,0.9141752509513337,0.0016569977388949803
KDM1A,0.05185964847923033,0.009298162674306686,0.0025189141344151983,0.0021828453398538283,0.00016601378696882302,0.9339744155852251,0.00486777326123785
HNRNPR,0.13329447364006125,0.02131350159318468,0.006199305483549078,0.004799133203811368,-0.0006441102858061321,0.8350376963651998,0.010354328401554314
E2F2,0.1252193682430034,0.031344020445954635,0.0022597838551510208,0.006002700986528914,0.001208747929368842,0.8339653785399932,0.009471232771048776
ID3,0.0022484879455832397,0.0003044249433353341,0.002785517465126179,0.00017614112163376067,0.0009479770802629487,0.9935374514440586,0.003909635667022888
MDS2,0.0001159968075145357,-6.666213725555598e-06,0.00021437381688681946,6.49178535191745e-05,-1.4586116212133015e-05,0.9996259638520172,0.00026470555419386095
PITHD1,0.3358448957003201,0.09718590077145689,0.0013804009462971556,0.004692215435491587,0.0012015465358656274,0.5596950406105686,0.00727416291765437
RHD,0.19327655300279217,-0.006519464523691593,0.05940434910989384,0.001395884979633999,0.005717479485341265,0.7467251979460303,0.0665177135748691
RHCE,0.5418172988267864,0.058114634096932516,0.007827673216375897,0.013064502185445748,-0.004110606263616257,0.3832864979380757,0.016781569138205388
STMN1,0.5100166741538951,0.08603058940947972,0.00415876401164994,0.0011224202636529457,-0.0002497842558335517,0.3989213364171559,0.005031400019469334
HMGN2,0.29448286582102395,0.02445385819444784,0.008840230201113353,0.007290057237345382,-0.004237093576003825,0.6691700821220733,0.01189319386245491
NUDC,0.1306062769581391,0.020293239664313956,0.0033597790936152894,0.0028522729850664896,0.00038592949874616256,0.842502501800119,0.0065979815774279416
RPA2,0.07733858000988089,0.015512053189523853,0.004194903902474886,0.003439229208484676,0.001510042884686258,0.8980051908049494,0.00914417599564582
ATP5IF1,0.3702632362530181,0.0354696409397362,0.009240410344951822,0.00647897632304395,-0.0044106204953747175,0.5829583566346246,0.011308766172621054
SNHG3,0.1756646619471747,0.038227258796993596,0.007187736149837226,0.001410458254564123,0.001666390949008889,0.7758434939024215,0.010264585353410238
MECR,0.05166437836815062,0.008812468746633759,0.0008480224341843451,0.00037292081541305533,0.0002322147944483488,0.9380699948411699,0.0014531580440457492
SNRNP40,0.0912471198746885,0.018448874000946275,0.0032374333214737344,0.0058330638173760135,0.0014803929116093822,0.879753116073906,0.01055089005045913
KHDRBS1,0.10073436073714842,0.0187668981884576,0.006938611702019981,0.004463065665492094,7.430233455868462e-07,0.8690963206835363,0.011402420390857662
CCDC28B,0.15204499570786598,0.019942205380618527,0.0011775044659150247,0.0008180488860776436,-0.0002241923846740823,0.8262414379441969,0.001771360967318586
EIF3I,0.09583319155389627,0.017116750316708215,0.009964654324303587,0.005145651793913561,-0.001569389554639547,0.8735091415658179,0.013540916563577601
LCK,0.0014959762600735209,-0.0001722495929291825,0.0006902887034443634,0.000746167490849302,0.0015236654029491203,0.9957161517356129,0.0029601215972427856
MARCKSL1,0.12203069052555876,0.01842012613442015,0.006084081511539524,0.0019711095493754327,0.0041528241783132525,0.8473411681007929,0.01220801523922821
ZBTB8A,0.05988828613827555,0.008458969243939622,0.0018329250934433078,0.0003379837195624097,0.0010902608674255576,0.9283915749373536,0.003261169680431275
CLSPN,0.27032202961457935,0.02292039928569567,0.0030784221465501305,0.0013668539253414158,-0.0013393928721178172,0.7036516878999513,0.003105883199773729
MRPS15,0.09468019337385492,0.014341873319021176,0.005670323311078043,0.0018840305813903474,-0.0009600304108437763,0.8843836098254994,0.006594323481624614
CDCA8,0.16894709033796826,0.013715836227310069,0.0006165690979326455,0.00019829345450467217,0.0005854586815659812,0.8159367522007184,0.0014003212340032989
SF3A3,0.054857110794837856,0.01093286909579353,0.0021374959494982887,0.0020299817565763434,0.0007220046056508611,0.9293205377976431,0.004889482311725493
NDUFS5,0.17749966219432728,0.041195143865696005,0.01268871481316014,0.009110151475014538,-0.005067781814424244,0.7645741094662263,0.016731084473750435
PPIH,0.11363443087904872,0.022451777299377376,0.0018967332019826366,0.0016341656709057961,0.0003426009088843829,0.8600402920398011,0.0038734997817728156
YBX1,0.22396278496383243,0.00834961509418794,0.019712491156953643,0.010476006764092632,-0.006323018722328683,0.743822120743262,0.023865479198717593
ERMAP,0.18735192168892217,0.012683116914944531,0.0015227301807624327,0.002894127672403879,0.0006267184741971243,0.7949213850687699,0.005043576327363436
SLC2A1,0.44177694895877356,0.0528050018415363,0.002765597798303099,0.0053311125519276414,0.0037338100006426567,0.49358752884881674,0.011830520350873397
EBNA1BP2,0.1290157889068985,0.019064641193860893,0.005034010078889539,0.0010658094095524207,-0.0007205993831412572,0.8465403497939399,0.005379220105300703
CDC20,0.242723048216627,0.018638339375204316,0.0011791715685396387,0.00044103819810531464,0.00040828567929596105,0.7366101169622278,0.0020284954459409144
DPH2,0.024830450865894985,0.00571498126510352,0.0014662442742101253,0.00030406089789958984,0.0007011256932307856,0.966983137003661,0.002471430865340501
B4GALT2,0.0730561664607292,0.018213923822516187,0.0011700128298981066,0.0007867790383812023,0.0020092126921638087,0.9047639051563114,0.003966004560443118
ERI3,0.044057332140668176,0.010120005343407075,0.0008728175350896858,0.0013944295327714407,0.00349292934561158,0.940062486102452,0.005760176413472706
ARMH1,0.12263111257669689,0.008185359348532248,0.0035174846601107312,0.0011928231804938239,0.000989384248305053,0.8634838359858612,0.005699692088909608
KIF2C,0.16482296778141725,0.012784690845963925,0.0007870941482174543,0.0012672076371689212,0.00018856566225777804,0.8201494739249746,0.0022428674476441535
RPS8,0.6342914272574958,0.12330240406399906,0.006670799540513972,0.000875050988888848,0.0016880378569159582,0.2331722802921864,0.009233888386318778
EIF2B3,0.04199447581363658,0.007138917692254401,0.0015525575468378142,0.00039489357690995763,4.317109407486752e-06,0.9489148382609538,0.0019517682331552585
UROD,0.5316279429352098,0.05255085717878871,0.002564281078902164,0.003189383185134842,-0.0012358505257670238,0.41130338614773154,0.004517813738269982
HPDL,0.1270028348338277,0.019098672757290658,0.00252399038650028,0.0005732733372725007,0.0003616140299065318,0.8504396146552023,0.0034588777536793125
NASP,0.270931977146714,0.03967280806370754,0.0051548526381881565,0.0016105025266213713,-0.0014154318801354315,0.6840452915049043,0.005349923284674096
UQCRH,0.2206998470960424,0.04626636903643766,0.009895564178113103,0.004775497362448755,-0.0014940420020077005,0.7198567643289657,0.013177019538554158
ATPAF1,0.05099695513173849,0.0040852062992382185,0.0016194663047501973,0.0005219547695743329,0.0002743292170135428,0.9425020882776852,0.002415750291338073
PDZK1IP1,0.2592150578338617,0.06579267753805146,0.004120229089930372,0.0027166457435878755,0.0049260484914327995,0.6632293413031358,0.011762923324951047
TAL1,0.3046479145561498,0.03960539180659617,0.002309257832100342,0.0045938801976024846,0.0002471823765658465,0.6485963732309854,0.007150320406268673
STIL,0.07159350784060883,0.004475384673965771,0.0009525474037288817,0.0006773179660264639,-0.0003174888155073746,0.9226187309311774,0.001312376554247971
ORC1,0.06456735253086125,0.009824426772245418,0.0010693516349440102,0.0005005914775217113,0.00012181840297618984,0.9239164591814514,0.0016917615154419113
HSPB11,0.11105276699652068,0.015654648556786735,0.0041293480124743875,0.002916881657671039,-0.001997267474843356,0.8682436222513905,0.00504896219530207
MRPL37,0.1089067410159977,0.016468904545892643,0.0037530689283895025,0.0011375264160728427,0.0007662597887151956,0.8689674993049321,0.005656855133177541
JUN,0.31702115213935794,0.029420799929825547,0.024862246197497495,0.01795960744008912,-0.0017123401248365089,0.6124485344180663,0.04110951351275011
HOOK1,0.13307341254386978,0.021550294836607337,0.005313577630891325,0.00029967643109513054,0.0014100933294446671,0.8383529452280918,0.007023347391431123
NFIA,0.20754228520074258,0.02483633846732078,0.0059618479078848985,0.005519189350178005,-0.0005630334138597148,0.7567033724877334,0.010918003844203189
L1TD1,0.0517814715031081,0.0022542721950922703,0.0006849011380469575,6.00051118207906e-05,0.0001800430849844964,0.9450393069669474,0.0009249493348522445
USP1,0.1257996347832241,0.010412061602481315,0.002859479064949405,0.0018397995805682632,-0.0005090752066850279,0.859598100175462,0.00419020343883264
ITGB3BP,0.07299684958985217,0.017097272607760547,0.003239676208618314,0.0020596024238730276,-0.00010075503291416543,0.9047073542028101,0.005198523599577176
DNAJC6,0.07173194974180375,0.0126511773765378,0.0022016649887520168,0.001440205002446543,6.273619934411834e-05,0.9119122666911158,0.003704606190542678
LEPR,0.046688704195898476,0.008525988192426934,0.002944450920907442,0.0005220098634129769,0.0016244758515239974,0.9396943709758302,0.005090936635844416
SERBP1,0.20851516414002833,0.023746001465306144,0.007206350369302644,0.0049372994360497025,0.00126402680703952,0.7543311577822737,0.013407676612391867
DEPDC1,0.22398943764547524,0.014303010937890048,0.0009787546236678102,0.0015435980807530503,-0.0005670825090851594,0.759752281221299,0.001955270195335701
NEGR1,0.03340134780759329,0.0037710306188471904,0.0031375949497963185,0.0003577689353099975,-0.00019033890224347955,0.9595225965906967,0.0033050249828628364
TYW3,0.05240751555818225,0.01062960871231508,0.0017872394942235609,0.0006939988099832484,8.487880641608325e-05,0.9343967586188797,0.0025661171106228925
ACADM,0.09506728188100329,0.012009816983005406,0.0013817797636748452,0.0016953920592725907,0.000193405415722242,0.8896523238973216,0.003270577238669678
AK5,0.005645112474147921,0.00011761875268091835,0.00261707260858437,7.571243350194129e-05,0.002287022209264377,0.9892574615218205,0.004979807251350689
AC103591.3,0.035954919000927205,0.016424191093358492,0.021587793550038967,0.006235952695024069,0.004799434009933198,0.914997709650718,0.032623180254996234
IFI44L,0.029842881222410772,0.04102292782755394,0.1395440086344244,0.0010313690171651069,0.04484480366072402,0.7437140096377217,0.18542018131231353
LINC01781,0.0006908887503755815,9.223459293467256e-05,0.0003138061529694609,5.040288922879971e-06,7.374534030048902e-05,0.9988242848744969,0.0003925917821928299
TTLL7,0.006908099786255822,0.0004986394761404087,0.0008604133867135405,0.0005346005897040561,-0.0004513077497148837,0.9916495545109011,0.0009437062267027129
PRKACB,0.1316750316213174,0.025331546386804626,0.006515536524925786,0.0012684152518099567,0.0023012156254685334,0.8329082545896737,0.010085167402204276
SSX2IP,0.14657169700871153,0.017184342562585886,0.0018053104298549894,0.0014252020433444534,-0.0003121151490046714,0.8333255631045078,0.0029183973241947714
ODF2L,0.05737167528764419,0.01141183607194695,0.005203733288947507,0.0011288840533626998,-0.0006003841732968584,0.9254842554713956,0.005732233169013348
LMO4,0.06159153791049883,-0.0021934005999173917,0.00476462154221452,0.005107223672408234,0.007706904819363938,0.9230231126554319,0.017578750033986693
GBP1,0.04871674620764935,0.026919433278901506,0.029113601789360607,0.0009120979001593782,0.010966634122013916,0.8833714867019152,0.0409923338115339
GBP4,0.06409158617293806,0.017265160276526845,0.01795773111540891,0.0008049300988821895,0.005617061711150825,0.8942635306250932,0.024379722925441924
GBP5,0.027539665986134155,0.012267016008468048,0.008307081985097838,0.001537229212291838,0.003114141876419542,0.9472348649315886,0.012958453073809217
GFI1,0.033526928294984756,0.002373923072647298,0.0005375865659585713,0.0005846393239746853,-5.307248810237225e-05,0.963029995230537,0.0010691534018308843
RPL5,0.4910317000370261,0.09390798231264541,0.010107768371811043,0.0011093287263760354,0.0020652086289709715,0.4017780119231704,0.01328230572715805
GCLM,0.38609969934972793,0.025491803973289984,0.005102279853026526,0.004091843979157517,-0.0018123967656992201,0.5810267696104973,0.007381727066484822
TLCD4,0.48013784838785606,0.03398375157530559,0.004186196458192848,0.0025074528477103675,-0.0005348647233173187,0.47971961545425246,0.006158784582585897
SASS6,0.08890247748865233,0.009083534352273062,0.00029828221119664045,8.042899469036524e-05,0.00021600739038384054,0.9014192695628037,0.0005947185962708462
EXTL2,0.07077506780688106,0.015557999010379256,0.0016219876693341212,0.00020063008344496647,0.000577748864294042,0.9112665665656665,0.0024003666170731297
GPSM2,0.09375874192546113,0.009129235195959207,0.001880776394984282,0.002236818274963165,-0.00015458006534047053,0.8931490082739727,0.003963014604606976
GSTM3,0.10117174530458883,0.009773582703755501,0.008861529945054653,0.0002734885218089178,1.788434678946793e-05,0.8799017691780027,0.009152902813653038
CSF1,0.15626435013216775,0.019290425923110976,0.0026760026805753845,0.00013866253640654191,0.00012241691387901432,0.8215081418138603,0.0029370821308609407
RHOC,0.3728709478802373,0.02297622739267602,0.0036583911656659085,0.0005652333212439742,0.0003013068655722817,0.5996278933746045,0.004524931352482164
PHTF1,0.054157275385741055,0.006328154891168732,0.0018712918444484944,0.001074763685762821,-0.00010375705535678459,0.9366722712482357,0.0028422984748545307
HIPK1-AS1,0.003668021762620328,0.000772333342980477,0.0008764845924523947,0.000701990607798025,0.0006454743549897182,0.9933356953391591,0.002223949555240138
CD2,0.003961592220396022,0.0003041526523648846,0.001858064168625666,0.00030985170122142195,0.00012752977597445432,0.9934388094814176,0.002295445645821542
TENT5C,0.3894005934553011,0.09556077761750303,0.005123613158931284,0.005608386598783488,-0.0017800660399432955,0.5060866952094244,0.008951933717771476
PHGDH,0.14322342298922514,0.011188025356875103,0.0011579263510845539,0.0002459301339179376,-0.00017718507682817908,0.8443618802457254,0.0012266714081743124
AC253572.2,0.06842904961854937,0.014843254841648543,0.010396088101547865,0.00426980040311517,-0.0013181230219539847,0.903379930057093,0.01334776548270905
AC245014.3,0.028644143119569497,0.009078947486502176,0.012152290889167368,0.009409189221053743,0.008228605717232454,0.9324868235664747,0.029790085827453565
AC239799.2,0.017367948878711827,0.0050066752870893474,0.0033881527292230484,0.0007593692146956113,0.00470370821663078,0.9687741456736494,0.00885123016054944
HIST2H2BF,0.15872934029718003,0.011161516210577538,0.0012649421403066186,0.002732113186687646,0.0013995629671129939,0.8247125251981352,0.005396618294107258
HIST2H4B,0.18055449380384647,0.013108644807181574,0.0024227123701992537,0.0030276237758022906,0.0012396562356087604,0.7996468690073617,0.006689992381610305
HIST2H2AC,0.11095901786887372,-0.0022041372055635194,0.020134918639836005,0.005621951747363352,0.005883440819496183,0.8596048081299943,0.03164031120669554
HIST2H2AB,0.0557617399561626,0.0030827570420253678,0.0005599685299221072,0.0002851729735323591,0.0008078753588805915,0.939502486139477,0.0016530168623350577
SV2A,0.07126764671264664,0.007302376215105585,0.0011412838094739114,9.644552251202032e-05,0.00045959046694020456,0.9197326572733217,0.0016973197989261363
ANP32E,0.26082456955666744,0.017654250281021355,0.006442827792387362,0.004867428692330089,-0.002230859998756052,0.7124417836763498,0.0090793964859614
SELENBP1,0.5394270773493692,0.13176067599194785,0.0015127873718889795,0.004634743289687604,0.0002950820063172266,0.3223696339907891,0.00644261266789381
S100A12,0.5294407850075519,0.06100373552667704,0.0058322750637590515,0.0014498025013178761,-0.0003488468957765223,0.4026222487964707,0.006933230669300405
ILF2,0.15252320435395755,0.025420758530984577,0.006052454303730914,0.005527290145833613,-0.0016222677092839477,0.8120985603747772,0.00995747674028058
RAB13,0.1517365029314357,0.018579729624331076,0.002839130843697635,0.0006351363399417775,-0.00044349644301755475,0.8266529967036114,0.0030307707406218576
CKS1B,0.2804208771385828,0.023841654456981554,0.002168064358988586,0.0020342652830637187,-0.001136270708750331,0.6926714094711337,0.003066058933301974
MUC1,0.0574568196146945,0.011272868432202633,0.0028581884603759433,0.00010138766652610653,0.0008897267315068208,0.9274210090946939,0.0038493028584088707
PKLR,0.3733066085092638,0.041533185746968626,0.0033519583329298386,0.0009671058376910513,0.0024292248790659388,0.5784119166940808,0.006748289049686829
FDPS,0.11535606629163299,0.010396584083263896,0.0026345649531268056,0.0014750270822948275,0.00011829144229646982,0.870019466147385,0.004227883477718103
MEX3A,0.06408517426616607,0.00927815029681206,0.0007060106807947192,0.000579078134890304,0.00013639473641548217,0.9252151918849214,0.0014214835521005054
LMNA,0.2980915033955495,0.02290867476438213,0.012421025578814526,0.0007483959792721206,0.0010490504976307102,0.664781349784351,0.014218472055717357
CCT3,0.14667282472107357,0.02566471498240741,0.0031192669525943184,0.0025306615678191424,0.0026334591985136824,0.8193790725775919,0.008283387718927143
GPATCH4,0.09717603022245157,0.020748114219133987,0.0022659566525004976,0.00025246236861402316,0.0003072702843034958,0.8792501662529965,0.0028256893054180166
HDGF,0.21848096655500837,0.013784861022563322,0.006339285567516617,0.00811443205645998,0.00031329309068256483,0.7529671617077691,0.014767010714659162
LINC02772,0.24852360252673367,0.02027456113459042,0.002208406675192509,0.0006913749164788596,0.0005012368456930871,0.7278008179013115,0.003401018437364456
FCRL5,0.0007877750611577718,-4.801672924703549e-05,0.0004475161825765045,8.28390283885011e-05,0.0002062569268865376,0.9985236295302378,0.0007366121378515432
FCRL3,0.00043067827545210545,-9.168820214185478e-05,0.0009033237430901904,2.8896961086864216e-05,0.0006250158994615387,0.9981037733230511,0.0015572366036385934
FCRL2,0.0004241760703338546,-6.75501228919877e-05,0.00021355831986652972,0.0003875266750328787,0.00030056633067247773,0.9987417227269862,0.0009016513255718861
FCRL1,0.0012046480034292506,-0.00011172633527039167,0.0007593824890462291,0.00029616766961145825,0.000358255823700261,0.9974932723494832,0.0014138059823579484
SPTA1,0.5629899952248106,0.04841231890065467,0.0035846490852294854,0.002609193343930616,-0.002090836677229868,0.38449468012260446,0.004103005751930233
PYHIN1,0.000641637193014739,-1.8117340858382755e-05,0.00038001850181185485,0.00012594238824890978,0.0004032559900707287,0.9984672632677122,0.0009092168801314933
ACKR1,0.3247936804963306,0.031807985989768306,0.004583463180771075,0.0038212295924867634,0.0002706727100638684,0.6347229680305794,0.008675365483321706
FCER1A,0.12750089035758944,0.0030256918406927624,0.002596334333390987,0.00038093136663269744,0.0008666394545635836,0.8656295126471305,0.0038439051545872682
LINC01133,0.23850629796805728,0.024213405889070783,0.0021265653074388213,0.0012062085500500475,0.0020901924989192855,0.7318573297864638,0.005422966356408154
SLAMF7,0.07371633061766784,0.01047077713517898,0.004484267624991281,0.0008449415982298702,0.0018203578239300022,0.908663325200002,0.0071495670471511535
LY9,0.11452911410976688,0.01311560528430361,0.003971450010150895,0.003948213510045456,-0.0023058964404100712,0.8667415135261433,0.00561376707978628
ITLN1,0.026415618541494216,0.001384204793570657,0.001854885105267004,0.0002799896419526972,-0.00019372239343298792,0.9702590243111484,0.0019411523537867133
TSTD1,0.20214571820541424,0.03224686333333196,0.002396742914054145,0.0015125796924864432,0.0013170204268737051,0.7603810754278395,0.0052263430334142935
PPOX,0.1658120518309107,0.016221041205950054,0.0014501315584953822,0.0032230614171883942,-0.0001285183516072097,0.8134222323390627,0.004544674624076567
AL592295.5,0.003406233131563376,-0.0003563606052527342,0.0003803553347746236,0.0005968196769801002,0.0004496412420841381,0.9955233112198505,0.0014268162538388618
FCGR3A,0.7100746505392533,0.05090231800090772,0.00446236228834529,0.0003077979518433249,0.0014764672876054208,0.2327764039320449,0.006246627527794035
FCRLA,0.0019031736302664096,0.0007871926691447951,0.0008488184334732021,2.904328003331541e-05,0.0003308134694519835,0.9961009585176303,0.001208675182958501
SH2D1B,0.057689480222120074,0.003060949551478738,0.0012061585292667543,0.0002485481737750511,0.0016912461276960347,0.9361036173956634,0.00314595283073784
NUF2,0.26657563773047616,0.0157617723905773,0.0011020604991674454,0.0016142606715613406,-0.0007782425538920834,0.7157245112621098,0.0019380786168367026
PBX1,0.1277531354068299,0.023574984279991384,0.004773222923197318,0.00043670088393585327,0.0027904865750053576,0.8406714699310402,0.008000410382138529
MGST3,0.39472845876967966,0.016985522665587782,0.008743974841372293,0.0040063608627416425,-0.0024491980351106224,0.5779848808957293,0.010301137669003313
CD247,0.00048682196826032535,5.441081742739407e-05,0.0031826352588428587,0.0009843191937841415,0.0009587494012071661,0.9943330633604781,0.005125703853834166
MPC2,0.4134127886677786,0.03154196460244357,0.004779384865171987,0.001570218626473996,-0.001401484763603078,0.5500971280017349,0.004948118728042905
XCL2,0.0002268685737429494,-6.528516343866429e-06,0.000499005741237443,0.00012136620334529614,2.9286887303913724e-05,0.9991300011107143,0.0006496588318866529
ATP1B1,0.09835934971328893,0.006255361076832791,0.0010079753708170797,0.00021230029594211663,0.0015251905499636814,0.8926398229931554,0.0027454662167228777
EEF1AKNMT,0.04442916375973315,0.008883505994107373,0.0010529534219186343,0.0018693046473363534,0.002747326171347493,0.941017746005557,0.005669584240602481
DNM3,0.03689510391736272,0.005005761397745223,0.0022581581254701513,0.00019536193141450608,0.0029249917248181934,0.9527206229031893,0.005378511781702851
CENPL,0.06336526936732112,0.00597123141508131,0.002418100638869339,0.0010881673319920876,-0.00045908831950283724,0.927616319566239,0.003047179651358589
GAS5,0.36667746286926756,0.0578288705796427,0.012897179722223151,0.001577546156037668,0.0015676732591417553,0.5594512674136871,0.016042399137402574
CACYBP,0.11803877934452402,0.015729106443501326,0.006964853302427493,0.0032390255942860158,-0.0026804803415578504,0.8587087156568189,0.007523398555155658
RGS16,0.048097921275396464,0.00447271359248904,0.0007977863646394454,0.00016439650841350295,0.0003007119079216983,0.9461664703511399,0.0012628947809746466
C1orf21,0.16700138940279866,0.01806740375329044,0.0014335069408146495,0.00020505060292996813,0.00015045290609014272,0.8131421963940761,0.0017890104498347603
PTGS2,0.047041304597752215,0.0059859322873064905,0.012170837242994996,0.0037164197670871424,-0.0014045417410156191,0.9324900478458747,0.01448271526906652
RGS1,0.008324146908159198,0.007124379089040405,0.029478705992536366,0.0009014766163390822,0.017196280419155337,0.9369750109747697,0.047576463028030785
UCHL5,0.05767642175122007,0.010023011954957715,0.0040807001225071915,0.0024706969906235915,-0.000526863009329942,0.9262760321900214,0.006024534103800841
CFH,0.09703963147425268,0.004552338087521909,0.0012807057828453372,0.0002509909002598315,0.000435799430646866,0.8964405343244733,0.0019674961137520347
ASPM,0.32944539148506424,0.019402050014498906,0.0015180998867856954,0.0004907640423273407,-0.0002785693741234607,0.6494222639454472,0.0017302945549895754
MIR181A1HG,0.03227900089130649,0.0057513737430957695,0.00794226701753585,0.00071245336899739,-0.00036875723316712183,0.9536836622122317,0.008285963153366119
KIF14,0.08130007809966061,0.004691838740176674,0.0008862469702900361,0.0009715279471405186,-0.0005085408830068222,0.912658849125739,0.0013492340344237325
PTPN7,0.07296444163592634,0.014171274149257701,0.0009419957658484135,0.0006749121744283465,0.0010367211750763328,0.9102106550994629,0.0026536291153530928
UBE2T,0.4544813079654661,0.032755265305871195,0.0020529948091838612,0.003139257035055354,-0.0017401933790067714,0.5093113682634303,0.0034520584652324438
KDM5B,0.06733856643302064,0.009393254623156044,0.0029379980476994805,0.001604349248656739,0.001528168810919009,0.9171976628365481,0.006070516107275228
SNRPE,0.19255083578072837,0.04503935909797385,0.012388517821358774,0.004980839098566753,-0.0024239015075358805,0.7474643497089082,0.014945455412389647
TMCC2,0.3427833360577712,0.06001623330962419,0.0026860686270068768,0.0037748227512722776,-0.0008876116701057035,0.5916271509244311,0.005573279708173451
SLC45A3,0.040486630692145406,0.002768000741390886,0.0009889560769382882,0.0006704388078697526,-5.92228683626711e-05,0.9551451965500184,0.0016001720164453698
NUCKS1,0.28288544419437933,0.04007093263374667,0.009565230716610196,0.003099669159458751,-0.0017676576211837491,0.6661463809169887,0.010897242254885198
SLC41A1,0.04653111799577095,0.00928335962427633,0.0014174179855503538,0.00033728237245148757,0.0012493773672640693,0.9411814446546868,0.0030040777252659107
CTSE,0.31793624452256397,0.020927368659673595,0.0031305011623982693,0.002489914929232895,-0.0018016142384710832,0.6573175849646024,0.003818801853160081
DYRK3,0.1573026093982177,0.020578990948317555,0.0017155681537874001,0.0017962317442180575,-0.0005791178484339798,0.8191857176038932,0.002932682049571478
FCMR,0.008847454914631549,0.0004418131716042179,0.000941604345887909,0.0006908555677889103,0.0015863036925499,0.9874919683075375,0.0032187636062267194
CR1L,0.32680989444885244,0.04018261989819122,0.0025749413222232453,0.003162188862569082,-0.0009568462532852373,0.6282272017214492,0.00478028393150709
CD34,0.41505688381174133,0.029963312908748263,0.0028980064390565774,0.00021850872523548892,0.001524664614750204,0.5503386235004681,0.00464117977904227
G0S2,0.04537097485642724,0.04617924846304587,0.1528756883494457,0.0020592860251082423,0.0473242844809898,0.7061905178249832,0.20225925885554374
TRAF5,0.0522448155117677,0.004016707698305949,0.0017227533677174264,0.0004695505175480591,-0.00040644219759389255,0.9419526151022548,0.001785861687671593
NEK2,0.1537284194550557,0.009331394970391343,0.0008227345673281761,0.001200891796524245,-0.0006281510962380388,0.8355447103069386,0.0013954752676143822
DTL,0.16699605537731402,0.024512861933936647,0.0013694992396255379,0.0006892348884128263,0.00031259877374603673,0.806119749786965,0.002371332901784401
NENF,0.14365449513067982,0.02161488483780305,0.0016951767170016174,0.001267304726167151,-0.000383518462643756,0.8321516570509921,0.0025789629805250125
ATF3,0.03657536005153041,-0.0023210945802620217,0.010517336670048366,0.011568132667724662,0.007501742160613112,0.9361585230303455,0.02958721149838614
CENPF,0.5192432448381623,0.03246696038678121,0.00173650611194609,0.0008453280547402464,-0.0005595933573193657,0.4462675539656895,0.002022240809366971
RRP15,0.06430259337984143,0.015569783579995403,0.005786801358206736,0.0022016557310892138,0.0003328393462499052,0.9118063266046174,0.008321296435545855
EPRS,0.11611139441924476,0.016463941865820675,0.0008367064692997028,0.003152180930231757,0.0024247837141264383,0.8610109926012767,0.006413671113657898
LBR,0.17940067005921193,0.0019278649549478721,0.007876198237158322,0.00560948051036253,2.6635813144271214e-06,0.805183122657005,0.013488342328835279
ENAH,0.0038014560793166886,0.00013040344044219082,0.0004353761605298363,0.0006114378614387149,0.00030577825274969404,0.9947155482055229,0.0013525922747182452
PARP1,0.18664300960693236,0.03085636924909052,0.002615326893579184,0.0007504707184853299,0.0009094706837974309,0.7782253528481151,0.004275268295861945
CDC42BPA,0.12329187842727529,0.018080222046298722,0.003428039465818905,0.001227153470694603,0.0005085649550074789,0.853464141634905,0.005163757891520987
C1orf35,0.06005982446263803,0.00690453250427004,0.000557065242520971,0.0014032715041112226,0.0004898782836944005,0.9305854280027653,0.002450215030326594
HIST3H2A,0.0886475837709132,0.005661142660851673,0.0040215071208473535,0.002004432393494779,-0.000251469174881766,0.8999168032287748,0.005774470339460366
ABCB10,0.33984143222565827,0.02074477246917117,0.004452013396571142,0.006566129478442373,-0.001828347781983486,0.6302240002121405,0.009189795093030029
ARV1,0.15243569034666848,0.021808752839057588,0.0015731455859928634,0.0019445380115314936,0.0010615363861968818,0.8211763368305527,0.004579219983721239
FAM89A,0.2519087945480212,0.0369408513684335,0.0010859241916619244,0.0012389680388729674,0.0025714992916703316,0.7062539625613401,0.0048963915222052234
TOMM20,0.1372232957478101,0.03463868572759607,0.017706272213387136,0.004150731829433568,9.132112726431552e-05,0.8061896933545089,0.02194832517008502
MTR,0.041253602132918225,0.008555733455377822,0.0030386298153740818,0.0008372989480805032,0.00025582359750894734,0.9460589120507404,0.004131752360963532
CHRM3,0.12883032031858305,0.010889469730595541,0.004012508161181205,0.0005481620393872344,0.0015893888126093936,0.8541301509376436,0.006150059013177833
CHRM3-AS2,0.0622138110457229,0.005249529931322987,0.0009274480011948333,0.00026693157496210373,0.00019381424529893443,0.9311484652014983,0.0013881938214558714
FH,0.0812589907504342,0.008009162901013944,0.004186948865491216,0.003508782699415708,-0.002682038521336458,0.9057181533049814,0.005013693043570466
CHML,0.03329804389664515,0.002915796739474681,0.006582465042356003,0.001374350590351528,-0.0006726379645712946,0.956501981695744,0.007284177668136237
EXO1,0.07469230942986792,0.008446299732796356,0.0006910741203955129,0.0008448194197438613,6.12088961972207e-05,0.9152642884009992,0.0015971024363365949
SCCPDH,0.10452629483012585,0.019098538582903238,0.0042258806737774934,0.0015118400568694679,0.00011825839012151451,0.8705191874662024,0.005855979120768476
NLRP3,0.10545035204347616,0.004703529893637315,0.011033674533242444,0.008449242253668096,0.0025715796707172084,0.8677916216052588,0.022054496457627748
GCSAML,0.12953091930094307,0.010779022219594786,0.004110454463246149,0.0003604500515008713,0.0013225020963578138,0.8538966518683573,0.005793406611104834
TRIM58,0.394768488744743,0.10531145235247319,0.003408847414044236,0.003095566579518816,0.0038164621769405382,0.4895991827322802,0.01032087617050359
RPS7,0.5281655639577,0.1082090378918531,0.013284169431244885,0.004731869019598878,-0.0023929307699110947,0.34800229046951425,0.015623107680932669
RSAD2,0.06923470825610754,0.0015484241922496672,0.020934385256006924,0.0018424601321783834,0.010764605704822294,0.8956754164586351,0.0335414510930076
LINC00299,0.0021346600200252384,-3.246447976293842e-05,0.00024672726500316435,0.00019784632441057718,0.00036459134778453993,0.9970886395225395,0.0008091649371982815
MBOAT2,0.28206305962461853,0.026082408701370352,0.0017809335561356776,0.0026787239284208897,-0.0001369759483541566,0.6875318501378087,0.004322681536202411
YWHAQ,0.1342094669733539,0.01881461825503067,0.008862021646559914,0.005055222675462795,-0.0004356759913602404,0.833494346440953,0.013481568330662469
RRM2,0.37219170358580056,0.023090731340203063,0.0009283690965762315,0.0011409055264654522,-0.0005056861113854061,0.6031539765623402,0.0015635885116562775
ODC1,0.11083370425957462,0.015762665277022275,0.01940036051257721,0.009183007955637562,-0.0030998423281837773,0.8479201043233722,0.025483526140030993
PDIA6,0.1088178697603352,0.023056808707214244,0.00831997772375001,0.003837559671782065,-0.0005024042568914644,0.85647018839381,0.011655133138640611
LINC00570,0.18982129254925348,0.05026468951456217,0.0029565585252410986,0.005346912794418762,-0.000319058371639952,0.7519296049881644,0.007984412948019909
TRIB2,0.10383679674413013,0.01235593801201093,0.0008801217747993334,0.00021610879132775984,0.00033245053845055994,0.8823785841392813,0.0014286811045776532
NBAS,0.033283520081676295,0.00428051713921225,0.0012243145439220782,0.0006780735754445197,0.00047852675975817993,0.9600550478999866,0.002380914879124778
DDX1,0.10171514136241139,0.014615035670523094,0.003133366867845877,0.00298283304514374,0.0021025091298303017,0.8754511139242456,0.008218709042819919
SMC6,0.04642968529341489,0.004913319995472891,0.002138833697554361,0.001602147409253414,-0.0001875562254150323,0.9451035698297194,0.003553424881392743
RHOB,0.22027266352851743,0.015591703551025266,0.009387624860874078,0.01712454811194042,0.014659741931909193,0.7229637180157336,0.04117191490472369
MFSD2B,0.1478663689082543,0.01322277597139504,0.0012507367086110055,0.0022775969180400812,-1.5011210736132208e-05,0.8353975327044357,0.0035133224159149545
POMC,0.019521168134952933,0.0066130503837148955,0.006502567731463623,0.0003571433661520296,0.001398003010746017,0.9656080673729706,0.00825771410836167
CENPA,0.1627350106774596,0.008786304865257166,0.0015794226826818802,0.002204452875499807,-0.0012399721700123711,0.8259347810691139,0.0025439033881693163
PPM1G,0.14596573539462998,0.01738520256544504,0.0034541400761379237,0.002330783710615708,0.00029952930426702107,0.8305646089489043,0.006084453091020653
KRTCAP3,0.017877833338125582,0.005624741162650604,0.003571764148038642,0.00021123755240689754,0.0016534442705226741,0.9710609795282557,0.005436445970968214
WDR43,0.06980949066941451,0.011160121928025235,0.0053053207578497436,0.0008449805889965689,-7.150632973554338e-05,0.9129515923854494,0.006078795017110769
LBH,0.19705788279660594,0.017102345409270803,0.0018151391597475974,0.0011985185095638173,8.17861462902858e-05,0.7827443279785216,0.0030954438156017006
LCLAT1,0.03342200436509743,0.0055232480432255565,0.001008898365812326,0.0006760630687621533,-0.00024228681663346352,0.959612072973736,0.0014426746179410158
AL121658.1,0.028047739383328715,0.004307199377286252,0.0019095123599638386,0.00044161266282796013,0.00033691416710045913,0.9649570220494927,0.002688039189892258
TTC27,0.027762132749073944,0.006742861112539224,0.0005390101859815422,0.0005325105933062027,0.001372126180672742,0.9630513591784263,0.002443646959960487
LTBP1,0.1534093661809619,0.017767690387525875,0.0014026181734666243,0.00035694703328215116,0.0016224149777039065,0.8254409632470595,0.003381980184452682
CEBPZ,0.062145479141981555,0.009574811607177727,0.005741012237903187,0.004244807871021286,0.0005724505472070457,0.9177214385947092,0.010558270656131519
CYP1B1,0.1429089458897893,0.013826101035802563,0.006800530829989826,0.0019005407982034261,0.004785307549564716,0.8297785738966501,0.013486379177757968
SRSF7,0.16365643004004055,0.01757236460899303,0.007129924107497021,0.006586499373723603,-0.001406231303522576,0.8064610131732683,0.012310192177698048
ZFP36L2,0.27892199092762415,0.02512156803463056,0.008485560549620352,0.00650218515314982,0.004687740915025607,0.6762809544199495,0.01967548661779578
LRPPRC,0.0781280834788337,0.012312689852519654,0.005057774301300957,0.003935763301085776,0.0007794050549022463,0.8997862840113576,0.00977294265728898
AC019129.2,0.0006372639561621057,8.655118565551942e-05,0.00010605105122166733,2.1827202450400932e-05,4.132871431019138e-05,0.9991069778902001,0.00016920696798225965
EPCAM,0.4352013026257923,0.05299388630090934,0.011214868835277891,0.0016862529171449703,0.0008954983019739959,0.4980081910189015,0.013796620054396858
MSH2,0.17992695920710539,0.030528244874381022,0.0009631337369105097,0.000935420457586128,0.0009103279399166331,0.7867359137841003,0.002808882134413271
MSH6,0.12054291750051266,0.01869109722300416,0.002748180144633766,0.000822929596496158,-4.921490861428679e-05,0.8572440904439675,0.0035218948325156374
CHAC2,0.19039524216207676,0.01613277577460054,0.003365035865616678,0.0027989872035251717,-0.002037837502160522,0.7893457964963414,0.0041261855669813274
SPTBN1,0.05883558845226568,0.0007923040738042619,0.0012848764516782962,0.0009617564088882785,0.002112372500401624,0.9360131021129618,0.004359005360968199
RPS27A,0.5649166615880437,0.12023513952148668,0.008375262212872547,0.0025837748308306097,-8.041821071247401e-05,0.303969580057479,0.010878618832990683
PNPT1,0.03418463040969251,0.0089908997911246,0.006882996655881837,0.000720898452618593,0.0036599470070088416,0.9455606276836737,0.011263842115509272
FANCL,0.06894803902647971,0.016082805049129734,0.00158023889682872,0.0005371917222501271,0.0011686033181852462,0.9116831219871264,0.0032860339372640934
LINC01122,0.17472421951875972,0.014456496486971254,0.006195022049158727,0.0002022670835070961,0.003733234586201589,0.8006887602754016,0.010130523718867412
AC007381.1,0.0021309598616043404,-0.0001439823736968538,0.00019774783394482407,6.985932056403563e-08,0.00015596847881953462,0.9976592363400076,0.00035378617208492273
BCL11A,0.07851116952198765,0.015180845667817827,0.00361751978873541,0.004725662113661877,0.0024228434977566077,0.8955419594100407,0.010766025400153895
FAM161A,0.038476199156832834,0.00977344085788242,0.0008378162546588269,0.0003707583593350258,0.0004690355008108507,0.9500727498704801,0.0016776101148047035
CCT4,0.13203406132589174,0.025728091140431703,0.006392862390012299,0.0053797389737157975,0.00043705965615839504,0.8300281865137901,0.012209661019886492
LINC00309,0.006048011523739403,0.0007796286853998117,0.0008749878199842982,0.0007864711007244084,0.0007425660676710086,0.990768334802481,0.002404024988379715
MEIS1,0.14504952396800608,0.015022411638970029,0.0032605962791610876,0.0003714089342801985,0.0015711425352348263,0.8347249166443478,0.005203147748676112
CNRIP1,0.3787347324666869,0.055977007577153015,0.004075136748653951,0.0009103812284108059,0.002015656698525936,0.5582870852805695,0.007001174675590693
PLEK,0.17330445525881985,0.029311219602794175,0.00739395239284979,0.003401755172735138,0.004105844358563648,0.7824827732142374,0.014901551924148576
SNRPG,0.1721509728176504,0.026907348655727942,0.01809387164072243,0.01211983401885483,-0.002721179687755204,0.7734491525547996,0.027492525971822057
FAM136A,0.08319310186906878,0.014256295448713471,0.003236923614448814,0.0012122503173043336,-0.0007568356286253436,0.8988582643790899,0.003692338303127804
ADD2,0.3674907425105922,0.027588474073441838,0.001438211085534935,0.0007974345650656467,0.001340582487737385,0.601344555277628,0.003576228138337967
MPHOSPH10,0.05679669818941143,0.010810992542445587,0.003998224774149739,0.0008572101990258485,-0.00047571198626783495,0.9280125862812352,0.0043797229869077525
CCT7,0.12718308225214286,0.020559745530249113,0.004403824372011644,0.004635964693036759,-0.0009462040670294158,0.8441635872195891,0.008093584998018988
TPRKB,0.10523785808112737,0.01947249671240893,0.007316781678727818,0.00219037141338313,-0.0007938854983900318,0.8665763776127428,0.008713267593720916
BOLA3,0.3740931974142794,0.03829809765172498,0.00808068156717906,0.006956744075774346,-0.0042954124262640225,0.5768666917173062,0.010742013216689383
BOLA3-AS1,0.122197587190394,0.022171757353005334,0.0009095050350529654,0.00041310230428937,0.0011561527856323583,0.8531518953316259,0.0024787601249746938
HTRA2,0.3549117172579861,0.024719308917070748,0.0020601163053132754,0.003964965917652108,-0.0009682052847747036,0.6153120968867525,0.00505687693819068
MRPL19,0.06569473697990129,0.011622144551698133,0.0031525582711818545,0.0019903577819711388,0.0010185581920673231,0.9165216442231803,0.006161474245220316
GNLY,0.000935303678037118,0.001044698076614818,0.015597693755481583,0.0009182177633272441,6.982980837258804e-05,0.9814342569181667,0.016585741327181415
PTCD3,0.042501240745135616,0.006220947186973129,0.001768004229949098,0.002375985797493603,0.0024887564872673046,0.9446450655531813,0.006632746514710006
MRPL35,0.06792008112226196,0.010451019752053911,0.003667078994899056,0.0010649551169781418,0.0013788393238724217,0.9155180256899345,0.00611087343574962
CD8A,0.0008094172085484257,0.0001919024336478549,0.0013753896559243267,0.00026995808570731304,0.0003161368351269182,0.9970371957810452,0.001961484576758558
CD8B,0.0010035073331130934,0.00015387587643527845,0.0011199979996594348,0.0001649491794155889,0.00015268925198788684,0.9974049803593887,0.0014376364310629106
CYTOR,0.13291493270959198,0.015392481535132646,0.008384382900028325,0.004025258362012896,0.003539572334175456,0.8357433721590587,0.015949213596216677
IGKC,0.009653055162485796,0.00031685020004112996,0.08607491060180486,0.07135881263827623,-0.0452688945733879,0.8778652659707799,0.1121648286666932
MAL,0.05837979945816085,0.004195172539953176,0.0017209573377504894,0.00031504137861324,-0.00018188518755393734,0.9355709144730762,0.001854113528809792
LINC00342,0.11683690589349183,0.02782274169741114,0.00694942029008086,0.0005212368153382496,7.0808192624644e-05,0.8477988871110533,0.0075414652980437535
ANKRD36C,0.04994434909931196,0.010589882680648012,0.007371122274685865,0.0007517942468817096,-0.000659710936838219,0.9320025626353107,0.007463205584729356
DUSP2,0.014061286113705544,0.0006169579414609626,0.014018386570403336,0.007906560704216768,0.004408256431125499,0.9589885522390879,0.026333203705745604
NCAPH,0.16944044927276147,0.011792419181375469,0.0006997632160578582,0.0011910063655705128,-0.0003722420510773039,0.817248604015312,0.001518527530551067
FAM178B,0.5501003249941323,0.07209423352388711,0.005220253247499862,0.0018833423246515935,0.004025385558764638,0.3666764603510645,0.011128981130916094
AC092683.1,0.09619918886873838,0.027159046610255727,0.008522785701748137,0.00015969991737033173,0.003989381283393351,0.8639698976184941,0.012671866902511819
TXNDC9,0.043305608094253656,0.007240166770118933,0.000632529590138528,0.0010255419750557077,0.0009864578408830468,0.9468096957295501,0.0026445294060772825
EIF5B,0.14280089482380065,0.01684979388737312,0.007949510160636747,0.00410317938074331,0.0006366816665307473,0.8276599400809155,0.012689371207910805
AFF3,0.08848962082769575,0.012292085290674978,0.004540629162151283,0.000862945518043598,1.7084858339982967e-05,0.8937976343430944,0.005420659538534864
IL1R2,0.008030528457577115,0.0005122412178439999,0.0005560263930208965,0.0003317933600787328,0.0008059197147108482,0.9897634908567684,0.0016937394678104775
MRPS9,0.1141253922619947,0.012715520439607053,0.0007235281998878018,0.0009451146681424272,0.0005465743502652276,0.8709438700801028,0.0022152172182954566
FHL2,0.20858448177339872,0.02291479908584995,0.002642899760804479,0.0005302247418232653,0.00034205961308134136,0.7649855350250423,0.0035151841157090857
CCDC138,0.0526376763708254,0.011915182553160257,0.0017084920755887217,5.6073181183613485e-05,0.00028454339917098614,0.933398032420071,0.0020491086559433214
BUB1,0.16242547280916547,0.01319994355316989,0.0005638644162992978,0.0007818544819143403,-7.049659296912147e-05,0.8230993613324201,0.0012752223052445166
MIR4435-2HG,0.03855406237300621,0.0060679291160133375,0.003607940940442686,0.00598029081957728,0.0032798856324820005,0.9425098911184785,0.012868117392501967
CKAP2L,0.2169533715252387,0.011081845519659905,0.0008144495815015362,0.0013392221739345067,-0.00033563873171663094,0.770146749931382,0.001818033023719412
IL1B,0.08425882968611167,-0.000978322723639402,0.013091916103522769,0.007183563088167977,0.008971897154560732,0.8874721166912762,0.029247376346251477
DDX18,0.08076307096355986,0.01644310149768434,0.010673579383416787,0.004784180245999262,0.003526643475726579,0.8838094244336132,0.018984403105142628
NIFK,0.08930968115636531,0.01784578645779475,0.0034258770233991237,0.0017108493797363122,0.00012845455874263556,0.8875793514239618,0.0052651809618780715
GYPC,0.6277860541536457,0.1052782280750264,0.004536742714318698,0.0011107839660849939,-0.0005919949480442943,0.26188018603896845,0.005055531732359397
IMP4,0.049759678397375634,0.008239661387678718,0.0014920685499539774,0.0010713285441079495,0.0010209082205791323,0.9384163549003046,0.003584305314641059
MZT2A,0.18984417259755804,0.03530223330905177,0.011338619838812236,0.0014012438543301309,-0.0007195543568247198,0.7628332847570726,0.012020309336317647
MCM6,0.20731181953959546,0.03345654048781868,0.0019402600639332468,0.0016769144587003293,-0.0006932402127327042,0.756307705662685,0.002923934309900872
DARS,0.09001825435681882,0.01656902293864855,0.0021470650040396333,0.0038710550045328446,0.0029565213691999936,0.8844380813267602,0.008974641377772472
CXCR4,0.11104980910431778,0.0026327415766661394,0.01588919430611002,0.013324007543122657,0.0003847321342698856,0.8567195153355135,0.029597933983502564
ORC4,0.049822505466372076,0.008127959328297893,0.00144457220078386,0.0019322225936822118,0.0022768900942726766,0.9363958503165912,0.005653684888738748
MMADHC,0.07040977227913289,0.011857697829111766,0.003870382742849676,0.0034125982163355495,0.00023325751710678855,0.9102162914154633,0.007516238476292014
TNFAIP6,0.012282314049309798,0.0013890720973586419,0.00395640320066435,0.0014722417799654282,0.0014225206140318723,0.9794774482586699,0.006851165594661651
RIF1,0.09847639471945345,0.018196077029649232,0.006647570423397517,0.0029441452013715813,3.578007732139843e-05,0.8737000325488068,0.009627495702090497
ARL6IP6,0.06452941217791852,0.007017800663642451,0.004502855565267638,0.005293076968213281,-0.0008439019054763824,0.9195007565304345,0.008952030628004537
NR4A2,0.1825888389625898,0.017946456411056022,0.019700437006907684,0.007839719676700968,-0.0016940056151907579,0.7736185535579363,0.025846151068417894
GALNT5,0.10699918296632023,0.005687435025448578,0.0014062193055988381,0.000457491114278577,0.001301746701777337,0.8841479248865765,0.0031654571216547522
PSMD14,0.087972378054906,0.010757417257458629,0.0011512099204081389,0.0013386780993274866,0.0005147707116121142,0.8982655459562876,0.0030046587313477396
COBLL1,0.08127906837516816,0.005225787772614912,0.0011762101206110182,0.0006184141969385049,-0.0002825832871036632,0.9119831028217711,0.0015120410304458598
SCN3A,0.004379590619708121,0.0004764022518154035,0.0007096661833977218,4.201495090167418e-05,0.00021206772559511332,0.9941802582685819,0.0009637488598945093
SPC25,0.15064702489953377,0.013902478509812577,0.0010168452342370904,0.0018268924662787067,-0.0004989532151794818,0.8331057121053174,0.0023447844853363153
DHRS9,0.004025168348742864,0.0014628494950092727,0.0028207068908891308,0.000198829473946038,0.0013476601091838326,0.9901447856822289,0.004367196474019001
CCDC173,0.009921959288343322,0.001529515321385391,0.0006666373319444696,0.00034370287324596814,-0.00010507337539651836,0.9876432585604774,0.0009052668297939194
KLHL23,0.15771669920528364,0.030603742616214097,0.001478456715745563,0.00048837545027966,0.0011222789927609333,0.808590447019716,0.0030891111587861564
SSB,0.13488361925078812,0.0228823466402725,0.007234208306721834,0.0026377101881170373,-0.0014104038637444971,0.833772519477845,0.008461514631094375
METTL5,0.11801025083615357,0.016254453615827613,0.004864049014333849,0.0025864861288824315,-0.0017582831291235446,0.8600430435339261,0.005692252014092736
HAT1,0.10302190968909157,0.012299713399879855,0.003637884246850548,0.0035358952955094752,-0.00026623808431772145,0.8777708354529863,0.006907541458042302
CDCA7,0.18576403661275753,0.022055024550444002,0.00532189258421617,0.0011484663006866014,-0.0008610426190702458,0.7865716225709659,0.005609316265832526
OLA1,0.09208084200281715,0.012841519960013564,0.005285502716322263,0.002355999592521571,-0.0009002522226536497,0.8883363879509791,0.006741250086190184
ATP5MC3,0.1775692003756341,0.04000111621426375,0.017293731163178144,0.007019675965919792,-0.003981800924519885,0.7620980772055241,0.02033160620457805
TTN,0.011245769863942903,0.000876223494250419,0.0004248065079027804,0.0001184465967260101,9.281730478843606e-05,0.9872419362323894,0.0006360704094172265
CCDC141,0.007597227337084686,0.00019990119954127993,0.00026098528423639314,0.0008213909050007826,0.000218502979775494,0.9909019922943614,0.0013008791690126698
LINC01934,0.001375521422412205,0.00010313185981848227,0.00031496327090969564,0.00028834191649504035,-0.00019185117743200772,0.9981098927077966,0.00041145400997272827
FSIP2,0.013835524704214733,0.0015159860675901943,0.0014223553446579447,0.00018269941338429352,-0.00010545446965508701,0.9831488889398079,0.0014996002883871512
TFPI,0.16267248816340418,0.02664758361949704,0.007640054288663711,0.00032771337223538866,0.0006735525499759476,0.8020386080062237,0.008641320210875048
SLC40A1,0.09063906488789453,0.01693836656371317,0.006113715735384537,0.004814239994630251,0.0042208547515117795,0.8772737580668657,0.015148810481526567
C2orf88,0.1245189142693788,0.013314073270799615,0.0006224288767085195,0.001704017799972285,0.00027534549072461,0.8595652202924162,0.0026017921674054145
CAVIN2,0.2110981638864675,0.029121498019541364,0.0013388483269835272,0.0005875628151333356,0.0018875648588462801,0.755966362093028,0.003813976000963143
HSPD1,0.2884063233544778,0.052724967185309224,0.00475255623304871,0.0014803370199623633,0.0007415104303233888,0.6518943057768785,0.0069744036833344625
HSPE1,0.24146632089941347,0.04750034058023225,0.011650928753457968,0.006993619145605812,-0.004119396895310823,0.6965081875166013,0.014525151003752956
SGO2,0.19479514831068961,0.01493422469820449,0.0009366188263557618,0.0009718481087779007,-0.000209146720295178,0.7885713067762674,0.0016993202148384845
TRAK2,0.28341684969711384,0.03886563609436283,0.003787905775498812,0.004769754248850622,0.0007104278666791863,0.6684494263174947,0.00926808789102862
STRADB,0.3050922241847319,0.08304269211725784,0.004979751955291767,0.009640573820221932,0.0003857638168654476,0.596858994105631,0.015006089592379146
NOP58,0.1643469639803284,0.02974003527649552,0.008658174722708356,0.0023067176052137817,-0.0021018809490205292,0.7970499893642745,0.008863011378901609
WDR12,0.05847559993524854,0.013866451422465877,0.003286729656219442,0.0015232437841431468,3.723091587887195e-06,0.922844252110335,0.004813696531950476
EEF1B2,0.39078745949611887,0.07829131144051693,0.01711579843265043,0.002313668264505575,0.0030550283939046463,0.5084367339723035,0.022484495091060652
ADAM23,0.0005432866085414633,0.0005160918786595041,0.001958882083446687,1.1536257507227705e-05,0.0009720915867903767,0.9959981115850547,0.0029425099277442914
METTL21A,0.05021376524168865,0.008472360326953914,0.0017425043123212997,0.0016895707618927516,0.0014602483413402034,0.9364215510158032,0.004892323415554255
LINC01857,0.00042450828141167693,0.00010649910497714874,0.0005501374202271756,4.915991918630737e-05,-2.3676089770875665e-05,0.9988933713639686,0.0005756212496426073
CRYGD,0.22589997374605014,0.015163358087297879,0.0010199383513291582,5.93304023893404e-05,0.00025867219556316434,0.7575987272173703,0.001337940949281663
IKZF2,0.04755430878088034,0.0044539753027127635,0.000980022083297373,0.00019423308170905124,0.0003420834075275256,0.946475377343873,0.0015163385725339498
ATIC,0.11809042125524627,0.021894033426459902,0.004524161452227032,0.001809213301791457,-0.0005935867904821313,0.8542757573547575,0.005739787963536358
XRCC5,0.12486703949716692,0.019031733535797887,0.003263324677960755,0.0020991378474486677,0.0031789909451125364,0.8475597734965132,0.00854145347052196
RPL37A,0.5541056869314113,0.08374913222762881,0.03194908015920239,0.021591279050305223,-0.009856967529714322,0.31846178916116663,0.04368339167979329
TNS1,0.24477050112575333,0.04917455130402776,0.003159010759539227,0.008361664629218557,0.0006746685481430759,0.693859603633318,0.01219534393690086
ABCB6,0.1377407915964171,0.0117705618886427,0.0027658932216120258,0.004437521610709372,9.469698965705597e-05,0.8431905346929618,0.0072981118219784535
SERPINE2,0.2600454196481573,0.04658130992062809,0.0026571685156565605,0.000789507070732054,0.002327799375476558,0.6875987954693494,0.0057744749618651725
ITM2C,0.30683848959724347,0.022282726283863907,0.0030922075390079073,0.0013727459033887057,-0.0011540048453186902,0.6675678355218146,0.003310948597077923
PSMD1,0.06712633546337725,0.007191559674067011,0.0026275273141921213,0.0017597078393447457,0.0009738632646686812,0.9203210064443502,0.005361098418205548
NCL,0.23307844121251675,0.04100842254650605,0.009593979431881672,0.0019414594157224352,-4.905880901290294e-05,0.714426756202386,0.011486380038591204
PTMA,0.640786600133721,0.12184775253964186,0.002251060617576184,0.00018480893709404977,0.0009931281068774611,0.23393664966508942,0.0034289976615476947
HJURP,0.21161993833130707,0.014991174762113896,0.0010437513541795562,0.0013011856462624982,-0.0004943594833890508,0.7715383093895261,0.0018505775170530037
ARL4C,0.06045109344865823,-0.004910583457789122,0.019014998932408392,0.0022790056231784817,-0.0014966132320462788,0.9246620986855902,0.019797391323540595
RAMP1,0.1759102237174489,0.01753172134953976,0.01107674647864243,0.00024963369229891175,0.0026719585102771004,0.7925597162517929,0.013998338681218442
LINC02610,0.042343397292343814,0.008900779753170815,0.0010151043727941178,6.50306997738298e-05,0.0007808784095557006,0.9468948094723617,0.0018610134821236482
HES6,0.29123945356476455,0.022188235025481506,0.002252049303944015,0.0012502117850962668,-8.371683740659996e-05,0.6831537671581203,0.0034185442516336817
STK25,0.07006879547947907,0.010206840437983297,0.0017651213445886577,0.002642000057964819,0.0011255517784005409,0.9141916909015836,0.0055326731809540175
DTYMK,0.21085764631831175,0.018990082464734492,0.0033333889259150873,0.0009699696399985691,-0.00016836201498177106,0.7660172746660219,0.004134996550931885
FANCD2,0.0659248473616229,0.007935752312202629,0.0010955501486109714,0.0010930098902731666,0.0002533048793246506,0.9236975354079657,0.0024418649182087887
RPL32,0.6298327032589848,0.11780534197131443,0.005894656904298912,0.0030478573514003404,-0.0008693351549799999,0.24428877566898155,0.008073179100719252
MRPS25,0.0731410004962908,0.015171968628047303,0.0031777434604286225,0.002610190862844017,-0.0010522498059578056,0.9069513463583471,0.004735684517314834
ANKRD28,0.161815784129819,0.025620500278972252,0.01896469017494387,0.003898494411580522,-0.001586872485711266,0.7912874034903956,0.021276312100813127
SATB1,0.05533817279873257,0.006931924290726359,0.005348313736464022,0.0019843069399012453,0.0010817487522303895,0.9293155334819454,0.008414369428595657
SGO1,0.2398788789926991,0.016299316115962192,0.0009763230777263265,0.0019109785614506158,-0.0007126087063012987,0.7416471119584631,0.0021746929328756437
ZNF385D,0.1907249079275605,0.016249278693437064,0.002103541357677846,9.559236855252728e-05,0.0005965297893121835,0.7902301498634599,0.002795663515542557
RPL15,0.5485704315502925,0.12235221173236777,0.006086321381812865,0.0012764535484742767,0.004220059037807644,0.31749452274924495,0.011582833968094786
THRB,0.04327085393402519,0.016936052421750253,0.005297733457677048,0.0006205700479709614,0.006812787077993196,0.9270620030605834,0.012731090583641205
ZNF860,0.00013684340003698758,-1.9885676251231503e-05,0.0002391520857666506,1.9017905528250878e-06,4.7478055310966116e-05,0.9995945103445838,0.0002885319316304418
CMTM8,0.02736602462927519,0.0030289815694969947,0.0017849100911418517,0.00011890569127606665,0.0006253772540655948,0.9670758007647443,0.002529193036483513
ARPP21,0.0013727349326978864,0.0010081453420773007,0.001709159678663657,4.51207054548838e-05,0.0005961466994996614,0.9952686926416066,0.002350427083618202
CX3CR1,0.13991652720092854,0.04546502729314306,0.026996076046778256,0.0027935061117296822,0.02607741961277843,0.7587514437346421,0.05586700177128637
RPSA,0.40014756549589314,0.06692322505976106,0.008744612379554983,0.0022902871917879764,0.0004668593302163959,0.5214274505427865,0.011501758901559356
RPL14,0.47982974399418366,0.10103626836653967,0.012317131030742612,0.002682693878966913,0.0010672836000132913,0.40306687912955386,0.016067108509722816
ZNF620,0.057110540518998526,0.01076601040955684,0.001827568423228898,0.00023269154259308866,0.0008470684975638715,0.9292161206080588,0.002907328463385858
KIF15,0.17271777939926675,0.009558949069061684,0.0011580505822866571,0.0016486692213871224,-0.00045045711078733897,0.8153670088387851,0.0023562626928864405
EXOSC7,0.07400570653860444,0.015156753281086843,0.0021849387526564484,0.0009441959219570334,0.0008130034577838868,0.9068954020479113,0.003942138132397369
KIF9,0.05983469221668122,0.016201485789462802,0.00349849049528686,0.00045903029354853186,0.00046995908008970466,0.9195363421249308,0.004427479868925097
SMARCC1,0.07438260588810267,0.01140306803947816,0.0030704890618579728,0.002476323824406934,0.0012639443482017898,0.9074035688379525,0.006810757234466697
CDC25A,0.0892870832322323,0.008757428962580624,0.0010339257112747108,0.000462956106869708,-0.0002553794084855371,0.9007139853955282,0.0012415024096588817
IMPDH2,0.30422404255654595,0.05049780719195496,0.0038881611384267156,0.0016917007784593707,-0.00031616919453325565,0.6400144575291462,0.005263692722352831
AMT,0.04878527988058226,0.009558273594962342,0.0008250465592641101,0.0005628970998390395,0.0007279960590594325,0.9395405068062929,0.002115939718162582
INKA1,0.18116954090540952,0.012043064838211687,0.00046770540699006546,0.0004326687727007339,5.955209543870299e-05,0.8058274679812493,0.0009599262751295023
IFRD2,0.09081978452239271,0.018704166566405736,0.0027928886861951913,0.0014577585882804833,0.0010711300680770475,0.8851542715686488,0.005321777342552722
MANF,0.06833879397290808,0.007741421108116889,0.0030125744097053153,0.0036623044230958413,-0.001108874107725616,0.9183537801938995,0.005566004725075541
RRP9,0.050295816111044146,0.009644890527581183,0.0019926695567420855,0.0013638896551432245,0.0003161063648442347,0.9363866277846451,0.0036726655767295446
ABHD14B,0.06829320631111827,0.011137669443573375,0.0017165260453435444,0.0014900408119142006,0.0012431249419280616,0.9161194324461226,0.0044496917991858065
ACY1,0.06402567774859998,0.014656081629172452,0.000993307080982192,0.0007096690165330349,0.00103927293126993,0.9185759915934424,0.002742249028785157
RPL29,0.563555903348668,0.11769393067304879,0.0010890268014978055,0.001394481930964253,0.001042503019312413,0.31522415422650873,0.0035260117517744716
POC1A,0.08336020257576543,0.008300897804933483,0.0004791441966071758,0.00020493382563882556,0.00015019935748722402,0.9075046222395678,0.0008342773797332254
NT5DC2,0.08168255266161316,0.013686976530932343,0.0012572517495885727,0.0019639977010165732,0.0005557410334954827,0.9008534803233539,0.0037769904841006285
GNL3,0.1062297639997127,0.023813939357439168,0.006868429411537619,0.001533445483468926,-0.00048412388064625334,0.8620385456284878,0.007917751014360291
DNASE1L3,0.0013007475007121502,3.741208823359221e-05,0.00030340571757101376,0.00011142008630294579,-5.665631028186377e-05,0.9983036709174622,0.0003581694935920958
LINC00877,0.07209593425547119,0.011770260878390379,0.0042307799471466845,0.003106122709713749,0.003279810593284707,0.9055170916159933,0.01061671325014514
HTR1F,0.15298031061911485,0.018075295072702724,0.004948748150356869,0.00027476238300269684,0.0025016952866316333,0.8212191884881912,0.007725205819991199
CPOX,0.3833822954492263,0.02978021968186828,0.005910011405542259,0.011494004352249565,-0.004127609913488817,0.5735610790246024,0.013276405844303008
CMSS1,0.16490294477111245,0.02799891077728328,0.0022186170101081426,0.0009254093130090235,-2.638866047202648e-05,0.8039805067889592,0.0031176376626451396
TRMT10C,0.10403350402756788,0.019218285735386545,0.0037004418664015604,0.0019371299494846395,-0.0002859685838073056,0.8713966070049667,0.005351603232078894
RPL24,0.44378044830104946,0.08906431640386436,0.01937734364177901,0.009680819184942235,-0.0065473989835288515,0.4446444714518938,0.022510763843192394
CIP2A,0.10114654210424709,0.006883435283371653,0.0010304193014801927,0.0016176465827820452,-0.0005465101670620309,0.8898684668951811,0.002101555717200207
DPPA4,0.22380138170135613,0.021337218389233914,0.0012453624072411573,0.000328459924943153,0.0004979253706249853,0.7527896522066007,0.0020717477028092957
PHLDB2,0.056156105068870636,0.001131714702516426,0.001977338302856263,4.015961912829519e-05,0.0005108817322080628,0.9401838005744203,0.002528379654192621
CD200,0.08845249076856791,0.006066954775143837,0.00156050451926526,0.0002799824491611369,0.0005457625501315011,0.9030943049377304,0.002386249518557898
BTLA,0.0012598021359096724,-3.123902123438314e-05,0.0001801121187198823,0.00014735059059789966,0.00016372659441367832,0.9982802475815933,0.0004911893037314603
NAA50,0.07020605996561556,0.005708837872335379,0.004859688427047731,0.0032157179918625434,-0.0006681599422623391,0.9166778556854012,0.007407246476647936
CCDC191,0.004074949889389753,0.0009149865247134433,0.0013331670122773273,0.000220026609573893,4.7347897936756735e-05,0.9934095220661088,0.001600541519787977
POLQ,0.08553021975141174,0.00894068906983983,0.0010269807392231517,0.000542477502917596,-0.0002279628751566537,0.9041875958117643,0.001341495366984094
CCDC58,0.060686543000244196,0.02347840359341643,0.005013374938857756,0.001695123212406932,0.0031871940030257506,0.905939361252049,0.00989569215429044
FAM162A,0.08110667352129149,0.018637417614872892,0.005873020454483013,0.0020670191901321633,-0.0007036531220157571,0.8930195223412362,0.0072363865225994195
MYLK,0.009272879858983136,0.0005884549831336218,0.00029382916379247677,0.0001445957478988305,-8.078878003716511e-07,0.9897010481339923,0.0004376170238909356
CCDC14,0.0859130317297643,0.020100702189246908,0.008435148440938317,0.00175064020482181,-0.0008234944309709891,0.8846239718661997,0.009362294214789138
UMPS,0.0537810584989871,0.010406720579940208,0.0017542122575192332,0.0009861138082833676,0.0010825637110744024,0.9319893311441957,0.003822889776877003
MCM2,0.18622118778898952,0.028812902692105097,0.0029261206750641477,0.0027343982289074475,-0.0005075006151412931,0.779812891230075,0.005153018288830302
MGLL,0.09116111578755152,0.01630473192186123,0.0011394382726148122,0.0011298160130665397,0.0018656318613526485,0.8883992661435532,0.004134886147034
RUVBL1,0.10921212003437476,0.02139235253332329,0.003914812007281221,0.001149637869199166,-3.176867483814516e-05,0.8643628462306597,0.005032681201642242
GATA2,0.26688157995379025,0.02229105853732033,0.0010075534816285647,0.0005045205406998265,0.001739997228777379,0.7075752902577837,0.0032520712511057703
MRPL3,0.10155650068686287,0.02471405638988719,0.004736855790439559,0.001967858518149901,0.00012909271325231564,0.8668956359014082,0.006833807021841776
RAB6B,0.22278052743715537,0.0174333667396529,0.003265125266601304,0.00539069898816702,-0.0012239580237943248,0.7523542395922177,0.007431866230973999
PCCB,0.1237650017408678,0.016011770555033278,0.0017164437144850386,0.0017107992780661385,-0.00022777591578798662,0.8570237606273358,0.0031994670767631905
NMNAT3,0.20681528363617993,0.03172188982962282,0.0021844926733197156,0.0005511405999024388,0.001573328760941961,0.7571538645000331,0.0043089620341641155
TFDP2,0.3096150441131866,0.06116954949457398,0.004499266958114756,0.003253669594806108,0.0004178381618833993,0.6210446316774352,0.008170774714804263
PAQR9,0.08195527783330442,0.00416136261428382,0.0013979929774002448,0.001231229153971683,-0.0006115438856260924,0.9118656813066659,0.0020176782457458353
U2SURP,0.10235372270172054,0.01765472712785876,0.009349967693036823,0.002865797061231884,-0.000999601764145236,0.8687753871802972,0.011216162990123471
PLOD2,0.10396436600392327,0.010811577388925422,0.001726704819089514,0.0005402279393043746,0.0006462366883887849,0.8823108871603687,0.0029131694467826735
CPA3,0.14284132624328308,0.009397180944975575,0.002405640422955435,0.00046323815413379377,0.0005246160651033727,0.8443679981695488,0.0033934946421926016
HLTF,0.2476809630009345,0.033085708349021914,0.0028248393082053735,0.0003350326010836957,0.0003078447345705171,0.7157656120061839,0.0034677166438595863
MED12L,0.13855173085421554,0.016774775942394293,0.0028254150106347686,0.000223290139058252,0.00191242970565203,0.8397123583480451,0.004961134855345051
IGSF10,0.1369779206248525,0.013205523017591453,0.0014060050515999345,0.00015704346299480476,0.000770089994798745,0.8474834178481625,0.002333138509393484
MME,0.004443592522758546,0.0007932317766713307,0.002074789345774492,0.000350464584864027,0.0005749454285331936,0.9917629763413984,0.0030001993591717126
GMPS,0.1286145660409352,0.016716368283561933,0.0027631339905659635,0.001994780557655479,-0.0005329600988418504,0.8504441112261233,0.004224954449379592
PTX3,0.019167738185340802,-0.0005592811004963699,0.001410505956949349,0.002218024642345478,-0.00023852356155316945,0.9780015358774139,0.0033900070377416575
LXN,0.31754203835055056,0.030810280605286067,0.0036688823111987734,0.0004422971165048417,0.0002759097364421481,0.6472605918800176,0.004387089164145763
C3orf80,0.13959462157703434,0.02148709765491494,0.0040080530361708555,0.0007846326190522335,0.002723082810374172,0.8314025123024534,0.007515768465597261
SMC4,0.31649866040740815,0.025241420703668638,0.0024761786270739994,0.002510565223106165,-0.00044478381636731124,0.6537179588551103,0.004541960033812853
TRIM59,0.20774576500993228,0.015606051376944652,0.0019617959514807715,0.002013565413030133,-0.0008866104787851325,0.7735594327273974,0.0030887508857257717
B3GALNT1,0.1520727146746978,0.029410558029434986,0.0032635041351798955,0.00032544578628376786,0.0014465515568391485,0.8134812258175644,0.005035501478302812
SERPINI1,0.04154020505246592,0.007040051288586251,0.001183013872200607,0.00043632813748296223,0.00027637792110850323,0.9495240237281558,0.0018957199307920725
RPL22L1,0.1584602272750239,0.07830814608398218,0.18424480287445344,0.0037994912243787815,0.01380073768743989,0.5613865948547219,0.2018450317862721
NCEH1,0.06437258150687775,0.0007287480076470787,0.002458459979100089,0.0012165118056956248,0.00039391366989123544,0.9308297850307883,0.004068885454686949
ECT2,0.15966232621768778,0.01005672949384756,0.0008718011385714375,0.0018114243059280943,-0.0004069683467637364,0.8280046871907288,0.0022762570977357954
ACTL6A,0.0992740004916102,0.0206063795139603,0.0016080356614480013,0.0018096412674062784,0.0016101784522567636,0.8750917646133185,0.005027855381111043
DNAJC19,0.11496059183136521,0.022958500205891505,0.004853291297174794,0.0040487795560717466,-0.0009565982171690357,0.8541354353266658,0.007945472636077505
PSMD2,0.0819615758781684,0.0034595666372617684,0.0028991848421951877,0.0049749288782549445,0.0040460316789427825,0.9026587120851769,0.011920145399392915
POLR2H,0.10240217924757998,0.02072646407601514,0.003179046820972767,0.0019003310618598557,-0.00022137147716011496,0.8720133502707323,0.0048580064056725075
MAP3K13,0.04556453126066188,0.010908477135122871,0.0020989751185953656,0.0014114234822705587,0.0012157793802854353,0.9388008136230639,0.00472617798115136
RFC4,0.24357548599161735,0.024554089928605832,0.0014431521404205117,0.0011269220470056518,-0.0004960997544857793,0.7297964496468364,0.002073974432940384
RPL39L,0.051329164343084946,0.005518351355750489,0.0018363882742367874,0.0007566594209296659,-0.0006647486289741503,0.9412241852349723,0.001928299066192303
CCDC50,0.02455662590393218,0.0038661511150044243,0.005751415462735429,0.0015584531220940445,0.0017539757291133162,0.9625133786671206,0.00906384431394279
HES1,0.04060759559277283,0.0038224087984347274,0.0028285788527927166,0.0009405977067349705,4.7655650117731096e-05,0.9517531633991471,0.0038168322096454183
LINC00884,0.03642398487642882,0.00959617659475099,0.0019619755982867096,0.0004939285803569893,0.0006181591444129955,0.9509057752057635,0.0030740633230566944
TFRC,0.43201575183682683,0.029746545793927492,0.00709943778423322,0.004529319532871001,-0.00369863332084297,0.5303075783729845,0.007930123996261251
TCTEX1D2,0.06679060438270354,0.009956916718284775,0.0028458562465863146,0.0007810680112703694,-0.0005023567707227866,0.9201279114118778,0.0031245674871338974
SPON2,0.005615873669918192,0.0006039251263954782,0.0018444029131789753,0.000188008251995761,0.0006575422359364775,0.9910902478025752,0.002689953401111214
SLBP,0.14396901580993213,0.015265142530384135,0.00452911156387889,0.004852639556297944,-0.00147234120468695,0.8328564317441939,0.007909409915489884
NSD2,0.13944684321966433,0.009689501617062418,0.0016792178434227867,0.002954479464685744,-7.286078517845795e-05,0.8463028186403432,0.004560836522930073
HAUS3,0.04033944916069785,0.005976410820234916,0.002322105281269894,0.001079341067907004,0.0003185456468963871,0.9499641480229939,0.0037199919960732852
NOP14,0.04586484399041871,0.008873507897873403,0.002912936275790763,0.0004746949443173512,0.00020403224115540103,0.9416699846504444,0.0035916634612635154
LYAR,0.09784869995536982,0.020157045067757798,0.006209888117501228,0.0012759659794192857,-8.649756386043539e-05,0.8745948984438123,0.007399356533060078
CYTL1,0.3798227767717621,0.053506046324787004,0.0026829912361058805,0.0002775398669778717,0.001971826374136454,0.5617388194262307,0.004932357477220206
CLNK,0.01703388428467446,0.0010590209379780953,0.0007933854607894766,1.0049074659904816e-05,0.00016335889611107657,0.980940301345787,0.000966793431560458
HS3ST1,0.003028855674178347,0.0005917562106901543,0.0007357333196333182,0.00018204785810633888,-0.0001342200195014109,0.9955958269568933,0.0007835611582382462
CD38,0.1070534691499553,0.008585564058907535,0.002043775412711682,0.0007991284125013487,-0.000578642590775294,0.8820967055566994,0.0022642612344377366
FGFBP2,0.0005094541343562925,0.00019842229079445933,0.0017409164374274117,3.5822526909245426e-05,0.0002536275562874592,0.9972617570542252,0.0020303665206241163
PROM1,0.1935283655633884,0.020152156689497408,0.00585370739344071,0.0002774393543342468,0.0018693285996185527,0.7783190023997206,0.00800047534739351
NCAPG,0.25970306438337715,0.01840843292546568,0.0007275046513222638,0.0005453905526905944,-6.616294967254355e-05,0.7206817704368169,0.0012067322543403147
SEL1L3,0.015370524768282651,0.0011762028732444935,0.001626075811156976,0.0005280254415359655,8.808304604459444e-05,0.9812110880597353,0.002242184298737536
TLR10,0.004279106991746473,0.0003319320357944222,0.0004252148347660932,0.00033699286302730537,0.0004035120971274146,0.9942232411775382,0.0011657197949208132
TMEM156,0.045373730379770015,0.006411217841472014,0.0018619324113977806,0.00044533621763440806,0.0009096113446228418,0.9449981718051029,0.0032168799736550305
RFC1,0.08463597396136989,0.010863883292625207,0.005713351229040542,0.00253731120075322,-0.0014033045751717654,0.8976527848913829,0.0068473578546219965
RPL9,0.5682668552703911,0.11930711098276081,0.009887806116690157,0.00152752318029592,0.0010254295610208075,0.2999852748888412,0.012440758858006884
RHOH,0.11004844643756936,0.014104815693380193,0.002727548220646109,0.0004632161062129436,0.0007033414724564174,0.871952632069735,0.00389410579931547
OCIAD2,0.3343341096919664,0.04763233403684758,0.0030896397426864453,0.0009642963477590194,-0.00037449025696273397,0.6143541104377033,0.0036794458334827307
DANCR,0.26447751623972326,0.0477762358946654,0.004848662685999261,0.0007967362936957545,0.0005320472630448436,0.6815688016228715,0.006177446242739859
KIT,0.1646832121185731,0.03152007828979664,0.006922421349868757,0.00043730418731771636,0.0005230062811559244,0.7959139777732879,0.007882731818342398
NMU,0.32874494753579686,0.03994965058838795,0.0018374616190476312,0.001764497235069662,0.0020295508524132977,0.6256738921692846,0.005631509706530591
CEP135,0.031993468035421344,0.002721047543573517,0.0018965439795872313,0.002348501328459332,0.0006430700345556664,0.9603973690784029,0.00488811534260223
PPAT,0.07084027395838781,0.016259300822810074,0.001172681323251601,0.0005339935722760841,0.0009102492662356187,0.9102835010570388,0.0026169241617633038
PAICS,0.25859699236301137,0.04469184650399022,0.005230102250617874,0.001373867830426867,-0.0005040969104300741,0.6906112879623838,0.006099873170614667
ARL9,0.09832052339596645,0.01237299765423712,0.0017457161279214317,0.00042021955329921146,9.155077775260811e-05,0.8870489924908231,0.0022574864589732513
HOPX,0.4387887563721376,0.02439026003949013,0.005626244994707819,0.00037140209696401305,0.0014461571497697556,0.5293771793469306,0.007443804241441587
SPINK2,0.6431201711319513,0.03394218433102325,0.0031785961516407335,4.4906525586974055e-05,0.0001719122899069836,0.31954222956989076,0.003395414967134691
IGFBP7,0.1886019383210393,0.016542294902908844,0.010704400179943785,0.0017380254637781312,0.0011256173808293912,0.7812877237515006,0.013568043024551307
JCHAIN,0.013288832064213654,-0.0011929747330873264,0.003695642604655009,0.0031503361228547196,-0.0010951156029467782,0.9821532795443108,0.00575086312456295
DCK,0.15142908936615,0.007242960267349635,0.006836872451491671,0.016046822982359626,-0.0016022235441512656,0.8200464784768003,0.021281471889700032
CXCL8,0.11583377609008605,0.05020901535851954,0.06280810386633759,0.010720765450716097,0.04022672804692473,0.720201611187416,0.11375559736397842
CXCL3,0.00789594637841073,0.00029716858311938134,0.0038866553262969245,0.0019695347368549106,0.0014717922508069269,0.9844789027245111,0.007327982313958762
CXCL2,0.01753619023131924,0.006798372200717984,0.013689726455591494,0.0025236222253508106,0.007730869845353375,0.9517212190416671,0.02394421852629568
EREG,0.08881112035209465,0.016928271138010847,0.028759824859071734,0.001989388335446096,0.007480679824355893,0.8560307154910207,0.03822989301887372
AREG,0.09663552887049348,0.009485744956438072,0.031674211656517376,0.0017579910410716326,0.010101216958534068,0.8503453065169454,0.043533419656123076
SEPTIN11,0.10058984840268238,0.01873495880039182,0.0012795376572712763,0.00038114455013898985,0.0011402050141712528,0.8778743055753443,0.002800887221581519
MRPL1,0.11899991357009133,0.018015137575141546,0.002374188774954572,0.0020854355976719086,-0.000893696386637971,0.8594190208687786,0.0035659279859885096
AC098818.2,0.004058521678443881,-0.0006410867067044141,0.0010161340289294067,0.0007761297867702925,0.0002275553913292784,0.9945627458212316,0.0020198192070289777
BMP3,0.0010434577850727085,0.00033026928053537423,0.0010841290463093783,3.902515459520495e-05,0.0008491988050745702,0.9966539199284128,0.0019723530059791534
PRKG2,0.16040172151092344,0.014189075521409772,0.0033226622254953764,9.721122689829165e-05,0.001303600294295465,0.8206857292209777,0.004723473746689133
HNRNPD,0.15729672387484098,0.018639166324029205,0.008227179463923706,0.004837518459855555,-0.002376790802384371,0.8133762026797349,0.01068790712139489
PLAC8,0.19026028152846874,0.02302920762098884,0.01593343050524118,0.005617628656960388,-0.004651877975022034,0.7698113296633629,0.016899181187179535
HERC5,0.01642958826797674,0.006633896940269727,0.019412683354149682,0.00038303411905062784,0.005617176256121039,0.9515236210624322,0.02541289372932135
PYURF,0.09121958135782311,0.017962409529551304,0.006670034524410937,0.003061781812040726,-0.0010154829154724598,0.8821016756916464,0.008716333420979203
SNCA,0.6588406630769525,0.14435047999896955,0.007053208921220633,0.008530488170091055,-0.005647211731033663,0.18687237156379988,0.009936485360278025
MMRN1,0.2233125632451777,0.013686221057623932,0.0012605476899136825,5.2916060557905986e-05,0.0008833797541489552,0.7608043721925778,0.0021968435046205437
SMARCAD1,0.032275194346972264,0.005346432008237784,0.002188103548409377,0.0013494583514400277,0.0006518628813487679,0.9581889488635917,0.004189424781198173
HPGDS,0.1477412928683734,0.0038304583239286427,0.0020712143596584853,0.0003233030515625013,7.809051469886974e-05,0.8459556408817781,0.0024726079259198563
TSPAN5,0.3218859366045558,0.07567366565217809,0.002734897333382169,0.003903199041478067,4.3006193454597774e-05,0.5957592951749513,0.006681102568314834
H2AFZ,0.27638247841817964,0.036083303702851954,0.006166143869019369,0.003908137849549631,-0.002383845416528474,0.6798437815769278,0.007690436302040526
BANK1,0.013058256850218327,0.00013450724977301376,0.0004675483542175198,0.0007186515570240162,0.0015219973334926785,0.9840990386552745,0.0027081972447342145
SLC39A8,0.15951481592835354,0.0416097036068655,0.00655619358211626,0.0005509640596830789,0.0036038904244651004,0.7881644323985165,0.01071104806626444
SLC9B2,0.08477555088657959,0.011324247928122436,0.0017856110530242303,0.0007035853879066162,-0.00013851439005287125,0.90154951913442,0.002350682050877975
CENPE,0.29254613085815606,0.014412906583246121,0.0017357720377680352,0.0014399808286463256,-0.0009856612685960608,0.6908508709607795,0.0021900915978183
PPA2,0.09942464017976488,0.022171891676827538,0.006427199625808955,0.0034909996589128356,-0.0019849687151931306,0.8704702375738789,0.00793323056952866
HADH,0.1477370510765353,0.02768638972473883,0.002794567903938616,0.0017327158074898208,-0.0008411811429434035,0.8208904566302409,0.0036861025684850335
LEF1,0.015867449615935197,0.004435844001447753,0.0012378053767465487,0.0002667902359873367,0.0006889642301614353,0.9775031465397217,0.0021935598428953207
OSTC,0.13367166299183406,0.03163010989712939,0.015061372055426486,0.006329082370772093,-0.004366960005907444,0.8176747326907454,0.017023494420291135
CASP6,0.11833943382849091,0.026404324693020453,0.0022405504647145524,0.0005738860887110897,0.001209669277471126,0.8512321356475918,0.004024105830896768
PLA2G12A,0.18270313547227232,0.030741856702994952,0.0035927704934374527,0.0005870230526175413,0.0016588394745451485,0.7807163748041326,0.0058386330206001424
GAR1,0.13438768968688686,0.021433511701119012,0.003169922147964327,0.0011090514754012737,-0.0008420225784256108,0.8407418475670542,0.00343695104493999
ELOVL6,0.13235722735901329,0.023571330266373036,0.002623828919756238,0.0006526288194435292,0.0005087296187921975,0.8402862550166217,0.003785187357991965
ZGRF1,0.03956418000903466,0.004950617159916869,0.0015671222904652393,0.00033937467624874096,-4.52339229075685e-05,0.953623939787242,0.0018612630438064118
SNHG8,0.27726731613712885,0.04075033441207826,0.004631554293262841,0.009054113948854858,0.0004619390685305924,0.6678347421401446,0.014147607310648291
MAD2L1,0.2855622494880885,0.033845764934451905,0.0033878171214431485,0.0018519246436362047,-0.0010533396619848978,0.6764055834743652,0.004186402103094455
CCNA2,0.2811205171478103,0.018994621914223686,0.0019546360841064536,0.0011857921460405318,-0.00045424164780466514,0.6971986743556238,0.0026861865823423203
SPRY1,0.08798159456485245,0.008877930077206803,0.0022449884186931807,0.0009692883701501037,7.594937122809564e-06,0.8999186036319746,0.003221871725966094
PGRMC2,0.12422675701165074,0.007121756195293469,0.0030200920489394656,0.0014297814015060972,-0.0006814710952950942,0.8648830844379053,0.0037684023551504686
JADE1,0.041694701280050914,0.005869605130893685,0.002241668897692957,0.0014005906301410923,0.0017553896014076836,0.9470380444598137,0.005397649129241733
NDUFC1,0.09998120050476753,0.018513473812272557,0.022228117364029826,0.01203280866325257,-0.006693212714276003,0.8539376123699536,0.027567713313006392
NAA15,0.03988091279666899,0.007473794763825023,0.003522383872245953,0.0017583572640467657,0.0006456237897278227,0.9467189275134854,0.0059263649260205414
MGST2,0.0788500547600785,0.015211066957961927,0.00662962271956552,0.004789242847802105,-0.004064855030522771,0.8985848677451147,0.007354010536844854
CLGN,0.07712357365108216,0.019745760368996557,0.0030211328416351463,0.00022438078312053689,0.0009876577838684314,0.8988974945712972,0.0042331714086241146
LINC02432,0.09800097417146159,0.024151555653177267,0.016690481657746864,0.0007875541463270019,0.002890025502642654,0.8574794088686446,0.02036806130671652
INPP4B,0.09201490982907669,0.005929390866689102,0.0010208009921518768,0.00033527213782258425,0.0010493257620761698,0.8996503004121836,0.002405398892050631
GYPE,0.283974610858061,0.027232547686341257,0.004814392509534415,0.0067263924345225545,-0.002948717418665925,0.6802007739302067,0.008592067525391045
GYPB,0.6640470583039355,0.07646195902537756,0.005467326498585723,0.0038766441691687747,-0.0019360464489669438,0.2520830584518994,0.007407924218787554
GYPA,0.696221142790064,0.06169953099414027,0.0030693545118938292,0.005527339885546212,-0.002167391192560375,0.2356500230109161,0.006429303204879666
HHIP-AS1,0.013210944720134543,0.0019950153699101903,0.0012694560240990183,0.0001562250284837842,1.6061215392227865e-05,0.9833522976419803,0.0014417422679750304
ABCE1,0.08641007072044106,0.021225346828768893,0.004248718028147705,0.0019795326414511205,0.0004967586085746073,0.8856395731726167,0.006725009278173433
PRMT9,0.009605400058227175,-0.0014124441307593414,0.0015662153196757123,0.0014076103655042624,0.002825655316665107,0.986007563070687,0.005799481001845082
LRBA,0.07634400610721065,0.01598304505739695,0.003578636764980797,0.0007761249982914664,0.0008123415303654402,0.9025058455417547,0.005167103293637704
RPS3A,0.5852597634953012,0.12011194426695437,0.01631731754626542,0.000989243120177452,0.008031824891926775,0.2692899066793748,0.025338385558369647
FHDC1,0.2165168420077176,0.017041555789336638,0.0012175266496917692,0.0020579211219546867,1.1407505413646435e-05,0.7631547469258857,0.0032868552770601023
MND1,0.17713828390967545,0.020995815399418666,0.0015825526402703793,0.0008787822976627502,-0.0005359281179382613,0.799940493870911,0.0019254068199948682
MAP9,0.07793544968844072,0.012262584365419132,0.00188464800714018,5.152238957277511e-05,8.592709151974964e-06,0.9078572028402752,0.00194476310586493
GUCY1A1,0.23164624282679228,0.022727160163553667,0.004153500353966055,0.00013533524154535348,0.0022299023234510496,0.7391078590906917,0.006518737918962458
GUCY1B1,0.10285619908263133,0.014800465291770454,0.002958923677605349,5.7847924125387085e-05,0.0017867439346659353,0.8775398200892015,0.004803515536396671
TMA16,0.0774677881120537,0.016231856504262565,0.0035937214957512398,0.0014259650602781448,0.0011730075446496624,0.9001076612830047,0.006192694100679047
HPF1,0.09931330528770696,0.01778198374695708,0.00254963925834803,0.0012331940128719604,0.00013998781573552888,0.8789818898783804,0.003922821086955519
HMGB2,0.407629207770534,0.022343232521037926,0.035491772442795166,0.012686860121514654,-0.009431786518318996,0.5312807136624372,0.038746846045990824
HPGD,0.017996418858600653,0.0001754644361348437,0.004602004135342782,0.0002051840806790925,0.0005163590408667901,0.9765045694483758,0.0053235472568886645
CASP3,0.07324240085092872,0.011078780377329317,0.0021909525710561567,0.0030205565665294837,0.002395979607176163,0.9080713300269802,0.007607488744761803
CENPU,0.30763761292866093,0.04505142666826245,0.011073615552961158,0.0005089440128013267,0.0011373056478315435,0.6345910951894826,0.012719865213594028
AC084871.1,0.03305770416279966,-0.005191336551029997,0.021391824330804436,0.004247375215851584,0.012031506885011707,0.9344629259565627,0.03767070643166773
MIR3945HG,0.02277855072540635,-0.0001262010946099304,0.0026772368824231688,0.003920770784342088,0.00544639970988545,0.9653032429925529,0.012044407376650707
CFAP97,0.08174762655991809,0.011905969243243858,0.0022304108041838605,0.0011615545986597559,-0.0007475406693090297,0.9037019794633034,0.0026444247335345866
SDHA,0.045525468400075514,0.007193379394386842,0.0033625895309297507,0.004948920795507301,0.0011235279998415143,0.9378461138792591,0.009435038326278566
CCT5,0.10813294037683652,0.015714599053289244,0.0022665584991985177,0.0033821347188536244,-0.0005048050694903411,0.8710085724213125,0.005143888148561801
CMBL,0.22163671210689012,0.05004809018659867,0.004266168166352946,0.0014301892889481693,0.003103930028173607,0.7195149102230365,0.008800287483474722
NPR3,0.38048508875372744,0.05159237823900559,0.008831219177995953,0.00044988451797772777,0.005045037903695204,0.5535963914075981,0.014326141599668885
TARS,0.07147053617296201,0.00872447571281193,0.0023726852225177536,0.005373486989158779,0.0005798443776004192,0.9114789715249492,0.008326016589276952
BRIX1,0.12827476119954917,0.018857415670365724,0.004487095687428833,0.0016878432148580425,-0.0012891512829977525,0.847982035510796,0.0048857876192891225
IL7R,0.0029513035671649398,0.0003600780180841633,0.0021017066213035477,0.0005442243801515355,0.001033876731382821,0.993008810681913,0.0036798077328379043
NADK2,0.06170482105236883,0.01288712192591656,0.0025421011200016524,0.0009648329896862901,0.00025590936925121155,0.9216452135427755,0.003762843478939154
RPL37,0.6164443460366229,0.09969457789382064,0.02918776655179578,0.0174086450739932,-0.008654321885591676,0.24591898632935916,0.037942089740197305
OXCT1,0.07504345180538641,0.010345285196556808,0.0019318342925780801,0.0009003018057916895,-0.0003444746492584222,0.9121236015489455,0.0024876614491113475
CCDC152,0.08039478451245632,0.016155512982116094,0.0027353868926412866,0.00027513317085288425,0.0004460251878660171,0.8999931572540674,0.003456545251360188
SELENOP,0.06381014242518102,0.011488795689102119,0.0033702255609376758,0.00033520271468570617,0.0007839714547950294,0.9202116621552985,0.004489399730418411
GZMK,0.0006609913900885497,8.654424591618697e-05,0.0011210612532601258,0.0003352491697098791,0.0006610282397509287,0.9971351257012744,0.0021173386627209335
GZMA,0.0010713181053842013,0.0006573370259197471,0.003979910184980267,0.00021063015849878425,0.0005187200071216985,0.9935620845180954,0.00470926035060075
PLK2,0.018843647349776296,-0.0037005418239537905,0.008610885328454918,0.003177102780631904,0.001948655397421303,0.9711202509676694,0.013736643506508125
DEPDC1B,0.1362785691688292,0.010298833223017778,0.0011147452273564673,0.0017303783612968582,-4.394375073976664e-05,0.8506214177702395,0.002801179837913559
NDUFAF2,0.06167626420851298,0.014573784846473842,0.005435288436267505,0.0013253664313703367,-0.0007568137681343984,0.9177461098455097,0.006003841099503443
KIF2A,0.08652598394880613,0.013992916747441353,0.002560012807562531,0.0004337270390521869,-0.00012099332756988768,0.8966083527847077,0.0028727465190448304
DIMT1,0.05426142832892494,0.011823987715492604,0.0020402279976747956,0.001351020719532664,0.00047853952611960626,0.9300447957122554,0.003869788243327066
CENPK,0.2506240117639797,0.0275752446321732,0.003993058169089292,0.0019308838567507203,-0.0018066656915394774,0.7176834672695466,0.004117276334300535
MAST4,0.09847732956301397,0.013734648757847356,0.0015670654534908485,0.0007062749221349585,0.0023092728696114256,0.8832054084339014,0.004582613245237233
CCNB1,0.26764285503642743,0.020302438500972908,0.0010093914484466948,0.0007101808649930819,-0.00019053990983702862,0.7105256740589969,0.001529032403602748
CENPH,0.27332121343003707,0.03719981424566371,0.003253026439489548,0.002010933086073863,-0.0004650578247432091,0.684680070623479,0.004798901700820202
AK6,0.12458614313187777,0.027033586235589407,0.002758001169961166,0.003256370835871464,0.0003530407462431495,0.8420128578804571,0.0063674127520757795
TAF9,0.10681979939916031,0.019090607764021772,0.005818684319207318,0.0021984248879390045,-0.0005669741122157068,0.8666394577418873,0.0074501350949306155
BTF3,0.14205488157672744,0.03393551022713759,0.01927380921926536,0.0072813865328891225,-0.0021614818116917622,0.7996158942556723,0.02439371394046272
F2R,0.12647773481092153,0.015987357586004364,0.001964122521722872,0.00011242596273539074,0.0004830255146312523,0.8549753336039846,0.002559573999089515
CRHBP,0.37702570027541943,0.02346603152243898,0.0070776624989401515,0.00023989281054925815,0.0037667829122674523,0.5884239299803847,0.011084338221756862
DHFR,0.29908002619753765,0.027890742268163182,0.0034678873225771345,0.003101870922838479,-0.002248919138163441,0.6687083924270469,0.004320839107252172
RASGRF2,0.00028517499532251583,2.0432720082300614e-05,0.00035482215461483306,0.00013808720651743668,-2.2338010190490543e-05,0.9992238209336534,0.0004705713509417792
RPS23,0.6067619536786922,0.12459927694435613,0.009049055246094229,0.0027148892479740283,0.00030668289093327417,0.2565681419919501,0.012070627385001531
POLR3G,0.04010998242596319,0.008021440428862173,0.000979155240716019,0.0003889040729009863,0.00015526858785708253,0.9503452492437006,0.0015233279014740878
LUCAT1,0.03546141992707865,0.005585397532263586,0.007172767300993303,0.00101416975497063,0.0013443839226374849,0.9494218615620563,0.009531320978601418
RFESD,0.4588634951582789,0.044567789223397825,0.0032076764109616462,0.005182806594531408,-0.0020351417959451057,0.4902133744087753,0.006355341209547949
RHOBTB3,0.22286051476035418,0.04203879879268985,0.0026201663499960115,0.0005213394732439536,0.001339553297181384,0.7306196273265346,0.004481059120421349
CAMK4,0.0001987651562582644,4.759243060147489e-05,0.0006419027311969699,0.00030148118870572307,-3.276309147524643e-05,0.9988430215847128,0.0009106208284274465
STARD4-AS1,0.0881170835015688,0.007490973534942963,0.0012149517431186696,0.000266248999467672,-0.000137256128042898,0.9030479983489448,0.0013439446145434436
NREP,0.15068611733240012,0.020156140928894367,0.0034738852336233805,0.0011404794875454205,-0.0007187528895449546,0.8252621299070817,0.0038956118316238464
EPB41L4A-AS1,0.17410599993246484,0.01888422044593341,0.009815860027390155,0.0016359013240657694,-0.0005988409465143285,0.7961568592166601,0.010852920404941596
CCDC112,0.04012476019839913,0.0047927359964964195,0.0012618142574379529,0.0010024875307323433,0.0002953604785445735,0.9525228415383896,0.0025596622667148697
ISOC1,0.06560473613974753,0.013186537278294636,0.0018126560487445043,0.0017751325183008732,0.0009863513550117942,0.9166345866599006,0.004574139922057172
HINT1,0.3251211821267515,0.052855901756772905,0.010270629498870754,0.0028200265393371615,-0.0010376942163495273,0.6099699542946172,0.012052961821858388
ACSL6,0.2502219113323796,0.02215650527947255,0.011117343198871366,0.0022529470746066593,0.004987789249047525,0.7092635038656223,0.01835807952252555
RAD50,0.05603170285052286,0.008250779089788593,0.004562196501814567,0.0012825800667439768,0.00027353803298263424,0.9295992034581474,0.006118314601541178
UQCRQ,0.12437887031818909,0.02588178487463169,0.02037593122918771,0.01073012084095415,-0.005186271922401231,0.8238195646594386,0.02591978014774063
TIFAB,0.036553442587972634,0.0009404786580960514,0.0006453055455111073,0.0003767262681350428,-0.00015363162983283996,0.961637678570118,0.0008684001838133101
KIF20A,0.06123035903688672,0.005677377870799048,0.0009468585876949709,0.0009496560171217694,-0.000488109088416927,0.9316838575759144,0.0014084055163998133
CDC25C,0.05783136959983944,0.004763153437538255,0.0005874035672638611,0.00043932877677761717,-7.149585484129972e-05,0.9364502404734221,0.0009552364892001786
EGR1,0.11615321993934713,0.005716505868190017,0.0195033364133185,0.023509639991723064,-0.00492249181732142,0.8400397896047427,0.038090484587720144
SNHG4,0.05125338454642049,0.013214267030220453,0.0024395949287154273,0.0005363480613237298,0.0008295837855884919,0.9317268216477315,0.003805526775627649
MZB1,0.1674678075705394,0.00648161731211927,0.0011444656864210145,0.0003443068758127166,-0.00010529948077539486,0.824667102035883,0.0013834730814583363
CXXC5,0.08404235179523314,0.013206344161924385,0.004998352117698418,0.0012277193832810063,0.0005549075913379165,0.8959703249505251,0.006780979092317341
HBEGF,0.05047725065016874,0.013826438342853908,0.017242785815787712,0.0015473296479613652,0.006848077653052065,0.9100581178901762,0.025638193116801142
HARS,0.04436207555307739,0.007302491146846425,0.0019600245699998367,0.002035651483569649,0.0011302554808212961,0.9432095017656854,0.005125931534390782
LARS,0.09549759587486695,0.01682356412348096,0.003857339206325777,0.002411968251632257,0.0021394287606130297,0.879270103783081,0.008408736218571064
TCERG1,0.05454290393611492,0.008607716429259803,0.006420066530790761,0.0034653096187537286,-0.000514075357547425,0.9274780788426282,0.009371300791997064
SLC26A2,0.0251153218314114,0.0030973664847616586,0.0022293560051492023,0.0003051748820489669,0.001046649691497939,0.9682061311051309,0.003581180578696108
SPARC,0.07569991487002851,0.006375872523839574,0.0022963185642906336,0.0003747690409762888,8.869317666784782e-05,0.9151644318241972,0.0027597807819347703
G3BP1,0.08480104531773197,0.017003502431462134,0.006680928032404471,0.004732764005164952,0.0007400576278218524,0.8860417025854146,0.012153749665391275
FAM114A2,0.0290179011493222,0.0062378398313669495,0.001433628854783875,0.0018207788486316878,0.0022918373560097613,0.9591980139598856,0.005546245059425324
FAXDC2,0.2158915301408066,0.03390593205422748,0.0031097506981926926,0.005410002380865975,-0.001360364407400616,0.7430431491333078,0.007159388671658051
GEMIN5,0.027739875069331232,0.007963759839034364,0.0017177760846138548,0.000879472473563625,0.0017123602898959991,0.9599867562435609,0.004309608848073479
MRPL22,0.10883586749783838,0.014005442626036577,0.0029717197421183644,0.002992531388939748,-0.0012922768609196084,0.8724867156059866,0.004671974270138504
THG1L,0.03799493258127653,0.007431413329523746,0.0014800323365664336,0.000664550630335152,0.0002941767653073177,0.9521348943569908,0.0024387597322089033
EBF1,0.004464130920966505,0.0007575862558903464,0.0013951680108755414,0.00037076432629326757,0.00011303008327868697,0.9928993204026957,0.001878962420447496
PTTG1,0.44397962066345115,0.03299859606432404,0.0018480098519153554,0.0018876846106138934,-0.0011185333606569259,0.5204046221703524,0.002617161101872323
CCNG1,0.06538775639497248,0.013324878745978097,0.002981102893223758,0.0018650785996443264,0.000409921336839536,0.9160312620293418,0.005256102829707621
NUDCD2,0.09281459808822645,0.016031987956477936,0.0067018015160630745,0.0038807543722749888,-0.0018014079562577584,0.8823722660232153,0.008781147932080305
HMMR,0.3549299769121865,0.02090031674387771,0.001540513103278296,0.0008733841169705769,-0.0005488782398239689,0.622304687363511,0.001865018980424904
SPDL1,0.07766524302896871,0.00764652776629067,0.0007803082584254412,0.0009549936206556253,-0.00035744089223754827,0.9133103682178971,0.0013778609868435182
NPM1,0.39506453485887566,0.07898059600211754,0.017736309019420637,0.003765089588891768,-0.00046352394748089276,0.5049169944781753,0.021037874660831513
SFXN1,0.07271778124387153,0.01556901495325011,0.002273478841905263,0.0011620216406047768,0.0003720341717923098,0.9079056691485761,0.0038075346543023497
THOC3,0.1028513651061487,0.014072303924843196,0.003456268202839549,0.004375893656687835,-0.0008542090010567327,0.8760983781105375,0.006977952858470651
NOP16,0.08224467561813276,0.013988371022928298,0.002016721219338574,0.002132815044273928,-0.00047714443810446816,0.9000945615334309,0.003672391825508034
TSPAN17,0.1496588249576665,0.01138059435215344,0.001886114064187261,0.0018492390187457297,0.0013672301764844075,0.8338579974307627,0.005102583259417398
MXD3,0.13537524922454863,0.0034331684529972373,0.0010054637313656467,0.001216159682669249,3.195771343111886e-06,0.8589667631370761,0.0022248191853780075
AC106795.2,0.11121262121125525,0.004326050930066258,0.01845555660280601,0.0006116251971009512,1.544548805833268e-05,0.8653787005707132,0.019082627287965295
NHP2,0.15296077479594083,0.027608120628703325,0.003849061060106934,0.0018891187191326098,-0.001078890115540826,0.8147718149116572,0.004659289663698718
HNRNPAB,0.2702276784838807,0.03177049320951808,0.008156793637672466,0.003215776838370321,-0.0007045697859111022,0.6873338276164696,0.010668000690131685
LTC4S,0.06679373992670488,0.007197658690473063,0.001074878907227711,0.0006247643292679739,0.000240623931178921,0.9240683342151474,0.0019402671676746058
MGAT4B,0.07370735766761588,0.006846826868614847,0.0031466112352241116,0.0019102888697363762,0.0016915339296665333,0.9126973814291423,0.006748434034627021
RACK1,0.517348250781848,0.09486093336974799,0.004935496814762685,0.0008992482100605992,0.0015112116988937885,0.38044485912468695,0.007345956723717073
IRF4,0.003946135569167076,0.0004143882623181272,0.0003655951462363761,0.00043690488371233346,0.00033761140418290744,0.9944993647343832,0.001140111434131617
TUBB2A,0.1170809055127415,0.020986878645183477,0.033047965703544874,0.0002777856345396179,0.016215989460872243,0.8123904750431183,0.049541740798956735
PSMG4,0.0588586956405236,0.01353402959565863,0.004363022259412125,0.0011940268974520996,-0.00026744109002239946,0.9223176666969759,0.005289608066841825
ECI2,0.17480901403206395,0.027626429228226113,0.002361358543468306,0.0012396435503927994,0.0006578585095658451,0.793305696136283,0.0042588606034269505
AL031123.1,0.01708262042987815,0.0026105242917673008,0.0011085025726014393,0.00014028490199880297,0.00026350760489100844,0.9787945601988634,0.0015122950794912507
RIOK1,0.042751889544051014,0.006700922010268055,0.0007761602650301486,0.0007907502685734272,0.00028596934861448847,0.9486943085634628,0.0018528798822180642
TXNDC5,0.08567066929417645,0.015974617905781655,0.0032149018009585695,0.0019152325870313153,-0.0009497902045855627,0.8941743686166376,0.004180344183404322
EEF1E1,0.1359394036220146,0.025482149678767413,0.002599013045894466,0.0029430882442099404,-0.00028443854514806355,0.8333207839542617,0.005257662744956343
PAK1IP1,0.09875690202607543,0.017033099881154437,0.001635665846291226,0.000567881155332392,0.00011523936337479168,0.8818912117277717,0.0023187863649984097
TMEM14C,0.3137245749183831,0.03319193720641911,0.013586267704866095,0.004184177429512048,-1.4175452934528376e-05,0.6353272181937542,0.017756269681443615
TMEM14B,0.28834558981750025,0.02398532523334218,0.011170207942876098,0.00581669017703218,-0.004048711587144205,0.6747308984163936,0.012938186532764073
PHACTR1,0.0412730641904854,0.00572524567539421,0.01822352922485384,0.0023438350522622664,0.0012916439031562255,0.9311426819538481,0.02185900818027233
MCUR1,0.10280074078163812,0.009652192952982294,0.004736239257872726,0.0013965523318014428,-0.0003865280298539081,0.8818008027055593,0.005746263559820261
RNF182,0.04041709432172562,0.0149741884543605,0.011449728231537573,0.0003882101118700826,0.005161122723830229,0.927609656156676,0.016999061067237885
CD83,0.05239470156260295,-0.0008397998057603287,0.011164587976579377,0.01005900255896286,0.007289392933871368,0.9199321147737438,0.028512983469413604
GMPR,0.3468561781010362,0.09374695618850643,0.0047272910868723095,0.007001979621592325,-0.0021437303061687674,0.5498113253081616,0.009585540402295867
DEK,0.26326976929619045,0.015235265166056722,0.013808483702634489,0.006522493415650754,-0.005073797654745971,0.7062377860742135,0.015257179463539272
SOX4,0.19010620495748903,0.01344722116446112,0.003431182432577562,0.003950983849943912,0.002885438584325356,0.786178969011203,0.01026760486684683
CASC15,0.08200923928901624,0.005399292552048962,0.0011695621652832167,7.621871747247322e-05,0.0004147323889941573,0.9109309548871849,0.0016605132717498472
ACOT13,0.08821989283606403,0.014220502006054875,0.0007794105134370649,0.000657318696672321,-6.17135155559917e-05,0.8961845894633277,0.0013750156945533942
GMNN,0.28292636159837126,0.03251720669566749,0.002749680980025926,0.002577753081122125,-0.0011999413732874387,0.6804289390181006,0.004127492687860612
HIST1H1A,0.022916555448182066,0.00125690359728926,0.002657773799716427,1.2332060537158934e-05,0.000152000174608969,0.9730044349196662,0.002822106034862555
HIST1H4A,0.09158271878272473,0.004720457461720673,0.0008593186254707702,0.0017015212836840737,0.001027503260828247,0.9001084805855715,0.003588343169983091
HIST1H3B,0.44977312446290135,0.02310436528461768,0.002579724685592366,0.0010872513126718997,0.0027212650607066347,0.5207342691935101,0.0063882410589709004
HIST1H2AB,0.14364048218256206,0.007648069528340601,0.0014103415218877646,0.0009428624036760536,0.0012343061195590477,0.8451239382439745,0.003587510045122866
HIST1H2BB,0.20778508787367583,0.013484277926994137,0.0023889092913741417,0.002466784943092687,-0.00020588397956070037,0.7740808239444239,0.004649810254906128
HIST1H3C,0.21306936298255966,0.011855814119197089,0.001412028659377701,0.0008065801642793968,0.0028198475765621733,0.770036366498024,0.005038456400219271
HIST1H1C,0.2797815114043772,0.015327633143910613,0.006403887418808485,0.0004453094850654371,0.002957427138948643,0.6950842314088896,0.009806624042822565
HIST1H4C,0.5119150021435894,0.042209093204942594,0.005670108636560811,0.0036302375993092495,0.004501986588715257,0.43207357182688266,0.013802332824585317
HIST1H2BC,0.12044616214865109,0.005794978931946915,0.0015758585171375128,0.002174654357395528,0.001774379793359565,0.8682339662515094,0.005524892667892606
HIST1H2AC,0.06806503229093822,0.0016003713085694232,0.0027116728374634858,0.0012083474639241892,0.004185804633584395,0.9222287714655203,0.00810582493497207
HIST1H1E,0.25576080321151085,-0.0042438567696241325,0.01075931788623291,0.0010550833977440166,0.010447281296824595,0.7262213709773118,0.022261682580801523
HIST1H4D,0.19223593158446559,0.013228727133228285,0.00354674161938473,0.003464901062786796,0.003651802686723271,0.7838718959134113,0.010663445368894797
HIST1H3D,0.3143574326356812,0.0022902643521759414,0.0080435254778507,0.0011009483051807045,0.00698182874719977,0.6672260004819117,0.016126302530231174
HIST1H2BF,0.2029738952379065,0.007994283042366018,0.0016991459693226074,0.000765369655399778,0.00358885631656361,0.7829784497784416,0.006053371941285995
HIST1H4E,0.14559538762818974,0.007990711338224349,0.005298970165314304,0.0015122519735494833,0.0051025877248467855,0.8345000911698753,0.011913809863710573
HIST1H2BG,0.03574987697728227,0.001441203952724776,0.0017578739173074107,0.0016896247343859139,0.002832091879098976,0.9565293285392007,0.0062795905307923006
HIST1H2AE,0.10604382796729142,0.0035823393454712388,0.0014198004709105871,0.00015728184042379523,0.0010427104105231733,0.8877540399653798,0.0026197927218575556
HIST1H1D,0.3303050355270772,0.008291393566981942,0.005757254828428815,0.0005892851064014937,0.004741400034431187,0.6503156309366793,0.011087939969261495
HIST1H4F,0.05922212026796311,0.004038898668776034,0.001176292433645379,0.0012717814169407593,0.00043046708142512047,0.9338604401312496,0.0028785409320112587
HIST1H3F,0.2438914986930103,0.014947217310445349,0.0017004737029370776,0.0016991422507007803,0.0021268228512300036,0.7356348451916765,0.005526438804867861
HIST1H2BH,0.2211945164178796,0.012460152579445466,0.0017831294174252277,0.0014748282104474764,0.002820012965621843,0.7602673604091804,0.006077970593494547
HIST1H3G,0.22224705776107062,0.009525828312741985,0.0014900036905496905,0.00047217075734487524,0.0010223681083347813,0.765242571369958,0.002984542556229347
HIST1H4H,0.13558707819030572,0.012458917950027876,0.0021346693343748946,0.0038830662323229015,0.0004969411310251359,0.8454393271619435,0.006514676697722932
HIST1H2BJ,0.0854721708584775,0.0044162417589273945,0.0012126396582563814,0.0013918903182675718,0.000834385207275648,0.9066726721987955,0.0034389151837996013
HIST1H2AG,0.3916049299688205,0.014159335952260321,0.005191991277979979,0.00010144595298594572,0.004647471362679068,0.5842948254852742,0.009940908593644993
HIST1H2BK,0.06352319122862289,0.0017519356637183126,0.0009587292676650483,0.0008120245365125234,0.0012910073976448028,0.9316631119058364,0.0030617612018223744
HIST1H2AH,0.316071134439303,0.015914965402541947,0.0010999569325542136,0.0006909156252608573,0.0016572719290629534,0.664565755671277,0.0034481444868780242
HIST1H2BL,0.1286131141763972,0.008352806750759223,0.000993573702685796,0.0006642671524327015,0.000986755547961654,0.8603894826697635,0.0026445964030801516
HIST1H2AI,0.09542609694114745,0.0023040490065290437,0.002429105467480805,0.0010733131260369788,0.00021554812956069147,0.8985518873292451,0.003717966723078475
HIST1H3H,0.19652348098160852,0.011360401678950471,0.0013657489560573166,0.0007907958238858037,0.002115413058822735,0.7878441595006751,0.004271957838765855
HIST1H2AJ,0.20175576062796352,0.005720288028855353,0.005321238874921724,0.005285735352261345,-0.001108028562952168,0.7830250056789503,0.009498945664230901
HIST1H2BM,0.13873979890188148,0.010754010110075374,0.0014739157619120258,0.00166115479463938,0.0006888880297767908,0.8466822324017149,0.0038239585863281966
HIST1H2BN,0.057429792325194226,0.0048542544092842616,0.0007545702818017586,0.0009911881983919735,0.0011962813898375446,0.9347739133954902,0.0029420398700312766
HIST1H2AK,0.13497903928553248,0.003524009637784542,0.004684579025806268,0.0005614248531269628,0.005188417783207555,0.8510625294145422,0.010434421662140786
HIST1H2AL,0.3060226993145987,0.011048784874479634,0.004321645205563773,0.0007551860199317972,0.003599928144199349,0.6742517564412267,0.00867675936969492
HIST1H1B,0.5144740096184021,0.016032290913047476,0.004633447478886055,0.0004944062631299095,0.0042001717381084935,0.460165673988426,0.009328025480124458
HIST1H3I,0.0909527645811129,0.003820055124113292,0.0008464354891072889,0.0005657467999958393,0.0011614084858953683,0.9026535895197754,0.0025735907749984965
HIST1H3J,0.11349585384579011,0.006793716199268329,0.0006943305601352229,0.0006449513116240924,0.0004993889922696726,0.8778717590909125,0.0018386708640289878
HIST1H2AM,0.06319829756340146,0.0021398230684896574,0.0021773067017376996,0.00239915862585785,0.0012112958202313978,0.928874118220282,0.0057877611478269475
HIST1H2BO,0.1009565462913906,0.0064801069252567595,0.0010059199529535573,0.0010577629349430018,0.0014492361717498986,0.8890504277237061,0.0035129190596464577
HLA-F-AS1,0.02136265381172487,0.010073832392004718,0.0110857666719327,1.1179407578658374e-05,0.00577736901968607,0.951689198697073,0.01687431509919743
TRIM10,0.3031425250426962,0.0365791057230464,0.0024367011865021326,0.0068555707975200275,-0.0005198693843642688,0.6515059666345995,0.008772402599657891
MRPS18B,0.061481641140958686,0.010150551363162168,0.0008229792421706184,0.0014389540890759056,0.0029090062291820956,0.9231968679354505,0.00517093956042862
TUBB,0.500640882558534,0.0407211796851632,0.000582183457272456,0.0017689380697625268,0.0009112209039079389,0.45537559532535987,0.0032623424309429216
IER3,0.0872123949815671,0.0023724526469268564,0.00635119086348028,0.010723651792368713,0.00555065806198507,0.887789651653672,0.022625500717834063
TNF,0.01593236411038465,-0.001241062975594764,0.002350761766218866,0.006217097431164668,0.0023998306328246264,0.974341009035002,0.01096768983020816
LTB,0.14018656377072908,0.01154442876142292,0.0024618823850548754,0.0016723796685678138,0.003948348958378922,0.8401863964558464,0.008082611012001611
DDAH2,0.1439819477313188,0.008478686178437778,0.003139754758991281,0.0013475150499847321,0.0003397694224806236,0.8427123268587868,0.004827039231456637
LSM2,0.15700906794158614,0.026077532994948832,0.0022302784851630786,0.0026321355258089874,-0.00045391378428832896,0.8125048988367813,0.004408500226683737
HSPA1B,0.011899613741500826,-0.002388562043866173,0.01199634694855898,0.00949940651078935,0.012091553169432098,0.9569016416735849,0.03358730662878043
SNHG32,0.17566232838369006,0.030955899322353514,0.020098193491749905,0.0033059541691485284,-0.0011975908231363908,0.7711752154561944,0.022206556837762043
PPT2,0.12421369254733583,0.020912834557374638,0.0016998962330088685,0.0005258406313132236,0.0015231133163854382,0.851124622714582,0.0037488501807075303
RNF5,0.113725549754742,0.00954938188332799,0.0032742762611334686,0.005516591703013593,-0.001550569935822435,0.8694847703336054,0.0072402980283246265
HLA-DQA1,0.08776618844381799,0.014222883803149594,0.008384698278157118,0.0013669749988021312,6.473638698950568e-05,0.8881945180890837,0.009816409663948755
HLA-DPA1,0.2941956998935565,0.058508747785917914,0.005069412658050443,0.0020554837150126293,0.0027353620705442006,0.6374352938769183,0.009860258443607273
HLA-DPB1,0.2574948863520605,0.04240787402386548,0.004718233095337476,0.0019026923514590122,0.0015299288366973363,0.6919463853405802,0.008150854283493825
HSD17B8,0.07845466766293549,0.020778557289015218,0.003837368953742107,5.830296319690731e-05,0.001943499286727185,0.8949276038443831,0.005839171203666199
RPS18,0.624906998827396,0.1317159460694418,0.007135425775101956,0.0016171847926499394,0.0014334131697324448,0.23319103136567787,0.01018602373748434
KIFC1,0.18724270057029785,0.012579802314966915,0.0019598652333046584,0.002399508923227961,0.0013268242961984866,0.7944912986620041,0.005686198452731106
CUTA,0.1261155826440716,0.022883494336447846,0.0018062916521740524,0.0013500661755858345,3.829525023296698e-05,0.8478062699414877,0.003194653077992854
UQCC2,0.14558818113795718,0.02641364671944227,0.007495372543611267,0.003119552314542612,-0.0008595265986613143,0.818242773883108,0.009755398259492565
HMGA1,0.3019509210951263,0.055401950326396554,0.004945814945070404,0.004145935579292548,-0.00024275529360590076,0.6337981333477201,0.00884899523075705
RPS10,0.2410037617485308,0.039558732386884704,0.03871342632629782,0.015360096556036096,0.021635301471800372,0.6437286815104502,0.07570882435413429
PACSIN1,0.0013720032768747537,8.708672240433199e-05,0.0007241375457192735,2.549933943233121e-05,3.3162475418212385e-05,0.9977581106401511,0.0007827993605698171
SNRPC,0.10196872813273852,0.021277334651244165,0.010322201489232408,0.0025825868181659772,-0.0016664886423917585,0.8655156375510107,0.011238299665006626
RPL10A,0.45377811320898587,0.09469658724668761,0.00477326905377351,0.0016168815519054247,0.004132450291922218,0.44100269864672537,0.010522600897601153
SRPK1,0.11513711064531273,0.01662499717306179,0.002100457035037556,0.0008335156940825483,-4.5377263608620266e-05,0.865349296716114,0.0028885954655114843
CDKN1A,0.04267167399126991,0.01848725705572104,0.023117169157137255,0.0039414172165369715,-0.0009114338782904921,0.9126939164576253,0.026147152495383734
PPIL1,0.08358916116245912,0.014905778390241764,0.002205958569517691,0.0010263363093381273,8.30288521332101e-06,0.89826446268323,0.003240597764069139
PIM1,0.1727333765836112,0.0380005711724197,0.010578808031419112,0.006630197868683019,-0.0004051447802518038,0.7724621911241187,0.016803861119850327
GLO1,0.07464521461390641,0.012241326686173074,0.006093785007115854,0.0037667949643496595,-0.0012919797092705854,0.9045448584377256,0.008568600262194928
TSPO2,0.517492254744004,0.06744000008334061,0.0036589485473704775,0.0038354857436311285,-0.0007026515357051455,0.408275962417359,0.0067917827552964605
MRPS10,0.055912441675225334,0.008546052288706286,0.0011230246040583175,0.0015552328090548545,0.0005596336482103226,0.9323036149747449,0.0032378910613234946
PTCRA,0.0006074872572119979,-0.00010047346245024662,0.0002042593401253472,7.353048361252203e-05,7.261937019245395e-05,0.9991425770113079,0.0003504091939303232
MRPL2,0.08951089182007402,0.012505695653036955,0.0010482960183017948,0.0013010997954189668,0.0024835203007336076,0.8931504964124346,0.004832916114454369
DNPH1,0.16746521151123916,0.02222444135875634,0.0022423075590429498,0.0014344050808245967,-0.0006417475767263314,0.8072753820668632,0.003034965063141215
AL109615.2,0.007288840426880201,0.0005757025177940758,0.0013348946774688671,0.00072081465004473,0.002117539893502088,0.98796220783431,0.004173249221015685
SLC29A1,0.14419430251361165,0.015538917173982675,0.001958731640530481,0.0010044712575132675,0.0006572845480193878,0.8366462928663425,0.0036204874460631364
HSP90AB1,0.3153767724473986,0.06222529204823518,0.010854837099469827,0.0019258218459913823,0.0011172261760974966,0.6085000503828075,0.013897885121558706
RUNX2,0.047378115093338787,0.0026193886334395997,0.000530242463156444,0.0003153097739246741,0.00017967540717380576,0.9489772686289667,0.0010252276442549238
AL096865.1,0.02927410432286738,0.0025155289821736787,0.0007123444960026731,0.00020110965167226963,-1.520616830610888e-05,0.9673121187155901,0.0008982479793688339
RHAG,0.6229266094712165,0.05022009270185257,0.003662754825971337,0.005246136784621047,-0.0024445509666727316,0.3203889571830113,0.006464340643919653
MCM3,0.22448806347278308,0.042866443505497426,0.001231594823843829,0.0018626680704491028,0.0015045328862972607,0.7280466972411292,0.0045987957805901925
TMEM14A,0.188973155623748,0.03352724519760547,0.0024101000425148233,0.0005823042499619457,0.0004538928996178082,0.774053301986552,0.0034462971920945773
GCLC,0.1658156331582435,0.011967944602961439,0.004811058069874891,0.003214580271531653,-0.0006735978659224984,0.814864381763311,0.007352040475484045
BAG2,0.0926418044721877,0.017685400805889484,0.00068773447572891,0.0009056971864109947,0.0002676296640279491,0.8878117333957549,0.0018610613261678538
EEF1A1,0.7004808885800138,0.12431536792305531,0.0050643917147754625,0.0010288119820557329,0.0003046165772523368,0.16880592322284738,0.006397820274083532
LCA5,0.08793075636009692,0.019226969778009848,0.0027858867853459562,0.00019362603304984294,0.0015736995548316507,0.8882890614886658,0.00455321237322745
TTK,0.12018257296267586,0.01068645072068701,0.0015184303976601976,0.00015402767496625058,0.00012651332202701093,0.8673320049219837,0.0017989713946534591
SNHG5,0.2321447148869915,-0.02550103692501976,0.04927359834591,0.019867935974577977,0.07467585979692931,0.649538927920611,0.14381739411741729
PM20D2,0.09655891812762116,0.01597829408475135,0.002389837357325661,0.0010386624952773843,-0.0002664893287904341,0.8843007772638148,0.003162010523812611
MDN1,0.05855438497025413,0.011987397856462856,0.0015391601906077218,0.0005045908591876785,0.0003060967925860858,0.9271083693309016,0.002349847842381486
CASP8AP2,0.06097896555090417,0.007278540936911361,0.0044297262850733765,0.0015009124549252295,0.0001274167137489124,0.9256844380584369,0.006058055453747518
BACH2,0.008642622078900743,0.0022287648529121483,0.0015706034809343447,0.00021657838669868722,0.0008380569188557018,0.9865033742816984,0.0026252387864887337
NDUFAF4,0.06848168362289822,0.01507513101516346,0.0028704996455325704,0.0015263475266180937,-0.0004798280376098474,0.9125261662273975,0.003917019134540817
MMS22L,0.060747709737876035,0.010668539605077215,0.0019496154647716674,0.0014334579443828488,-0.00028263607509462774,0.9254833133229868,0.0031004373340598884
PRDM1,0.0036176021913126325,0.0021063927616570737,0.0028052989740110206,0.0002513331139030947,-0.00015881666456546428,0.9913781896236816,0.002897815423348651
CD24,0.0021767313873178058,0.0015048624277441123,0.004993507879701228,0.0003405662973394348,0.0030922773821791347,0.9878920546257183,0.008426351559219798
CEP57L1,0.10720702514948527,0.012831579219815717,0.0013600307464382289,0.0014909935372271477,-8.944098025080727e-05,0.8771998123272844,0.0027615833034145693
AL359711.2,0.005158876134049981,0.000634870342559794,0.0010933547616999075,7.731541348070074e-05,-2.0346664693774927e-05,0.9930559300129034,0.0011503235104868333
WASF1,0.0381641231286244,0.008021279735877955,0.0024162469227756653,0.00022853953171268065,0.0005342531910604784,0.9506355574899488,0.0031790396455488243
SLC22A16,0.26487371607564864,0.021986554836566308,0.002642980073996437,0.00439898498661917,-0.0015584938324499364,0.7076562578596194,0.0054834712281656706
AMD1,0.10836117028443827,0.01182188344471699,0.012141876018268022,0.006720406819817587,-0.0018527092770988657,0.862807372709858,0.017009573560986743
GTF3C6,0.09240747427711239,0.018223132457886274,0.011345227446853554,0.001675217699397047,-0.00077157389965192,0.8771205220184026,0.01224887124659868
RPF2,0.08400657221602593,0.014156780302694308,0.0033248460158129822,0.0007825516251999121,0.00014075187370320152,0.8975884979665637,0.004248149514716096
MARCKS,0.17757938213167265,0.04307358751150489,0.014669095685377137,0.003786214021570866,0.017824951555689833,0.7430667690941846,0.036280261262637836
HDAC2,0.08854610674005864,0.014229429135206473,0.0043758057096820735,0.0045997268907094074,-0.001125062782524472,0.8893739943068679,0.007850469817867009
ASF1A,0.1006267417265001,0.013920993191770065,0.002657852248438647,0.0044943160610076555,0.000963010408371226,0.8773370863639123,0.008115178717817528
CENPW,0.2714812700506704,0.022346585751184256,0.0022084758627326506,0.002193094254509087,-0.0013750824104695192,0.7031456564913732,0.0030264877067722185
SAMD3,0.0005792963550211459,0.00012555257966220183,0.0005712317864011297,0.0001545681292852445,0.00014416160689651272,0.9984251895427337,0.0008699615225828869
ARG1,0.10714978908603166,0.02275856077542833,0.0015546354601886359,0.0017204985308342802,2.182188650418082e-05,0.866794694261013,0.003296955877527097
LINC01013,0.000414295162103973,7.190306011651718e-05,0.00034725952258847807,0.00036577518181865544,-0.00013022527935188113,0.9989309923527243,0.0005828094250552524
VNN1,0.03121133282975311,-0.0034672220036011253,0.004032539278283377,0.003847933160994639,0.003559791327397418,0.9608156254071726,0.011440263766675434
VNN3,0.037175269595380825,-0.0006461635959368467,0.0024425692621154876,0.003857915204095473,0.00013995503844772134,0.9570304544958973,0.006440439504658682
RPS12,0.5215699211953976,0.09429436366671051,0.009672989820275202,0.0014468558309196355,0.001236011442936058,0.371779858043761,0.012355857094130895
SGK1,0.133705159170219,0.013847016687127373,0.008819235430766625,0.007110139066048737,0.001837667857727182,0.8346807817881111,0.017767042354542545
HBS1L,0.07083529345376023,0.009799027260986762,0.0045739437237259095,0.0023539479467789143,-0.0006611819615534864,0.9130989695763017,0.006266709708951337
MYB,0.2525713387345335,0.049752181468956436,0.004196456903004853,0.0007821315712141508,0.0012763714004968008,0.6914215199217942,0.006254959874715804
MAP7,0.21330813056340125,0.038351402156363124,0.0027010437949876454,0.0005402862948420406,0.0010430135571667387,0.7440561236332393,0.004284343646996425
TNFAIP3,0.13407632392223107,0.043632811457563814,0.05620102447352662,0.016508686727826127,0.0316198183728619,0.7179613350459905,0.10432952957421465
ADGRG6,0.19436731912001431,0.015617287661051665,0.006603032851752677,0.00017737305910636714,0.004303654167333776,0.7789313331407413,0.01108406007819282
AIG1,0.07839978029851331,0.010470851695390027,0.003411676367354871,0.0008385026843704679,-0.00014398625450610936,0.9070231752088774,0.00410619279721923
LTV1,0.04458004717999095,0.010898824497694998,0.005071017066134227,0.0014624764782998692,-0.0005103427313126532,0.9384979775091926,0.006023150813121443
LRP11,0.042062511489532634,0.005982520790978663,0.00039302677337437614,0.0003007163155676479,0.0005863237417202821,0.9506749008888264,0.0012800668306623061
AKAP12,0.0023562187165937333,0.0005818567754127318,0.0006210597718421156,1.68543442168362e-05,0.00018257219446235614,0.9962414381974722,0.0008204863105213079
MYCT1,0.1831494538495386,0.023371175519562082,0.006636981472528253,0.0007570293690691565,0.005320737190189051,0.7807646225991128,0.01271474803178646
FBXO5,0.23920490870868685,0.01025508560642896,0.0015998392362425728,0.0010534652949184542,-0.000629311143551331,0.7485160122972745,0.002023993387609696
CNKSR3,0.060515760221981685,0.014846854901280765,0.001602451588112716,0.00018905196025045812,0.001365929700209531,0.9214799516281649,0.0031574332485727052
ZDHHC14,0.03038318433877897,0.005592574970296062,0.004577885659071912,0.00016937876478410885,0.0003012619285703705,0.9589757143384986,0.005048526352426391
TCP1,0.12629700394340238,0.016567081627398422,0.005018508440638336,0.004061663130190324,-0.0004435431842590709,0.8484992860426296,0.00863662838656959
MRPL18,0.08942001080672558,0.014087474326975158,0.004781109139172471,0.0036395178720466242,-0.0005976848772896864,0.8886695727323699,0.007822942133929409
PRKAR1B,0.1038322077576555,0.014292210681478942,0.0014143543286646298,0.0006370549896635019,0.0007006799899711702,0.8791234922525663,0.002752089308299302
PSMG3,0.07348621490338395,0.007930253813393712,0.002040620383713554,0.00107191926072496,-8.452458301101695e-05,0.9155555162217949,0.003028015061427497
NUDT1,0.17947503867574827,0.011597692422664951,0.005324544401622139,0.0004293449220356682,-5.5434707363688496e-05,0.8032288142852927,0.0056984546162941185
EIF3B,0.04832354468865539,0.005536889519168156,0.006276865589784075,0.00499998943385184,0.0021715261918961587,0.9326911845766443,0.013448381215532074
CHST12,0.08613145220258428,0.010588862016410669,0.000389053873844622,0.0012910258463522672,0.0021642178041618304,0.8994353882566464,0.0038442975243587196
FSCN1,0.08848008842198712,0.013011661643128766,0.0010828827758656984,0.000978260536171574,0.0013560608662166324,0.8950910457566302,0.0034172041782539048
EIF2AK1,0.27380139346601506,0.043593961979255746,0.00446396903102958,0.005122563912532296,-0.0001570495346134293,0.6731751611457808,0.009429483408948447
RPA3,0.29941122143961857,0.034534834257168856,0.004801284158665986,0.004484593808447679,-0.0023262123350950015,0.659094278671194,0.006959665632018663
ICA1,0.09444868408118362,0.02187503476449025,0.0029731966517952957,0.0002403714113387162,0.0015375853995892308,0.8789251276916029,0.004751153462723243
ARL4A,0.20178158520408163,0.02843676281981597,0.007686490237505866,0.002194043333804213,0.0015926426963804863,0.7583084757084119,0.011473176267690566
BZW2,0.15168414987935547,0.025631246102780142,0.002941099848525197,0.002044240957564364,-0.00018128004533662923,0.8178805432571115,0.004804060760752932
TSPAN13,0.21668141918949232,0.024407755007517046,0.0028303570889584018,0.001272347459912393,0.0003192975104722995,0.7544888237436476,0.004422002059343094
TWISTNB,0.07021958240829708,0.011820517126288496,0.00447459698935046,0.0010678476345992588,-0.0008273629245784814,0.9132448187660431,0.0047150816993712374
CDCA7L,0.11454139833825759,0.021720574991617655,0.0016929457235197731,0.0005219760699620157,8.662626498512349e-06,0.8615144422501444,0.002223584419980301
RAPGEF5,0.0022785556189704767,0.0009290018585555149,0.0006090557897750464,5.0555150019369194e-05,0.00046042985724272217,0.9956724017254369,0.0011200407970371378
MALSU1,0.06065464495197527,0.008720192525757176,0.001182881770186231,0.0007925743284558084,3.9024012515459505e-06,0.928645804022374,0.0019793584998935854
MPP6,0.07595469386559453,0.01200812900047768,0.0010131147610284164,0.0003026396801861092,0.00021853701476080845,0.9105028856779525,0.001534291455975334
CYCS,0.09610557335587666,0.009633621830999028,0.005868081341601869,0.005763462781680342,-0.0019434091598090758,0.8845726698496512,0.009688134963473136
AC004540.2,0.10063962754061326,0.009105621481382609,0.0013920253127426285,0.0002789926759454997,0.0007185562026408021,0.8878651767866752,0.0023895741913289303
HOXA5,0.02428770334319003,0.001745604485935734,0.0024454086183186806,0.0008671286741015159,0.0017449356215373003,0.9689092192569168,0.005057472913957497
HOXA7,0.15075694046568042,0.013270554777590066,0.0011321478900281345,0.00012194424176570351,0.00045970668378303436,0.8342587059411526,0.0017137988155768724
HOXA9,0.16404151190162541,0.02510600749577141,0.003583750521764184,0.00043569944508969893,0.0022314408188190693,0.8046015898169302,0.006250890785672952
HOXA10-AS,0.10607803940814763,0.010765313836045981,0.0012692954203544493,0.00020033466440845527,0.0006348292652529619,0.8810521874057905,0.0021044593500158665
HOXA10,0.1914600256556915,0.033187803938270505,0.0017441877733684052,0.0004124095942869832,0.0021341436630770982,0.7710614293753055,0.004290741030732487
MTURN,0.1000891430019671,0.01877144465299649,0.004239426554940001,0.0012064758618483828,0.0003326667893727986,0.8753608431388752,0.005778569206161183
GGCT,0.14910537918719505,0.026453563046152984,0.003570665982560506,0.0019604290229520704,-0.0013011555723091428,0.8202111183334485,0.0042299394332034335
GARS,0.0691901865386485,0.005627458756851916,0.001294640922450449,0.00306995964929975,0.0009143271415529147,0.9199034269911964,0.005278927713303114
AQP1,0.36917615301902384,0.015038434274192325,0.0021817461172193298,0.004476694295834416,-0.0010916683538749195,0.610218640647605,0.005566772059178826
LSM5,0.17280052992681466,0.033679687691161614,0.007331910877677983,0.004493450363416446,-0.0025089473954383323,0.7842033685363676,0.009316413845656096
ANLN,0.142785883490891,0.009927678363784609,0.0014339766448066005,0.0007790063057310226,-0.0001716059766076472,0.8452450611713944,0.002041376973929976
EPDR1,0.13580136504613569,0.028951106404995763,0.0015465947029436877,0.0007623098934007588,0.0016086104197932105,0.8313300135327308,0.003917515016137657
COA1,0.05664315829012308,0.00877374690577297,0.006749661967541218,0.0027299089947499244,-0.000800006351729915,0.9259035301935428,0.008679564610561227
MRPS24,0.12244972670728207,0.023027315001751675,0.006999126763510638,0.0019791296119707202,-0.00030755712957963866,0.8458522590450646,0.00867069924590172
AEBP1,0.027252257269367496,0.0033429291066415304,0.0005390465852666559,0.000463294844665299,0.00027284214412087726,0.9681296300499381,0.0012751835740528322
POLD2,0.13717974262007154,0.02822620244783733,0.005971373664064722,0.0009570434166538688,0.001873772321100975,0.8257918655302716,0.008802189401819566
PPIA,0.3100512738803662,0.07295102251482682,0.028664180435927056,0.01187678092360317,-0.010949905004784322,0.5874066472500611,0.029591056354745904
MRPS17,0.1302617917894561,0.02378134949995722,0.003102321866518515,0.0019801158551943643,0.0001759940541468108,0.840698426934727,0.00525843177585969
CCT6A,0.15359060081911807,0.028127894032196066,0.007109930748735505,0.0027612875557828376,0.00030069784557543167,0.8081095889985921,0.010171916150093774
ZNF273,0.08632228147802082,0.010075717992694327,0.001147868582659417,0.0011923642962409359,-0.00021502089943002678,0.9014767885498145,0.002125211979470326
AC073349.1,0.11189339712149589,0.009450221629025049,0.0015453293206850044,0.0005472817607781039,-3.523491857682082e-05,0.8765990050865928,0.0020573761628862874
AC073210.3,0.19189092761476767,0.015024148051127367,0.0003816584509085674,0.0004885289730019726,-3.895954791938161e-05,0.7922536964581138,0.0008312278759911584
RFC2,0.06770777571945483,0.00872344914591143,0.0005190753178186819,0.0011160990945935922,0.0004677253282296401,0.9214658753939918,0.002102899740641914
HSPB1,0.23724032857465155,0.04558978518325396,0.006871769025828256,0.0030856080375086248,-0.0009853793051716742,0.7081978884839293,0.008971997758165207
MAGI2-AS3,0.11520225977214457,0.010864634443470106,0.001875772218018129,5.327836500673699e-06,0.0005259197618119049,0.8715260859680546,0.0024070198163307077
GNAI1,0.1500043422771439,0.008358180031758589,0.0010487241566759509,0.00046794768395483355,0.000285660121916137,0.8398351457285506,0.0018023319625469214
HGF,0.03933558649638602,0.0029683970743350635,0.003144264057378131,0.0016478650798959285,0.0009120731748331612,0.9519918141171717,0.0057042023121072205
ABCB1,0.09880537176259711,0.006865383471134662,0.0020724816742390267,0.00018610980344041517,0.0006785857540798634,0.891392067534509,0.0029371772317593053
DBF4,0.15756566205500816,0.011053461371024031,0.0026689891390766496,0.001220715578865994,-0.0009597895975411996,0.8284509614535663,0.002929915120401444
SRI,0.17152569887999342,0.01965022305348052,0.006026732585530686,0.0025720861141430573,-0.0018242916334919312,0.8020495510003443,0.0067745270661818124
STEAP4,0.051595918051175305,0.001130946244041496,0.004898189095478671,0.0019403156899762686,0.005605440013688165,0.9348291909056401,0.012443944799143104
CDK6,0.41599709258866446,0.07630977781978038,0.006799091061838236,0.0011504020484912614,0.001300032069319168,0.4984436044119065,0.009249525179648665
AC000065.1,0.019548656345875465,0.002596580312331096,0.0004890691247499933,0.00012209959340046816,9.42538304809365e-05,0.9771493407931621,0.0007054225486313979
AC002454.1,0.23405510905383456,0.015518131139517805,0.0012336854386855722,0.00034353359589622823,0.0002428562619328778,0.7486066845101329,0.0018200752965146783
GNG11,0.10582479594404065,0.009189318023292134,0.009831521445153715,0.0008346957381825115,0.0048382578904154205,0.8694814109589155,0.015504475073751647
PEG10,0.0012572552253779618,0.00013723396074360257,0.0002430091593490526,0.00012788812086666373,6.908582963840526e-06,0.9982277049506989,0.00037780586317955685
PDK4,0.023383235182405565,0.026415393027251148,0.05358270541106175,0.001567499815493173,0.030511081566949677,0.8645400849968387,0.0856612867935046
SDHAF3,0.06919009977058198,0.017469390050870198,0.003027025622314744,0.0016838895080029809,0.0006114958357477385,0.9080180992124823,0.005322410966065463
PDAP1,0.11434657842285914,0.006591032336342811,0.003432462294971128,0.002664859234176059,-0.0003523425786505219,0.8733174102903014,0.005744978950496665
MCM7,0.2953579096631134,0.03572332157953989,0.0014640325563010093,0.0022233355438671665,-0.0002114701350395265,0.665442870792218,0.0034758979651286492
AGFG2,0.08594460992827109,0.013771912754694804,0.0016513059858048185,0.0009091634557032158,0.0010190051874947037,0.8967040026880314,0.003579474629002738
TFR2,0.26485974498251896,0.03428415361313647,0.0015730088402050035,0.0016434041585278725,0.0019467885065549972,0.6956928998990567,0.005163201505287873
POP7,0.0692046399488101,0.0057158036734107215,0.0021601979633394663,0.0010592521237837715,-0.000561959388248337,0.9224220656789043,0.002657490698874901
EPHB4,0.04999775890234989,0.010695071954345464,0.0018228383352470456,0.0002772372316958288,0.0012005111796164758,0.9360065823967453,0.0033005867465593502
TRIP6,0.06988498512132055,0.009211307870242505,0.0010894504731483873,0.0006601660341334359,-0.00012504508010137416,0.9192791355812565,0.001624571427180449
ACHE,0.16116292719190736,0.01227447280921215,0.0015975642433216919,0.004059300446011632,0.00020935781239925233,0.8206963774971479,0.005866222501732576
ARMC10,0.04021138769136631,0.007668320157601098,0.0014910749976875318,0.0013903319570596276,0.0033373628886230675,0.9459015223076623,0.006218769843370227
DNAJC2,0.06066008041477842,0.010515680323977823,0.0047994333905804765,0.0006273964288549122,-0.0005376400947165877,0.9239350495365249,0.004889189724718801
PUS7,0.06898258573727536,0.014899730880835876,0.0017803371031412801,0.0003052842779952408,0.00043106925048690126,0.9136009927502653,0.002516690631623422
PRKAR2B,0.3352358956529422,0.02906643328240327,0.002363052831048096,0.0009270761311135911,-0.0007093622742471717,0.63311690437674,0.0025807666879145152
CBLL1,0.03578143046662784,0.006527767091796234,0.004404224299880875,0.001674527789768239,-0.0010068973758711047,0.9526189477277979,0.0050718547137780096
DLD,0.03789450929431429,0.006393836629658652,0.0027464894562435893,0.002521204672381601,0.0005771344896886854,0.9498668254577132,0.005844828618313876
UBE2H,0.21142024804645793,0.06021023530712988,0.003815199770922151,0.005860289616924308,0.0013607349663587454,0.717333292292207,0.011036224354205204
MEST,0.16969372047204984,0.02857286862421643,0.0028064677855825504,0.0011453918045911948,0.0006670171849018358,0.7971145341286582,0.004618876775075581
AUXG01000058.1,0.033968287391676566,0.0029886060021227442,0.0010104766182678776,2.527027655405134e-05,0.00012194610114327903,0.9618854136102355,0.001157692995965208
CHCHD3,0.08334940649334009,0.0067401017591246365,0.004470272298053371,0.002672292220096198,-0.0013235840666431936,0.9040915112960289,0.005818980451506375
BPGM,0.5995893642199998,0.1361668176574795,0.0016267028269694173,0.0027294322683283356,-0.0008386930235391166,0.2607263760507621,0.0035174420717586363
TRIM24,0.06114229951049866,0.010485937418204382,0.0016940934777135985,0.001646076813931946,0.0019043990497844832,0.923127193729867,0.005244569341430028
MKRN1,0.2433000098441651,0.05705811747715456,0.011017711112388473,0.00937573973194672,-0.00287077043262407,0.6821191922669692,0.017522680411711122
MRPS33,0.09058853188204669,0.021489230383290744,0.003114750015947493,0.001442416555261436,0.00022050861207574546,0.8831445625513779,0.004777675183284674
SSBP1,0.12874981051491516,0.03154714102411957,0.010151994007107812,0.0046929401171301455,-0.002656482148823025,0.8275145964855504,0.012188451975414932
TRBC1,0.00149967636342852,-0.0002565902471669602,0.0017405468182652827,0.0018878197581297272,0.0016875045838439543,0.9934410427234994,0.005315871160238964
TRBC2,0.060803495156464195,0.0027384625988007352,0.0025387639231316123,0.0010377269232877406,0.0013231139843649792,0.9315584374139507,0.004899604830784332
KEL,0.2599485999935986,0.021346800835912394,0.0006121181654128449,0.001526451936467832,0.0003737793664619904,0.7161922497021463,0.0025123494683426673
TCAF1,0.0425000644777333,0.008216820239276612,0.0020233585239021884,0.000747814527879434,0.00046155694603540465,0.946050385285173,0.003232729997817027
EZH2,0.18134899681755098,0.015609948936490092,0.0016586578600748525,0.0017298205116792476,-0.0007201339429930009,0.8003727098171978,0.002668344428761099
KCNH2,0.47002623888172057,0.052875822094177294,0.003623494918011727,0.0009315705553150089,0.003478005364094483,0.4690648681866809,0.008033070837421219
XRCC2,0.09717956889916722,0.017239556627055022,0.0015663452867793748,0.00014557953818300495,0.00028547138886510226,0.8835834782599503,0.001997396213827482
PAXIP1-AS1,0.04425975640273258,0.007906728260537954,0.0026458987682902724,0.00046224190204378207,0.0011928975176377365,0.9435324771487577,0.004301038187971791
NCAPG2,0.12476111369412657,0.008766119208472617,0.0017146613580393821,0.0016854301941588157,-0.0007342269517737199,0.8638069024969763,0.002665864600424478
ARHGEF10,0.012809514081837094,0.0007913647147240552,0.000977777774504883,3.525751351702612e-05,-3.263541705477574e-05,0.9854187213324718,0.0009803998709671333
MYOM2,0.0031209537403149865,0.00039268855935257335,0.000708451081683303,0.00027897704663625185,0.00028528606316305903,0.9952136435088498,0.001272714191482614
AC246817.2,0.048329568917357166,0.022854820784674545,0.012914791951572191,0.00025811661861448176,0.0027543948350628317,0.9128883068927188,0.015927303405249504
ANGPT2,0.012138799145724518,0.0006522447658465647,0.0006082958301602374,0.0007668179942203878,9.94640730723681e-06,0.985823895856741,0.001385060231687862
AGPAT5,0.12140013619888546,0.028640623860079706,0.0031277907984212094,0.0017582424001247043,0.0019209809831680913,0.8431522257593208,0.006807014181714005
MFHAS1,0.1567654200010689,0.011577997891424163,0.0021826530650740084,0.0026465020557737695,-0.0001491657916581346,0.8269765927783173,0.004679989329189643
AC068587.4,0.01897954164842438,0.004568361811304794,0.008623596867696908,0.0003901066487384877,0.0018798972951050395,0.9655584957287304,0.010893600811540435
DLC1,0.05888052316801683,0.007832479916213914,0.0006355450623081876,0.0008312359901682942,0.0004405466412770176,0.9313796692220158,0.0019073276937534994
XPO7,0.2479553326677542,0.013380393012351055,0.002502206933767681,0.0027949841914209905,-5.571193901404703e-05,0.7334227951337201,0.005241479186174625
DMTN,0.26302370261978847,0.08842147284465018,0.003825701584972918,0.017787772561592197,0.006483076892257578,0.6204582734967387,0.028096551038822692
EGR3,0.006991112656244258,0.0005525070991068415,0.0036250324916316055,0.003993562941753161,7.643127422260303e-05,0.9847613535370415,0.007695026707607369
SLC25A37,0.6025043728373493,0.10358677386659576,0.0013950463400359547,0.0012837199334166938,0.001021834781240738,0.2902082522413616,0.0037006010546933865
CDCA2,0.1596092136345812,0.00908308670974306,0.0007200809190368029,0.0009383638613483791,-1.4359601424901447e-05,0.8296636144767154,0.0016440851789602806
BNIP3L,0.298972703952184,0.05858702837071633,0.008648449655566548,0.006917087520514731,-0.0008937003977089741,0.6277684308987274,0.014671836778372305
CLU,0.08116105885841866,0.004601804745249932,0.0005309365441002467,0.00034903938450372984,0.0004925279430585267,0.9128646325246689,0.0013725038716625032
CCDC25,0.06097070453546935,0.01298814908149748,0.002808841893843783,0.0022338791653974677,-0.0001107068778348208,0.9211091322016267,0.00493201418140643
ESCO2,0.30014255025128367,0.016949930651426748,0.0010571719959459602,0.0008729957495085539,-0.0006547018293396323,0.6816320531811747,0.0012754659161148818
PBK,0.2584790644553092,0.0186137281336215,0.0006488790100014352,0.0017594141977606559,-2.8265155063877945e-05,0.7205271793583711,0.002380028052698213
FZD3,0.02750941034284921,0.0047758974542912,0.0013149458940919928,0.00020617403074413287,0.00018339302219293196,0.9660101792558305,0.0017045129470290576
DUSP4,0.005248592670352456,-2.8453422639494047e-06,0.00028580871721098095,0.0001697515491667521,0.0002301678938638925,0.9940685245116698,0.0006857281602416256
RBPMS,0.19171676132801393,0.010412652313950332,0.0035065841052500935,0.00028584027948866386,0.0019243054454904096,0.7921538565278066,0.005716729830229167
WRN,0.12311225395865123,0.015404868053621942,0.004459767431379463,0.003430578880515539,-0.0011492957360177414,0.8547418274118496,0.006741050575877261
ZNF703,0.12236220463424474,0.010380126811258245,0.004598558093256544,0.0008983973621165819,0.0005588013019970084,0.8612019117971269,0.006055756757370134
ANK1,0.4423314425020184,0.052287249099848054,0.001316309611120281,0.00335971039059485,0.00111045371163071,0.4995948346847877,0.005786473713345841
VDAC3,0.18447744552652307,0.02224633586219768,0.0018967598961727727,0.0021357191392956665,0.0006544884909429893,0.7885892510848678,0.0046869675264114286
PRKDC,0.19712362626289337,0.031036400563471345,0.005006262432018294,0.004037712514732533,0.0007378932546918404,0.7620581049721926,0.009781868201442667
MCM4,0.25344041808117806,0.027720140168797758,0.005132909275333608,0.0009468688185083618,-0.0005526537509439322,0.7133123174071261,0.005527124342898038
TCEA1,0.14160083622593417,0.009500504921041403,0.013290233216011499,0.006411339987069886,-0.0035210856004088686,0.832718171250352,0.016180487602672516
MRPL15,0.0788353489826014,0.016187592789435518,0.001566871844665585,0.0016488618135785116,-2.002087963275112e-05,0.9017813454493517,0.0031957127786113454
TGS1,0.07673160412584631,0.00884259396020938,0.002772841612766544,0.0015089809034301155,0.0004386563782198122,0.9097053230195278,0.004720478894416472
RPS20,0.45999614756091206,0.08478758750724807,0.017191464523603983,0.0014408382970532152,0.0019019720669366524,0.434681990044246,0.02053427488759385
AC090152.1,0.16659324074499962,0.012568427474949101,0.0011219353880269067,0.00020378992604527801,0.00016154459273837185,0.8193510618732407,0.0014872699068105566
GGH,0.10482526301355137,0.013824542334827383,0.003144620392963565,0.0023087375007950772,-0.001683275167649434,0.877580111925512,0.0037700827261092085
ARMC1,0.05812652010643491,0.010501759696432737,0.0032180455198642793,0.0018356198364806176,0.0027407275957145455,0.9235773272450729,0.007794392952059442
RRS1,0.03817341908602441,0.006976947527282347,0.001250356776106104,0.0006256638664216968,0.00029957396824388527,0.9526740387759216,0.002175594610771686
SNHG6,0.26066066210430033,0.04803173698391894,0.0325778486820586,0.017614521944369188,-0.013312508685858093,0.654427738971211,0.03687986194056969
MRPS28,0.05725357440233421,0.012674414726085534,0.004791459509887283,0.003157553120334583,-0.0008321913855621477,0.9229551896269206,0.0071168212446597184
FABP5,0.25464127279522397,0.02484065363156651,0.004655458740494056,0.0009629241664232402,0.0004194640494108448,0.7144802266168814,0.006037846956328141
LRRCC1,0.1969826313413436,0.024040869753455568,0.0009618708414825539,0.0015081862748929087,0.0007038399851096722,0.7758026018037156,0.0031738971014851347
CA1,0.684224717656894,0.10365243926273926,0.005284993502516655,0.005262118535166449,-0.0007868128841295174,0.2023625439268132,0.009760299153553587
CA3,0.19022947268810114,0.005507770009192253,0.005888414493156829,0.00165084697300949,-0.0002577533097057605,0.796981249146246,0.007281508156460559
CA2,0.6965191773531146,0.05135926714398387,0.006449047841953437,0.006518064851013361,-0.0033953810499531833,0.24254982385988788,0.009571731643013615
NECAB1,0.14701182568342022,0.01737672616507796,0.0011972244710397872,0.001985229048993814,-0.0005223980797592342,0.8329513927112274,0.002660055440274367
C8orf88,0.2140112133184759,0.01779070735661456,0.0015844371001180468,0.002797356815562091,-0.0013913853901144912,0.7652076707993439,0.0029904085255656465
CCNE2,0.10352788353118711,0.009782197050713468,0.002210645780682599,0.0011098617649619308,-0.0006002560983704996,0.8839696679708254,0.0027202514472740302
LAPTM4B,0.39719918907238555,0.03153970185368815,0.0013057593587688099,0.0008343110410110599,0.0013499989983568605,0.5677710396757896,0.0034900693981367303
RIDA,0.036742461468486205,0.00902939579672632,0.0014869048811538069,0.0010409012692182348,0.0008292780482644577,0.950871058536151,0.0033570841986364994
AZIN1-AS1,0.01100291942491435,-0.0019129567336667718,0.002355639161093541,0.006890844577094659,0.002065500322939059,0.9795980532476252,0.011311984061127258
BAALC,0.24862069025467118,0.014604369858288752,0.0022256483166177565,0.00011438262779517316,0.00026421276380061975,0.7341706961788266,0.0026042437082135494
ANGPT1,0.23292443690687187,0.017046571909593272,0.004005450182898496,0.00018436279552025425,0.0021237106368680314,0.743715467568248,0.006313523615286781
EIF3E,0.24415243693394503,0.045202456809923436,0.013353035506851685,0.008411833439502525,-0.002256809830442741,0.6911370471402201,0.01950805911591147
RAD21,0.1093203289709551,0.002026840335483726,0.004156681504598192,0.0043714428622383256,0.0008609869168285933,0.879263719409896,0.00938911128366511
DSCC1,0.10917130436940962,0.016564843034534663,0.0010604101028797996,0.0005953400302506906,0.0008974710692956633,0.8717106313936296,0.0025532212024261536
DEPTOR,0.1222595476160598,0.009648637033583998,0.0007812601636618122,0.00028802864081378665,0.00044263999954857747,0.866579886546332,0.0015119288040241763
MRPL13,0.08825947708038828,0.01606587261718119,0.003663605214086693,0.003917763293229834,-0.0008868097090261456,0.8889800915041401,0.0066945587982903815
ATAD2,0.2574083934210839,0.01664180857034142,0.003807329546386795,0.0017978788151803426,-0.0012166383125612468,0.7215612279595688,0.004388570049005891
MTSS1,0.3041559909410103,0.02496464479932814,0.004394674911165575,0.0008335122814947526,0.0009944298872936463,0.6646567471797076,0.006222617079953974
SQLE,0.03543113984784718,0.004344675425041522,0.00222598983421627,0.00023991977270237247,0.000319824618217196,0.9574384505019755,0.0027857342251358386
MYC,0.226048946075246,0.05001347581200083,0.0029422421707397395,0.0030891012614906455,0.004057607859280665,0.7138486268212421,0.01008895129151105
PVT1,0.10592955629605144,0.015222993534102294,0.0019485001199722046,0.0014752376537807282,-0.0001632449705075284,0.8755869573666009,0.0032604928032454045
CCDC26,0.046316695341266256,0.006693629670382728,0.001789019360752403,0.0006763443749674553,-0.00040253082025849124,0.9449268420728897,0.002062832915461367
AGO2,0.08599528974143734,0.007134106863151329,0.00453283571266011,0.004744902015546337,0.0009459270518871049,0.8966469386153177,0.010223664780093553
TSTA3,0.16744339172706788,0.010820694281869964,0.0032013163828872593,0.0027788928416814795,0.0007354661034991994,0.8150202386629942,0.006715675328067938
CYC1,0.11863006308774564,0.007500415878109776,0.0028510380874706975,0.0018812916995947782,-0.0003341472160487968,0.8694713384631279,0.004398182571016679
BOP1,0.04262980182088359,0.006211352707885455,0.001275335955274716,0.001290628711169653,0.001342744298772694,0.9472501365060139,0.003908708965217063
HSF1,0.08754728434575698,0.0018711548516717608,0.0017292166677519982,0.0023123416269857228,0.0014300808831744366,0.9051099216246591,0.005471639177912158
SLC39A4,0.049559814373602074,0.004458574113498606,0.002737520410116337,0.0002521751092983762,0.0005056299636658768,0.9424862860298188,0.00349532548308059
RPL8,0.5322223228464042,0.1040309854134851,0.004615904556738104,0.001083678926082965,0.0004968322122897995,0.3575502760449998,0.006196415695110868
PUM3,0.06704622124195231,0.013634712832709076,0.004099698555350709,0.0008544602312338945,-0.0002966241227866512,0.9146615312615407,0.004657534663797952
AK3,0.06890149245556847,0.015259648584933838,0.0027827514020183214,0.0016792412131176465,0.0007699941795964449,0.9106068721647653,0.005231986794732413
RCL1,0.16145938889847355,0.023757316470335077,0.004691047827467071,0.0009169187420229596,0.0009756889179320938,0.8081996391437692,0.006583655487422124
DMAC1,0.08863065065189181,0.012374786286874662,0.0007497913612811713,0.0009895580865859482,0.0006579762981516052,0.8965972373152148,0.0023973257460187247
PSIP1,0.23010160879368918,0.02268223051582524,0.005430030223313842,0.0024956119624350293,-0.001326619705703358,0.7406171382104401,0.006599022480045513
CCDC171,0.09122411117746904,0.009764310239823867,0.002951291058797892,0.00021457607925572109,3.3810138972509285e-05,0.895811901305681,0.0031996772770261223
HAUS6,0.05419507093746445,0.00915744795843404,0.0022547805989689557,0.0006721050614700158,0.001114569284290795,0.9326060261593717,0.0040414549447297665
PLIN2,0.066273000727075,0.00658447545428395,0.007176362686449361,0.0010206421111790265,0.005402568437649358,0.9135429505833633,0.013599573235277745
RPS6,0.49922930823945144,0.11756220578198218,0.05474103835080801,0.0018439300663050107,0.001647797380047722,0.32497572018140564,0.058232765797160746
MLLT3,0.222758205768483,0.04801234164312401,0.006266481080403785,0.0007021752097465805,0.004748909144113578,0.7175118871541291,0.011717565434263943
NDUFB6,0.10845982062905705,0.018569011889827777,0.00971174537500355,0.005709510243708166,-0.0040056748436219924,0.8615555867060254,0.011415580775089723
AQP3,0.21921816196691762,0.011043938936811742,0.0028372854334682007,0.004376793562647918,-6.56629386137364e-05,0.7625894830387683,0.0071484160575023825
UBAP2,0.038482062621272614,0.01018513474571986,0.003608279670885714,0.0009079693779058401,0.0005625121223301749,0.9462540414618859,0.005078761171121729
DCAF12,0.1943668615077324,0.06336379562433986,0.0034188140984651727,0.008816410206407388,0.005099655568537476,0.7249344629945177,0.017334879873410036
ENHO,0.012316191016656269,0.0005393491932483892,0.00026622895673842836,5.500978045231905e-05,-2.4682987855484742e-05,0.9868479040407601,0.00029655574933526267
SIGMAR1,0.05985743204613892,0.010128264891763612,0.0015061614237100035,0.001964701190803414,0.0010866246323088385,0.9254568158152752,0.004557487246822256
STOML2,0.16756631054303994,0.026369881405512025,0.00267156332921209,0.0019786084920795366,0.0004628933572571048,0.8009507428728992,0.005113065178548731
CD72,0.0021617311059464366,0.0003175662003547051,0.0008455511731157795,0.00023354534708778726,0.0004763581992348661,0.9959652479742604,0.0015554547194384328
ARHGEF39,0.08300353879069625,0.005467054784950451,0.0005914223277702774,0.001145384893099996,-0.00038301109073062,0.9101756102942137,0.0013537961301396534
HINT2,0.1218093320761917,0.006883311537812145,0.001725674271866262,0.0010928425945303522,-0.0008416019768527905,0.8693304414964523,0.0019769148895438238
RECK,0.010550305251148615,0.0025891783246190323,0.003942174521587516,0.0005474816661695525,0.00016301532223018077,0.9822078449142451,0.004652671509987249
PAX5,0.0011601531203466109,0.0004640879451424252,0.0023152910987089053,8.225208822752912e-05,0.0006704613768023929,0.9953077543707721,0.0030680045637388274
TOMM5,0.1300495489965261,0.029497264925616606,0.014802158951968375,0.006473395230643109,-0.0044687559490592665,0.8236463878443051,0.016806798233552217
PIP5K1B,0.08874289133683419,0.01352754352643061,0.002075417083229905,0.00471003747458465,0.0006503336801485793,0.8902937768987721,0.007435788237963134
FXN,0.11709951677025801,0.022748834861918227,0.003613629590976164,0.0013633721206875171,0.0005691378330456853,0.8546055088231144,0.005546139544709366
ALDH1A1,0.11518022630109334,0.014868381531277758,0.006138238757909198,0.0033073640414366667,0.0006606811671939494,0.8598451082010891,0.010106283966539814
C9orf40,0.2689930848518991,0.03126308084616514,0.0037280650439963092,0.004495461552216307,-0.0019342582892145077,0.6934545659949376,0.006289268306998108
RFK,0.05241152272912152,0.007427504700601148,0.0027585345021498703,0.0017577213134640432,-0.0002769184152777854,0.9359216351699412,0.004239337400336128
VPS13A,0.0629684290905254,0.011377323454281912,0.0029128266292950677,0.0007798235906831125,-0.00010429533311420713,0.9220658925683287,0.003588354886863973
CEP78,0.03648495009315236,0.0073580863152178655,0.002153007699848851,0.0011187435747046365,-0.00022404720657514393,0.9531092595236514,0.0030477040679783435
PSAT1,0.015626681619962786,0.0025702235634690075,0.0018457369484601027,0.00035074956375201125,0.0004770756016598092,0.9791295327026963,0.002673562113871923
TLE1,0.055296108448195824,0.008971163594513207,0.0037358392750000274,0.00040445926287692446,0.0003660368595753416,0.9312263925598386,0.0045063353974522935
CTSL,0.26284419896777045,0.007575551073026321,0.004145564548865943,0.004033020555049838,-0.0005589114782131865,0.7219605763335006,0.007619673625702594
CKS2,0.3419559914958116,0.03673822315661879,0.0038557295158818117,0.004714194742294897,-0.001534088889815266,0.6142699499792081,0.007035835368361443
IARS,0.10404544578919632,0.023444981521928712,0.0018550142437278871,0.0026241899074566644,0.00149530063920994,0.8665350678984804,0.0059745047903944914
NOL8,0.051339131503489045,0.010929347903413246,0.00446089009399242,0.0016475878069467792,0.0011234959776260933,0.9304995467145324,0.007231973878565293
ZNF367,0.07302624716864234,0.007473622286424758,0.003471053243541633,0.0015979286718463825,-0.0011773794286660255,0.9156085280582109,0.00389160248672199
AL590705.1,0.01390583541157903,0.0025391056855659754,0.0008200825863291829,9.040043066668724e-05,0.00010290962792845054,0.9825416662579307,0.0010133926449243207
TMOD1,0.20372203563584196,0.035370643404219915,0.004106240403861872,0.006852353167863423,-0.0036699734608270917,0.7536187008490399,0.007288620110898203
HEMGN,0.6967212431678647,0.09105798124452102,0.0055199846097423455,0.005148115545205334,-0.0031636741121080503,0.2047163495447747,0.007504426042839629
ANP32B,0.282207004994081,0.02782340091768537,0.008704200704300724,0.0056387781805261605,-0.003884604223505561,0.6795112194269123,0.010458374661321324
MRPL50,0.04943173309963436,0.010020736051560668,0.00234716394655754,0.002764137166319375,0.0016243813490174133,0.9338118483869107,0.006735682461894328
TMEM246,0.10503834388458985,0.023021069582934928,0.0010445721100726668,0.0008211883219068628,0.003792983735602856,0.8662818423648928,0.005658744167582386
SMC2,0.37492291760141055,0.032266507789995014,0.0022838934620227347,0.001395448003122135,-0.0003500855461400776,0.5894813186895896,0.003329255919004792
CTNNAL1,0.20979186882511933,0.03259783914540912,0.0014527368501649762,0.0020601882532123306,0.0001331890746531783,0.7539641778514411,0.003646114178030485
PALM2-AKAP2,0.07806202927492706,0.003980155803828489,0.0004020365719306501,0.0005018713661224944,-0.00015740899637811667,0.9172113159795694,0.0007464989416750278
TXN,0.15714745582607942,0.034968752361393435,0.03915297897286926,0.022315346349770004,-0.019259017801057404,0.7656744842909453,0.04220930752158186
ZNF483,0.004541813265441704,0.00023306624657862783,0.0001678512242966725,6.900974235511496e-06,8.584106034055516e-05,0.9949645272291069,0.00026059325887273915
UGCG,0.06331311337741967,0.00596433664808034,0.004491666265968683,0.0010567986528588896,-0.0004076142284788892,0.9255816992841513,0.005140850690348683
HSDL2,0.044432898014111384,0.00433341940605704,0.0023268385817123843,0.0005093832437641777,0.0020080299556071574,0.9463894307987478,0.004844251781083719
ALAD,0.2752535704887407,0.016640425062735165,0.0033341344350669155,0.005339528558980733,-0.0006458705813232601,0.7000782120357998,0.008027792412724388
POLE3,0.10506066980795054,0.018876360115899368,0.007360206235946493,0.0032467504955235316,-0.001228468805453728,0.8666844821501338,0.009378487926016296
STOM,0.33914952244815816,0.04323673054406263,0.004067754053653727,0.009109476961194185,-0.001732422592720606,0.6061689385856519,0.011444808422127306
NDUFA8,0.10064349975281955,0.011016150919539058,0.002923825862347129,0.003386268405685025,-0.0009003279806491793,0.8829305830402584,0.005409766287382975
STRBP,0.12229541904259195,0.026656727635411437,0.0031637444470528353,0.0009730156804960421,0.000616359417778739,0.846294733776669,0.0047531195453276165
RPL35,0.5030388915464089,0.08644659509910002,0.013285253891748061,0.006698745179509968,-0.0032694240036692523,0.3937999382869023,0.016714575067588777
SCAI,0.05340980475163984,0.011543178367422025,0.002473978157842574,0.0011348587275545885,0.0006023668392743375,0.9308358131562666,0.0042112037246715
HSPA5,0.1118724842053439,0.014841356538762507,0.0076893521372361495,0.0029012084357233903,-0.0011954475344189697,0.863891046217353,0.00939511303854057
RPL12,0.5723253968741124,0.11565380387969304,0.005427494590180215,0.0009657178824005186,0.0029422017700071468,0.30268538500360664,0.00933541424258788
ENG,0.06415553184443405,0.010036536709417301,0.0011600109600774927,0.0016248089700202778,0.0010363398252632439,0.9219867716907877,0.0038211597553610144
AK1,0.4649346828105754,0.03554925796053787,0.0016006617891176633,0.0013248581563545248,-0.0001087279609076619,0.49669926724432223,0.002816791984564526
ST6GALNAC4,0.262975455066491,0.02646109259451862,0.0018318302325255886,0.003498141275691924,0.0006868809996747882,0.704546599831098,0.006016852507892301
TRUB2,0.05996015417704992,0.008945707583396537,0.0008058792530254016,0.0005370998060627852,1.3368482037701135e-05,0.9297377906984277,0.001356347541125888
WDR34,0.24398867056207413,0.015692551339683114,0.0008171103491558251,0.0012288880130095214,-0.0003672190385399787,0.7386399987746174,0.0016787793236253679
SET,0.21047871826522954,0.032630455643818,0.010795922317889506,0.004245544824775127,-0.0010396638786188406,0.7428890228269067,0.014001803264045792
SH3GLB2,0.09095099970411041,0.004691207244542306,0.003889880425728534,0.0028903232060470824,0.0013071695478239914,0.8962704198717477,0.008087373179599608
NCS1,0.150902962194047,0.012497832250120744,0.0005246465513411291,0.0010603095283361619,0.0009815214069616163,0.8340327280691934,0.0025664774866389073
GFI1B,0.3451500182615684,0.03132074395166612,0.0025553429050873544,0.0030024248018941657,-0.000777332514178497,0.6187488025939625,0.004780435192803023
ABO,0.0618801038620224,0.022379946804966973,0.00671137972278478,0.0003100260708110286,0.006043438682066679,0.9026751048573481,0.013064844475662488
RPL7A,0.5362659971781552,0.1121176282344688,0.014817800810131065,0.0018561567761967712,0.0025313205698406227,0.3324110964312076,0.01920527815616846
OLFM1,0.0063925315685181994,0.005849179252744427,0.008451200207187825,0.0001614364358042894,0.000752496511898619,0.9783931560238467,0.009365133154890733
MRPS2,0.07350637082224558,0.013887454788745299,0.0019770863461129468,0.0012668864883861874,0.0006930162514991317,0.9086691853030109,0.003936989085998266
UBAC1,0.3438141391978162,0.01824466516164336,0.004139021714886337,0.00491215061891781,-0.0012546458719762121,0.6301446691787125,0.007796526461827935
AL590226.1,0.12451911653988643,0.012712334765972277,0.0024764517867462976,8.099187516108497e-05,0.00044698504112794524,0.8597641199911059,0.003004428703035328
EGFL7,0.4280830295531033,0.048776203763822135,0.0015912703028343467,0.0006176028767604924,0.0014893905902120808,0.5194425029132677,0.00369826376980692
DIPK1B,0.31770204376664657,0.023229984809310322,0.0008763552763651483,0.0005905804825190875,0.0008465245942285704,0.6567545110709303,0.002313460353112806
SNHG7,0.2757264064462377,0.027442617423665605,0.005101687269540689,0.002061401286833575,-0.0003337067514485037,0.6900015943251709,0.00682938180492576
TMEM141,0.09356790479899738,0.012061528377277655,0.0034169961355583894,0.0011961740802502868,-0.0002802375662863954,0.8900376341742027,0.004332932649522281
PTGDS,0.0004925696189011055,7.957236648884728e-05,0.001274710959953902,0.0006475594160749686,-8.542981858068255e-05,0.9975910174571618,0.001836840557448188
CLIC3,0.000749591999579321,-4.0058479918250256e-05,0.0008917661059213804,0.0004322453003086247,4.9558755506583186e-05,0.9979168963186024,0.0013735701617365883
NPDC1,0.2833872329461282,0.011851024582601177,0.0008096580235125161,0.00023198272489605154,2.7076934991321355e-05,0.7036930247878708,0.001068717683399889
LRRC26,0.032266908046332796,0.0017189051376992129,0.0006194253729079266,0.00021828123567872032,-0.0001720658690550908,0.9653485460764364,0.0006656407395315561
TUBB4B,0.31698433051156394,0.005395236123517888,0.0041890499612389775,0.0062486240726722375,0.002274482672691258,0.6649082766583156,0.012712156706602473
EXD3,0.01798241903295884,0.004214871701202258,0.0015834294810276248,0.00024362038600719144,0.0004946561895529007,0.9754810032092511,0.002321706056587717
GTPBP4,0.06032555738366341,0.009360497743100729,0.002545200607505696,0.001350926386636156,-3.8119411123652136e-05,0.9264559372902177,0.0038580075830182
AKR1C1,0.07488652911720317,0.018534068452182653,0.007015082443089918,0.0003668768684664814,0.0025866269667719627,0.8966108161522858,0.009968586278328362
AKR1C3,0.42291703151564536,0.07428746285776294,0.007330105633504003,0.0009151004685087338,0.002665497423788188,0.4918848021007908,0.010910703525800924
NET1,0.10580391662968978,0.019190094858016038,0.005366147326464149,0.0015021507795587863,-0.000615186029980827,0.8687528764362521,0.006253112076042108
PRKCQ-AS1,0.19464910939763014,0.03022122874446409,0.0014602584322290502,0.00035083916584796593,0.0007689950289604119,0.7725495692308684,0.002580092627037428
GATA3,0.027553341020272924,0.0020259605753415524,0.0006753190330808859,0.0003829661470206476,0.0005432853229865309,0.9688191279012974,0.0016015705030880643
OPTN,0.24782442345285594,0.05428069499377086,0.0027109740541216287,0.006828005072382182,-0.0006712471771730955,0.6890271496040425,0.008867731949330715
MCM10,0.17466152249592723,0.02156378965707162,0.0021950665612474884,0.000735869561064556,0.00013350016188343194,0.8007102515628057,0.0030644362841954764
FRMD4A,0.19184158122879916,0.013474598265761667,0.0008368512891941682,0.001098847522377766,0.00033525092596553563,0.7924128707679017,0.00227094973753747
ST8SIA6,0.2049011628463728,0.028908860430597094,0.0022692918320349476,0.00015342286017464013,0.0013886925169341036,0.7623785695138864,0.0038114072091436912
HACD1,0.18287870491555006,0.03164450732400506,0.0031386924102382863,0.0003799292896716211,5.738462123405785e-05,0.7819007814393009,0.003576006321143965
ANKRD26,0.033538686569235344,0.006093302358432459,0.0022530183335167445,0.0005546625359503093,-0.0003451433522723493,0.9579054735551374,0.0024625375171947045
ZEB1,0.06733058249980209,0.0105003114711371,0.0014604517153522234,0.0001847226959634518,0.00011366927782023584,0.9204102623399248,0.001758843689135911
ITGB1,0.08640336430121537,0.008382944061954445,0.009519196785151604,0.006386289473142626,0.0018449561015798366,0.8874632492769561,0.017750442359874066
BMS1,0.03282911187664256,0.006787326738985987,0.0025664373415335354,0.0006943299678452836,0.0003014655343794928,0.9568213285406132,0.0035622328437583117
HNRNPF,0.10910050842209287,0.019308428519256182,0.012628635004920924,0.016121751553236585,0.0009588440256043107,0.8418818324748891,0.02970923058376182
DEPP1,0.008239267465277244,0.00020416714004768514,0.00019719014828713244,2.773608929808151e-05,0.00017722445658461747,0.9911544147005052,0.0004021506941698314
ZNF22,0.18731825152975617,0.030073788949274066,0.00126478619554532,0.0005445274606584449,0.0017035434000668426,0.7790951024646992,0.0035128570562706074
MARCH8,0.24891397387832254,0.07393367079635121,0.0057461444694101305,0.0036959299051989025,0.0022142040251804107,0.6654960769255368,0.011656278399789444
ARHGAP22,0.082169934453472,0.009996022894080692,0.0012104199305657953,0.00035050724678130363,0.0007142809410599082,0.9055588345340403,0.002275208118407007
ZWINT,0.30285479774272733,0.02528750716102357,0.0026444547585617872,0.003903818471405196,-0.0018381752958239184,0.667147597162106,0.004710097934143065
TFAM,0.09153630123109806,0.013053931048429529,0.004663196995164515,0.0015366049846685798,0.0006173823901807762,0.8885925833504585,0.006817184370013871
ANK3,0.006695977695600944,0.00039052797718101395,0.0002349209963756595,8.785979487820842e-05,-3.2580550208177565e-05,0.9926232940861723,0.00029020024104569036
CDK1,0.4031563729208311,0.029034893402857975,0.001952084131909948,0.0033681808204809593,-0.001405979254420986,0.563894447978341,0.003914285697969921
ARID5B,0.03527462679916962,0.0027109847686244137,0.0020470605535238343,8.904011498826053e-05,0.0007545587011270685,0.9591237290625668,0.0028906593696391633
RTKN2,0.03078863798795604,0.0014662558437922614,0.0007855593625413007,0.00022876314318153596,-0.00012392574289703945,0.966854709405426,0.0008903967628257972
EGR2,0.00911226260636173,0.0004695441222260458,0.0026832846587527028,0.002067846807758112,0.0005201219016759667,0.9851469399032254,0.0052712533681867815
PPA1,0.14947327399259158,0.03552626628557101,0.005967260230749866,0.0036471008144817185,0.0005872449315528494,0.804798853745053,0.010201605976784434
PRF1,0.0004897062153083305,0.00016512351608068154,0.003213310335615453,0.0005972186831049659,0.0023345974765755493,0.9932000437733151,0.006145126495295968
DDIT4,0.02150854432582644,-7.28392235069368e-05,0.024586243290945102,0.003855450971114366,0.0043967906002148685,0.9457258100354061,0.032838484862274336
DNAJC9,0.45947604762975597,0.035792777667904396,0.003080316462350241,0.001457502867758198,-0.0010016280249485754,0.5011949833971798,0.0035361913051598637
PRXL2A,0.10713337337756135,0.006952816836212697,0.0008663011410838944,0.00033767696206102316,-4.078641831713192e-05,0.8847506181013982,0.0011631916848277857
MINPP1,0.33522711579126085,0.030731120489698338,0.0041882834090899435,0.00309532530956258,0.00027178309058428773,0.6264863719098039,0.007555391809236811
CH25H,0.012215896448275667,0.0029580586030476842,0.006893062563416291,0.0020146729930188984,0.005666822142305947,0.9702514872499355,0.014574557698741136
IFIT2,0.039046739448306965,0.022761983263350077,0.0269637116513851,0.0006672344055500407,0.009108074390091932,0.9014522568413159,0.03673902044702707
IFIT3,0.02784446567177,0.024232970503909067,0.04894734075893545,0.0005645935532900132,0.020683514545973072,0.8777271149661224,0.07019544885819853
IFIT1B,0.5350143683608383,0.08877254878669572,0.0026421729592513987,0.0011544441160882268,-0.0005904404082927028,0.3730069061854191,0.0032061766670469227
IFIT1,0.007629429373919749,0.014755033504247964,0.04411119837740609,0.00044323806336576954,0.017944430668997223,0.9151166700120632,0.06249886710976908
KIF20B,0.22215588792859925,0.01824897674276671,0.005403328555487502,0.0015232924049355112,-0.0011443935281308104,0.7538129078963418,0.005782227432292203
LINC00865,0.006497315504789287,4.042277067276955e-05,0.0013736768912136392,9.527599205575062e-05,0.0006408445192353108,0.9913524643220333,0.0021097974025047006
KIF11,0.2736337558286238,0.01787886467908245,0.0014140770110250278,0.0021823380216536847,-0.0008844552331427336,0.7057754196927577,0.002711959799535979
CEP55,0.030700793464474407,0.0017177158477417465,0.0007249812690820132,0.0003368138226057457,-0.00028798392942789436,0.9668076795255239,0.0007738111622598645
NOC3L,0.09004696475561261,0.020153264189231176,0.0016581263166711296,0.0008712434888299148,0.0013588982719262427,0.8859115029777289,0.003888268077427287
HELLS,0.19773866526799017,0.025867450865967506,0.004834024075924898,0.0015123969911769453,-0.0014804028318333995,0.7715278656307739,0.004866018235268443
PDLIM1,0.19559449243055516,0.016337460476123583,0.0006445609234743965,0.00024920981295084577,0.0003777898792804435,0.7867964864776156,0.0012715606157056858
ALDH18A1,0.0794226001065351,0.021730194931734045,0.0018948760808387144,0.0010368370925961934,0.0013509324286403307,0.8945645593596556,0.0042826456020752385
BLNK,0.01986924878980179,0.0005980389649344331,0.0007481489346854858,0.00022497318995835097,-0.0001601100313084365,0.9787197001519283,0.0008130120933354003
DNTT,0.042322156311790385,0.002949590413851018,0.001197654180547271,5.628977499588794e-05,0.00022715327658506812,0.9532471560422304,0.001481097232128227
NPM3,0.14146993005820446,0.023583307479940058,0.0017671594045957362,0.0005687839842447584,0.00018825059561727864,0.8324225684773977,0.002524193984457773
LDB1,0.07264506634084134,0.01100754206284843,0.002366786548086461,0.0011563938992005668,0.0011317906963060065,0.9116924204527173,0.004654971143593034
NOLC1,0.07216491717732702,0.015156593529282225,0.0035837408475812987,0.0011089559734496213,5.4934735966516435e-05,0.9079308577363934,0.0047476315569974364
PDCD11,0.035428226488258316,0.005094106901331635,0.001273022247430887,0.0015371341893900964,0.0017353703199978962,0.9549321398535912,0.0045455267568188795
NEURL1,0.08980753996949802,0.010410850422139933,0.0029513238135801673,0.000572491876973294,0.0023635471739885255,0.89389424674382,0.005887362864541987
SMC3,0.16019339467725255,0.014340861590881576,0.0032961024331460975,0.0018980343633317187,-3.872097194496105e-05,0.820310327907333,0.005155415824532855
PDCD4,0.10131218284534663,0.01932633156145877,0.011812145994769901,0.004564989027543015,0.0007663420805802956,0.8622180084903014,0.017143477102893212
TCF7L2,0.3145490236510467,0.031009447558299097,0.006265845087482846,0.0017652840140661152,0.004108391857811644,0.6423020078312935,0.012139520959360606
ABLIM1,0.10961573764466026,0.012073115648629146,0.0026235835765650306,0.00032677377047438116,0.0013450127179148175,0.8740157766417563,0.004295370064954229
PDZD8,0.07099084912667619,0.012471928232392349,0.00817681714496045,0.0018022186460763812,-0.0012250047774406692,0.9077831916273353,0.008754031013596161
EIF3A,0.15408560298518323,0.017204926285177835,0.009588624585967903,0.005591165659155517,0.0003863530360055656,0.8131433274485099,0.015566143281128986
SFXN4,0.05411759464940981,0.009311718008262151,0.0012618491191322273,0.0010301804182340224,6.0309838918554126e-05,0.9342183479660432,0.002352339376284804
PRDX3,0.0875399865248832,0.01839645110230144,0.014215301875792286,0.009441439582447045,-0.0027179740633875293,0.8731247949779636,0.0209387673948518
BUB3,0.06804537762002223,0.009061315885881688,0.0016840373878244663,0.0021161629572297724,0.000590723309116345,0.9185023828399255,0.004390923654170584
OAT,0.17618103045783476,0.006130321185886328,0.014713075664668313,0.007440875229345806,-0.004999706002055598,0.8005344034643204,0.01715424489195852
UROS,0.2881717071763755,0.028263131964969046,0.0008743567878086722,0.0013654534052585654,0.0005565744483247426,0.6807687762172634,0.00279638464139198
BCCIP,0.06696304379016393,0.010450991257844794,0.004168780170813596,0.0015441466092989548,-0.0007999308353604379,0.9176729690072392,0.004912995944752113
MKI67,0.4631009796385156,0.02540359988237134,0.0014287071434279097,0.0013839930381609467,-0.0004915388875723625,0.5091742591850965,0.002321161294016494
GLRX3,0.05938531805455728,0.00869527530189984,0.0027816063986999956,0.0029141507510866554,-0.00016226186718137914,0.9263859113609376,0.005533495282605272
BNIP3,0.05679805328113357,0.012866325575180658,0.0005997564991560567,0.0007361066272480316,0.002585803143138013,0.9264139548741437,0.003921666269542101
ECHS1,0.0771879622746395,0.015474693786554874,0.003727115251710031,0.0017017913125971784,0.0008864020173296183,0.9010220353571687,0.006315308581636828
IFITM3,0.2523708179934485,0.10624377785601397,0.06445253951911939,0.0002500523933469112,0.016560426200375955,0.5601223860376953,0.08126301811284226
SCT,0.00846759538007034,-0.000631914917463873,0.0008921512698867318,0.00018086360905223905,0.00042554772511010225,0.9906657569333445,0.001498562604049073
CHID1,0.0708243745955833,0.007901750792759343,0.001760772796258997,0.0014384648053188537,0.0012376342795509532,0.9168370027305286,0.004436871881128804
CD81,0.1268740098976289,0.019934022062975898,0.0044672105554209585,0.0015348992517839333,0.004862674580340204,0.8423271836518501,0.010864784387545096
KCNQ1OT1,0.06980658261981643,0.006539662064976318,0.00579942511149148,0.0013508017113839782,0.002214663680299725,0.9142888648120321,0.009364890503175183
CDKN1C,0.5711106503750931,0.03225346487107461,0.004548893002642718,0.0007842514297172754,0.0007582621806536682,0.3905444781408186,0.006091406613013661
RRM1,0.23919763942008293,0.027618201766835215,0.001992744312899586,0.0023637089735814576,2.189167318134011e-05,0.7288058138534195,0.004378344959662384
HBD,0.7579171016623218,0.1540813602014982,0.005416454366164891,0.002396147347540678,3.3053904898272535e-05,0.0801558825175761,0.007845655618603842
HBG1,0.036798004575796746,0.004903840533603848,0.006322547439526351,0.0001897447267209737,0.0006025710663121464,0.9511832916580399,0.007114863232559471
HBG2,0.044711935375489266,0.005551872118809441,0.008194585756601057,0.0004809837470191036,0.00016079778565201291,0.9408998252164291,0.008836367289272173
MRPL17,0.07918182204430348,0.010259015629321105,0.002348108831699211,0.0018632453147851002,-0.0007997487194959518,0.9071475568993871,0.0034116054269883594
RPL27A,0.5413895182122701,0.09425133360685534,0.010408742385123793,0.002059561501013052,-0.0009746307256360831,0.3528654750203738,0.011493673160500761
WEE1,0.13092569125485748,0.023883896465657944,0.004059082591533925,0.0007996079261557709,-0.0003975618249766888,0.8407292835867716,0.004461128692713007
ADM,0.016004389189998625,0.00540225749003297,0.016347460660756468,0.00593650003477679,0.0015977173661200182,0.9547116752583151,0.023881678061653276
SPON1,0.005042547136699738,0.000625204652305705,0.0006162408119137763,1.7640929615888798e-05,0.00018393489360130685,0.9935144315758636,0.000817816635130972
SOX6,0.4147707669986606,0.03429526340561678,0.0016644768390816078,0.0017374053374448195,-0.0007357233194451029,0.5482678107386413,0.0026661588570813244
NUCB2,0.4131587456668964,0.05919380233090227,0.006891062107209245,0.0009554675298678594,-0.00010092570162123504,0.5199018480667454,0.007745603935455869
LDHA,0.150918217904131,0.031046767326475933,0.01298366715814453,0.0031876195712846056,-0.0019420393485921617,0.8038057673885561,0.014229247380836973
E2F8,0.1799055842619262,0.01263054370579364,0.0006966401397766331,0.0007829788861808407,-0.00017639718550249706,0.8061606501918251,0.0013032218404549767
SVIP,0.25803870759162584,0.030096747315972616,0.002938416623058382,0.004106364515245431,-0.0011682409442075326,0.7059880048983053,0.00587654019409628
CCDC34,0.3331676540817297,0.03462321220527442,0.002223923843264586,0.001059204319244944,-0.00026219322841175563,0.6291881987788981,0.0030209349340977742
KIF18A,0.1105004718805277,0.007281882386957497,0.0010184964197790802,0.0007454245305931612,-0.0005201401883662415,0.8809738649705088,0.0012437807620059999
CD59,0.28789119092696414,0.03876373244781828,0.002837762560666479,0.0022641426339202186,-0.0011957061529964674,0.6694388775836273,0.0039061990415902303
LMO2,0.10989336587394549,0.015976519544518286,0.003133845100516508,0.008874939260458264,0.009703885716584815,0.8524174445039766,0.021712670077559587
NAT10,0.04464326098315055,0.009781215682492038,0.0021950166527027262,0.001529477884673315,0.0011894151203467526,0.9406616136766346,0.004913909657722794
RAG1,0.0031381585920524733,0.0001653663336262422,8.721825605470046e-05,0.00015850292219104188,9.022176727011607e-05,0.9963605321288054,0.0003359429455158584
RAG2,0.0010143995942877245,0.00017596555866798333,0.00045683027924959814,1.66708005505398e-05,0.00022737218844746487,0.9981087615787967,0.0007008732682476028
C11orf74,0.07298745001383011,0.014659938917617063,0.002426539949533013,0.0009581072909250615,7.151036610919537e-07,0.9089672487244337,0.0033853623441191666
C11orf96,0.005772094915757441,0.000541061566447721,0.0005635317124103607,0.0002551814392098362,0.00029911609659674914,0.9925690142695779,0.001117829248216946
CD82,0.12658432428881528,0.01683788073507622,0.0030391834145128416,0.002221944675110693,0.0020200536147474413,0.8492966132717376,0.007281181704370976
TSPAN18,0.0025662628717059094,0.00040242754425296335,0.00022252395499384623,1.0765631361404817e-05,0.00013793147776702862,0.9966600885199188,0.00037122106412227967
MDK,0.2602369142262358,0.01540122775909325,0.0029643929364888133,0.00024945838636009077,0.001221404962456929,0.7199266017293651,0.004435256285305833
CKAP5,0.06421519951679198,0.006521042771722579,0.0010862784322945157,0.002506201992009058,0.0015919158184334453,0.9240793614687484,0.005184396242737019
PSMC3,0.11109527869523994,0.007139973171331734,0.0017726023164435362,0.002462909968752938,0.0014408976290565673,0.8760883382191753,0.005676409914253042
C1QTNF4,0.2983118390689333,0.01740677750437375,0.0017910460006079765,0.00030280718920511207,0.000309315325552173,0.6818782149113276,0.0024031685153652615
MTCH2,0.0629465290640672,0.008424111122030772,0.0014826804251775738,0.002150388481868812,0.0005357547609872448,0.9244605361458684,0.0041688236680336305
SSRP1,0.10498077026542393,0.01778638200142632,0.002777661967556244,0.0031727095506237923,0.00040363170399221326,0.8708788445109775,0.00635400322217225
PRG2,0.036403317144186875,0.0011609743451699156,0.0006217578820485944,4.766378490986267e-05,0.00019618452722205276,0.9615701023164627,0.0008656061941805099
SLC43A3,0.050482763777592435,0.006177552919699028,0.0016236685113709126,0.0027904087514248332,0.0008437176285691697,0.9380818884113437,0.005257794891364916
SLC43A1,0.10907593546106378,0.012229605284271153,0.0009264271640708477,0.001374092301082111,3.9134795797535205e-05,0.8763548049937145,0.002339654260950494
TIMM10,0.09290643734168529,0.010089081432121116,0.0068296339413351365,0.0035995271910760768,-0.0033565615931637344,0.8899318816869461,0.007072599539247479
YPEL4,0.24728412267067687,0.024930604729280242,0.001528605057166732,0.003098978784872475,0.0004542286331810641,0.7227034601248226,0.005081812475220271
SELENOH,0.16796360751605977,0.039987088057212794,0.013626008385087401,0.005167851392271161,-0.0032498225604500885,0.7765052672098189,0.015544037216908474
FAM111B,0.04137576734547103,0.005805643555191635,0.0017906211591540294,0.00034170052135415463,-0.0001799160022737667,0.950866183421103,0.0019524056782344174
MRPL16,0.10529200346562409,0.01958221364847168,0.0031665222248968283,0.0031392991737427822,-7.766725088478865e-05,0.8688976287381494,0.006228154147754822
MS4A3,0.28766038255374254,0.014759910256249786,0.00748048947871971,0.0012870570210982146,-0.0008809629981051392,0.6896931236882948,0.007886583501712785
MS4A7,0.3284375716805382,0.05933241094472208,0.011709937349298982,0.0016716000116286378,0.008835737497231044,0.5900127425165811,0.022217274858158664
MS4A1,0.0044328737471079314,-3.190221778292049e-06,0.0008416438820086358,0.00035232840685801674,0.0009717797823273581,0.9934045644034764,0.0021657520711940107
TMEM109,0.04061923748561296,0.006987547789040295,0.003138412635540287,0.0017572766846409085,-0.0007077422954055446,0.9482052677005711,0.004187947024775651
FEN1,0.2802061406263701,0.024750349567891794,0.0024779767332377967,0.0015090233238269635,-0.0009007898902681499,0.6919572996389415,0.00308621016679661
FADS2,0.10236974764917049,0.017434297848362423,0.0027458644735107035,0.0008516272369838429,0.00024254836415643632,0.8763559144278161,0.0038400400746509827
FADS1,0.03759215336243403,0.0067147565951929805,0.0023580261009858647,0.0006317600016061409,0.0009228468540361662,0.9517804570857448,0.003912632956628172
INCENP,0.03929914683028202,0.0011555579249600406,0.000590596015293765,0.0010602654614767781,0.00014967720927913652,0.9577447565587083,0.0018005386860496797
EEF1G,0.39808210892315576,0.06387288721757073,0.009052304046457127,0.0015965054943151147,0.00040512257922814543,0.5269910717392732,0.011053932120000387
UQCC3,0.04759001776984182,0.007524987819951749,0.0016499479876885131,0.0008947356156222136,-0.00027036653605412575,0.9426106773429498,0.002274317067256601
SNHG1,0.0811844610217958,0.013043789016619622,0.007501260982925834,0.004417064211249239,0.0009018064679725546,0.8929516182994369,0.012820131662147627
MACROD1,0.13131855481421442,0.021393417548288357,0.0008801519462648955,0.00035674989449827055,0.00022896288793097797,0.8458221629088031,0.001465864728694144
STIP1,0.04874326982579754,0.005572165229175509,0.002659719474436134,0.0038995402362188222,0.004714554209125844,0.9344107510252462,0.0112738139197808
PPP1R14B,0.23978477365323692,0.04836032509027399,0.006361676218776646,0.0020664010110821307,0.0006081090636275155,0.7028187149630027,0.009036186293486292
TRMT112,0.11065009328084298,0.023013444062945074,0.016088607369195235,0.012892130763725446,-0.005603382894396852,0.8429591074176881,0.023377355238523828
ARL2,0.15366823958413092,0.021267310850149518,0.0012153762395290535,0.00139457895564421,0.000970233123492259,0.8214842612470541,0.0035801883186655226
NAALADL1,0.04782250239426189,0.002499077317929088,0.0005254737750473928,0.000503369814651447,0.00018127174796980783,0.9484683049501403,0.0012101153376686477
CDCA5,0.10105764959893827,0.01106269226083896,0.001297040551687098,0.0005214567949307358,0.0001821706533547407,0.8858789901402502,0.0020006679999725746
ZNRD2,0.07537647270464301,0.007624236670589424,0.002183618678783167,0.0007549653611575863,-0.0005691317176326899,0.9146298383024595,0.0023694523223080632
CTSW,0.21042119545203597,0.01736945116180097,0.0029287898890510977,0.0006695740568910258,0.0009786796436118406,0.7676323097966091,0.004577043589553964
BANF1,0.11515148763675111,0.01964896635724854,0.0038615902867447094,0.003434039306735498,0.00175191870130606,0.8561519977112141,0.009047548294786267
MRPL11,0.09985734525805877,0.019558932099279308,0.006441805845384813,0.002203046703424194,-0.000327459213791334,0.8722663293076443,0.008317393335017673
ACY3,0.026311737731944194,0.0008664461385508582,0.0004739438293216436,0.00011339227303881066,0.0001472939051285968,0.972087186122016,0.000734630007489051
TESMIN,0.05312606407945995,0.012957538507321745,0.0020011051753416748,0.0002931058020144983,0.0008124342388864114,0.9308097521969757,0.0031066452162425845
CCND1,0.040244333881933034,0.0023549778818831857,0.00101139772369329,0.0003217423244289072,-0.000236373548729768,0.9563039217367914,0.0010967664993924292
CTTN,0.09588642283055747,0.010788350900667848,0.0015160858056541687,0.0009503400622987435,0.0009063882446925103,0.8899524121561293,0.0033728141126454225
COA4,0.08105858770425622,0.017850213461611406,0.0029683808972631176,0.001518109901541595,-0.0003219439077847275,0.8969266519431124,0.004164546891019985
PPME1,0.1693811391463576,0.019415938644898934,0.001449177535506968,0.0017418514879344316,0.0001755649584595509,0.8078363282268425,0.0033665939819009505
RPS3,0.5554672659868799,0.08656168139850906,0.0016058717457307914,0.0005350866931481679,0.0007366239077951642,0.3550934702679369,0.0028775823466741235
CLNS1A,0.11839617811800641,0.02256755164353759,0.002777086666767764,0.0035211214693227633,0.001254441662222966,0.8514836204401425,0.007552649798313493
CEP126,0.03261597637768152,0.0029336491996851816,0.0011297947289985524,5.376160080990816e-05,0.0006531157861803735,0.9626137023066444,0.0018366721159888341
BIRC3,0.05284109291656355,0.0072449017286267126,0.00673110700429741,0.00434910442488233,0.0024775427759688023,0.9263562511496612,0.013557754205148542
DCUN1D5,0.0746507810053749,0.013028635801881419,0.0017284357519663368,0.0011222063427009238,0.00048776091868185656,0.9089821801793946,0.003338403013349117
AASDHPPT,0.041529143044753886,0.008888033618818639,0.0034679596510838184,0.0013572495512895813,0.0019719196969681524,0.9427856944370859,0.006797128899341552
ACAT1,0.11483787408093202,0.017290124181747912,0.0024237474332073627,0.0016983734362509273,0.0007703820542403761,0.8629794988136215,0.004892502923698666
POGLUT3,0.038952657162548365,0.008458336403751682,0.0012926412771256876,0.0006826974081659831,-0.000142415808841799,0.95075608355725,0.0018329228764498717
RDX,0.10416590782846653,0.003102909632770448,0.001179686019447082,0.0028924170026113916,0.0007304834029903534,0.8879285961137142,0.004802586425048827
POU2AF1,0.0004913785903007824,5.1577578176885625e-05,0.0005226237459237864,4.157410474071432e-05,0.00018373494094308578,0.9987091110399148,0.0007479327916075865
C11orf1,0.15785933015744089,0.029403918901443393,0.003080808466793178,0.0009219247021216848,0.0006536154472873146,0.8080804023249135,0.004656348616202177
ZBTB16,0.019462235511039996,0.008967059447994717,0.01492415827633238,0.0008674821561202653,-0.00010447525175556749,0.9558835398602682,0.01568716518069708
REXO2,0.32363770348422327,0.05550159090755441,0.007733714331715658,0.0019781054616991867,0.0009173392525674839,0.61023154656224,0.010629159045982328
CD3E,0.001529752043182074,-0.00011720502347424382,0.00132711488605141,0.0010155315932261644,0.0022567832316675073,0.9939880232693471,0.004599429710945082
CD3D,0.002143095934358568,0.00023470902070315582,0.002407727248968197,0.000599488796682264,0.0010277502745922717,0.9935872287246955,0.004034966320242733
CD3G,0.0019105055845413574,-0.00021540599433300168,0.0006780770787577104,0.0008015261534214009,0.0007206355308734961,0.996104661646739,0.0022002387630526074
RPS25,0.4444456128606612,0.0927713709093182,0.03879248654956957,0.01232202713287478,-0.00901656421391639,0.42068506676149264,0.04209794946852796
SLC37A4,0.12460755875892197,0.012500437163143627,0.0006805502632501736,0.0012852416436803515,0.0006913160541295871,0.8602348961168743,0.0026571079610601123
HMBS,0.6223602218966375,0.07992309641035422,0.003265709934820782,0.0029908195411249006,-2.5071091441231097e-05,0.2914852233085038,0.006231458384504451
H2AFX,0.15649034363719866,0.009737623220866132,0.002925812416426282,0.006257947110097639,0.0011027208529388322,0.8234855527624725,0.010286480379462754
NECTIN1,0.05090902231347664,0.009178796460138125,0.001726096446719172,0.0022591696140906725,0.0011316126297446424,0.9347953025358308,0.005116878690554487
ARHGEF12,0.1483335139236272,0.029662643377084935,0.003795690156374404,0.002643404630348567,0.0008067746049352509,0.8147579733076297,0.007245869391658222
HSPA8,0.18855103110887844,0.012308386186410114,0.006802847037784221,0.00812437752481962,0.012275138050550777,0.7719382200915568,0.027202362613154618
SPA17,0.05218573518452863,0.002770259817413065,0.0008393414992728873,0.00047183010212360765,2.151942140941887e-05,0.9437113139752524,0.0013326910228059138
CCDC15,0.050097319729242175,0.007499624357832184,0.0029499418351114012,0.0005146690203781876,0.0009731257442640029,0.9379653193131721,0.004437736599753592
EI24,0.04380902956731727,0.008256337174113546,0.001019046810955819,0.0007032638929685905,0.0010485648214181506,0.9451637577332266,0.00277087552534256
CHEK1,0.17560695575453567,0.02609357966071016,0.0014810546175806905,0.0007762965834512414,4.721250717687475e-05,0.7959949008765453,0.0023045637082088066
NCAPD3,0.15549651333304618,0.011973376140940517,0.0010811469381680483,0.00140439316328006,-0.00010731610371883527,0.830151886528284,0.002378223997729273
AC026369.3,0.07306208449776053,0.004660776834525038,0.006067950157318702,0.00014324127034121004,0.0015102517914195174,0.914555695448635,0.00772144321907943
FKBP4,0.15287870620220018,0.028954476655910666,0.002205066787315302,0.002479867568376204,0.004494596183155536,0.8089872866030421,0.009179530538847042
FOXM1,0.09588628867679433,0.007964716691666068,0.0004178157827180312,0.0004994137714352254,0.000327572483958663,0.8949041925934277,0.0012448020381119196
CCND2,0.19587947871827194,0.028210379179036904,0.0018713539929506584,0.00044733393541313005,-0.00015283851590094932,0.7737442926902283,0.002165849412462839
RAD51AP1,0.17771700364835585,0.0205080184862744,0.0015196955376235721,0.0009495944891851626,8.257728889682348e-05,0.7992231105496642,0.0025518673157055582
CD9,0.014791020445930548,-0.002113889126478627,0.0038697310144458555,0.0008295549672150022,0.0041613941306400185,0.9784621885682472,0.008860680112300876
CD27,0.000853484428741381,2.1186322862026905e-05,0.00026345344631922905,7.399644292446338e-05,6.163585799863372e-05,0.9987262435011542,0.00039908574724232615
MRPL51,0.13952184165191833,0.02435654008651897,0.005686677981200344,0.0034569813737183874,-0.002618610956277939,0.829596569862922,0.0065250483986407926
NCAPD2,0.060628972299386484,0.007035492802471226,0.001814236948969719,0.0030394722822545683,-0.00013908128320712365,0.9276209069501251,0.004714627948017164
CHD4,0.06903358969435812,0.007620077487582297,0.00485002093388516,0.004046974595867961,0.0018215086546531645,0.9126278286336533,0.010718504184406286
PTMS,0.321262619593083,0.030741935364563322,0.002578856022521614,0.0046436250775998,-0.00017439491189569223,0.6409473588541279,0.007048086188225722
CDCA3,0.18546365189298256,0.013530546567348173,0.001500080478467808,0.0015032338339691087,-0.0005058857352396862,0.798508372962472,0.0024974285771972304
C12orf57,0.1509803845159668,0.025347169034082906,0.004474981909172421,0.002111875332360791,0.0009123743154082764,0.8161732148930088,0.007499231556941488
PHB2,0.14047691823597303,0.025105260343175617,0.0040248416675064125,0.005747077620509133,0.0011052790640525278,0.8235406230687833,0.010877198352068074
LPCAT3,0.08868241312470419,0.01231847020816143,0.0012909392696127536,0.0032065550727923137,0.003639037049341501,0.8908625852753878,0.008136531391746568
C1R,0.0037605242841909545,-3.2884992479269726e-05,0.0002298714089328342,0.0001973669617139455,3.782692163597015e-05,0.9958072954160055,0.00046506529228274984
CLEC4C,0.00160849255625254,-0.0005052249821923802,0.001586195596942622,0.00010245360585755007,9.78686788215609e-05,0.9971102145443181,0.001786517881621733
AC092490.1,0.05482904371581644,0.000315092554881706,0.01823146431463802,0.00015307267898784227,0.003696316843571454,0.9227750098921046,0.022080853837197316
A2M,0.0006894704381823055,8.562222891680266e-05,0.0008227241699528408,0.00010551536373603178,0.0002753228657314539,0.9980213449334806,0.0012035623994203265
KLRB1,0.001206991307816274,9.249734340808038e-05,0.0014806800442806853,0.00047535566888809704,0.0007722356772770088,0.9959722399583298,0.002728271390445791
CD69,0.12152231653181475,-0.0009088068911031061,0.0031300738192256705,0.012303766387173565,0.010563480793046073,0.853389169359843,0.02599732099944531
KLRF1,0.0006949653856120563,0.00010523271640536767,0.001560625367154914,0.00014376546134359626,0.0003239151414577289,0.9971714959280263,0.0020283059699562392
CLEC9A,0.11400709663766963,0.006810149406678734,0.0010320797326036496,0.0010731912856204867,0.0017178209167133252,0.8753596620207141,0.0038230919349374615
KLRD1,0.0011172474598411903,0.0005427885162408912,0.003909211424653051,0.000187550311964115,0.0007626943091520065,0.9934805079781488,0.004859456045769172
KLRK1,0.0008462404523094163,4.304789955411983e-05,0.00173475302683696,0.0004972363290213846,0.0012101639786792134,0.9956685583135989,0.003442153334537558
KLRC4,0.0006215651858633845,0.00010973108680413382,0.00035081064837756064,5.2716805815531016e-05,0.00012050176384809531,0.9987446745092913,0.000524029218041187
KLRC2,0.00023101012812362241,7.934757857075089e-05,0.0004056637675833577,0.00011388716293416563,5.6796279163402535e-05,0.9991132950836247,0.0005763472096809259
KLRC1,0.00023942410887939922,-7.189572694021659e-05,0.00039704637422997326,0.00035921762472111945,0.0005574101140927755,0.9985187975050169,0.0013136741130438682
LINC02446,0.0010014745109929463,-7.336605626874937e-05,0.0005094600791165675,2.5691454914064746e-06,0.00027982201561358637,0.9982800403050542,0.0007918512402215603
MAGOHB,0.08675298876718354,0.012693164929371198,0.0038529838023329127,0.002133650831332573,-0.0012135524395785469,0.8957807641093584,0.004773082194086939
HEBP1,0.22468525262360847,0.015856471976496145,0.00845633347787017,0.003006808306412645,-0.0008847750009973454,0.7488799086166099,0.01057836678328547
EMP1,0.01072495378734838,0.0011705694472830923,0.002611021948689299,0.00015868512517186115,0.00017711004034959982,0.9851576596511578,0.00294681711421076
AC010168.2,0.0035410382592188138,-0.0004952562589520646,0.0005811627380960293,0.0009806002911171502,0.0005284461817918122,0.9948640087887283,0.0020902092110049917
ART4,0.18346936325126015,0.01181361219946736,0.002005634504931103,0.0022639328946131576,-0.0011018472910639676,0.8015493044407922,0.003167720108480293
MGST1,0.1430688917395983,0.018323480585575785,0.014026703261279444,0.005332878256087609,-0.004090519075174798,0.8233385652326337,0.015269062442192255
LDHB,0.3875757816571935,0.06852785186150512,0.005616370312194641,0.001484615926423849,-0.00020360313377060235,0.5369989833764535,0.006897383104847887
ST8SIA1,0.03528882539873067,0.002473716621225988,0.009110856812488875,0.0011304856287010293,-0.0001232172177841051,0.9521193327566375,0.0101181252234058
SSPN,0.04142879480237393,0.002301602909622655,0.0005228897069769201,5.1058621063013176e-05,0.00019209072843089092,0.9555035632315326,0.0007660390564708242
TM7SF3,0.07923664493608343,0.013710105422530289,0.004415958707194953,0.00531485317905972,-0.0006192995505002602,0.8979417373056319,0.009111512335754413
AC009318.1,0.04122206029607457,0.0035484788717154644,0.0008162377708216123,0.00012223135585686523,0.000690229661071573,0.9536007620444599,0.0016286987877500506
CAPRIN2,0.08069532194345694,0.005645912899952171,0.002892238331477351,0.00035658618089738636,0.000992307425735875,0.9094176332184802,0.004241131938110612
SINHCAF,0.09905272127528036,0.013335333158157367,0.0017192245854367322,0.0001659888894987721,0.00020012414275197288,0.8855266079488748,0.002085337617687477
KIF21A,0.03192149208071709,0.00446924765900391,0.00129312211997612,9.06459354474698e-05,-6.010289879664066e-05,0.9622855951036521,0.0013236651566269492
SLC38A1,0.08964266307113822,0.01344848179334808,0.002507124301507166,0.0002196733176705462,0.0002922276479501579,0.8938898298683858,0.00301902526712787
SLC48A1,0.09145803759940213,0.008395368880590837,0.0014839827006913053,0.001913307934797312,0.0009997126971596632,0.8957495901873588,0.0043970033326482805
HDAC7,0.04767231550446954,-0.0006520940353452742,0.0012498921147678504,0.002992803895165229,0.006178779835544421,0.9425583026853982,0.0104214758454775
TMEM106C,0.15594434369451918,0.017880520609766692,0.0011863215593005128,0.002711200313558204,-0.0001241034411520736,0.8224017172640075,0.0037734184317066433
FKBP11,0.10228772442454755,0.009705029843991894,0.002189304301769765,0.0012049340678527282,-0.0007951933961047597,0.8854082007579428,0.0025990449735177334
TUBA1B,0.5117508264117293,0.027387305660917183,0.003656960054053804,0.003985682451849049,-0.0021364552989763252,0.455355680720427,0.005506187206926527
TUBA1C,0.15799945159559553,0.014109673330488681,0.005480817928349591,0.004185923468627284,-0.0014037005481502274,0.8196278342250891,0.008263040848826647
TROAP,0.1983007421609023,0.01373899013634608,0.004301332429395621,0.004338750375565914,-0.0017194394154410875,0.7810396243132312,0.006920643389520448
RACGAP1,0.10246225997575331,0.008056935301008664,0.0009519059420693837,0.001768390698620101,0.0007142164283675395,0.886046291654181,0.003434513069057024
LIMA1,0.07793270483825983,0.01718486575212294,0.0012884150337431205,0.00014751396752019086,0.001106620280451498,0.9023398801279024,0.0025425492817148093
GALNT6,0.016922057180128586,-0.0015380554110782617,0.005414210768487339,0.0007958759406993636,0.002816803337932487,0.9755891081838305,0.00902689004711919
NR4A1,0.07606774004743883,-0.003048467842800079,0.013814195739650079,0.016937670576191888,0.01289858933517532,0.883330272144344,0.043650455651017286
KRT1,0.1949945245616524,0.006957929880380659,0.021984070944515516,0.0005824439912150703,0.008730531837702282,0.766750498784534,0.03129704677343287
KRT8,0.10264573107261868,0.011287190181712911,0.004465949832451882,0.00026727042524032907,0.002238410926477627,0.8790954475614986,0.006971631184169838
KRT18,0.16017049979521292,0.01282503226449136,0.0010077006170036706,0.00025589401718717486,0.0008261355924403802,0.8249147377136645,0.0020897302266312257
IGFBP6,0.029696278467102776,0.0012037928102028549,0.001689394906067801,8.233615197399818e-05,0.0006747569153458394,0.9666534407493067,0.0024464879733876385
CBX5,0.20449496215020188,0.032834182248880434,0.004296622710864506,0.0019420023423010746,-0.0006867230156716586,0.7571189535634237,0.005551902037493922
HNRNPA1,0.31127220601756733,0.06063755422101441,0.01664590228264612,0.00622658484948152,-0.0015728162498553355,0.606790568879146,0.021299670882272304
GTSF1,0.018802327243783015,0.003806040383415168,0.0019009904883746272,0.00043994205406122644,-0.0003425772700963378,0.9753932771004623,0.001998355272339516
TESPA1,0.18939209013415648,0.021072137248286216,0.0027710476174500343,0.0007668373700383257,0.003072110366176717,0.7829257772638922,0.006609995353665077
GDF11,0.06948092235234124,0.009827514480969704,0.000560353089075219,0.00028050666806260505,0.0007816204024420209,0.9190690830071092,0.001622480159579845
CDK2,0.0796292044822984,0.010796634132831204,0.000619802264426858,0.0007640736547364912,0.0006666989631232273,0.9075235865025838,0.0020505748822865766
RPS26,0.3243790195430395,0.03870572137927819,0.12206847110926444,0.004686107448589993,0.016944994156484317,0.49321568636334356,0.14369957271433875
PA2G4,0.16874914661666846,0.03093725030262434,0.00565176219447,0.0034624695991065657,0.002264533823525816,0.7889348374636048,0.011378765617102382
MYL6B,0.2109074462336251,0.029630022939993977,0.0008282759969482079,0.0003501981522264219,0.00013013749498960725,0.7581539191822166,0.001308611644164237
PTGES3,0.11035138494496688,0.012552554213718647,0.007673029281287713,0.007215692181152922,-0.0013984026229081348,0.863605742001782,0.0134903188395325
PRIM1,0.19211619509344313,0.018826461890887297,0.0018881913481990642,0.0012231870143699086,-0.000869071170780944,0.7868150358238816,0.002242307191788029
CDK4,0.27306180670085745,0.05061876556919154,0.0030988864092690305,0.0015739124668696092,0.0005498592566962057,0.6710967695971162,0.005222658132834845
METTL1,0.06055864131698333,0.011461770800748013,0.0008746372264898106,0.000316872013075592,0.00010678851628415087,0.9266812901264191,0.0012982977558495534
TSFM,0.07619598271302011,0.012884181708050418,0.0022866823094045835,0.0014727491720429448,-0.00025580961587010065,0.907416213713352,0.0035036218655774276
GIHCG,0.4287901092050712,0.08622523553643724,0.008790843996196118,0.001092763985952927,-0.0001106011759849368,0.47521164845232744,0.009773006806164108
MSRB3,0.2441168173769948,0.02915366721420437,0.0042422871253182115,0.0007753007764241815,0.0013664399981180297,0.7203454875089403,0.006384027899860423
NUP107,0.04624597769019581,0.01208876112849979,0.0034171243403075466,0.003300617725283929,0.00010260670666419752,0.9348449124090488,0.006820348772255673
AC020656.1,0.4330441833721304,-0.005193947456814341,0.08518067836811766,0.015202267269937675,0.01997050121765309,0.4517963172289755,0.12035344685570842
YEATS4,0.16416549514150616,0.021892375924188995,0.0019912783325361783,0.0016103963490958495,0.0004997347105744343,0.8098407195420984,0.004101409392206462
CCT2,0.24354862068889002,0.040006901585415505,0.004148112322552633,0.001957730602351382,-0.0001883196906694029,0.7105269544914599,0.005917523234234612
KRR1,0.08676491375547778,0.014832973823140597,0.0060394629200392624,0.0013172872639555938,-0.0006006903754368492,0.8916460526128236,0.006756059808558007
PHLDA1,0.0025258160633331132,0.0017177099037597654,0.004388467516248681,0.00024421168486300077,0.001450281232655744,0.9896735135991397,0.006082960433767426
E2F7,0.05890305430043846,0.00398877914761582,0.0009430250508114246,0.0007971129249829817,-0.0005394155475402507,0.9359074441236915,0.0012007224282541556
PAWR,0.17161714115720264,0.011214992232304294,0.0014157591613986609,8.270770542306849e-05,0.00016408196433603806,0.8155053177793353,0.0016625488311577674
CEP290,0.03306132911981458,0.0067655285557241054,0.0031892830799170394,0.0007625231867479931,-7.849074082730972e-05,0.9562998267986236,0.0038733155258377228
AC025164.1,0.042400521225086085,0.0028696262000088915,0.004827498390845356,0.0018585701597123236,0.0020187369289185603,0.9460250470954288,0.00870480547947624
LINC02397,0.000894858684458699,0.00014655434077138455,0.0007433589278553522,0.00016682955580557806,0.00021511048462011326,0.9978332880064888,0.0011252989682810435
MRPL42,0.07096707293094662,0.01447437697695933,0.007026408465321626,0.0037210484507021607,0.0028405986662289606,0.9009704945098413,0.013588055582252748
SOCS2,0.24287453971448342,0.04044736701177992,0.004856172393316482,0.0005096121593541336,0.004214882647974927,0.7070974260730911,0.009580667200645543
METAP2,0.2722213975804575,0.026069026672477402,0.005358593529488143,0.0037957423077705776,-0.0007665673954725949,0.6933218073052789,0.008387768441786125
SNRPF,0.17887066803593726,0.04182661049293229,0.019613769141691134,0.012940360693503267,-0.006860023906194446,0.7536086155421304,0.025694105928999955
SLC25A3,0.18180244906259596,0.03147970550411952,0.011003826901204217,0.00703477163096522,-0.0035954354486085194,0.7722746823497236,0.014443163083560917
GAS2L3,0.0507949666829599,0.0035014423391961508,0.0009784967696539262,0.0005197265817267691,-0.00021183886298575816,0.944417206489449,0.0012863844883949371
UTP20,0.03616861389539766,0.007841244726276973,0.0007898317149866232,0.0003186494724847361,0.000744614163781368,0.9541370460270726,0.0018530953512527273
CHPT1,0.10294926720446185,0.01649433177254557,0.00435508805556567,0.010072281880252928,0.0011418021525819444,0.864987228934592,0.015569172088400543
NUP37,0.10529109369041523,0.01519222900551008,0.00200792973258071,0.0022950882957604307,0.0004777951835144567,0.8747358640922192,0.004780813211855597
PARPBP,0.14409392197663168,0.01106929587509442,0.001988756289956428,0.0013488107088230061,-0.0006497001460593066,0.8421489152955538,0.0026878668527201277
HELLPAR,0.050282184864121296,0.00477209658995454,0.0015524204765168664,0.00040353687761830737,-0.0002623615580274394,0.9432521227498164,0.0016935957961077344
HSP90B1,0.17927177876717784,0.021516404588323823,0.010482201776935374,0.003375982663610999,-0.0016323612579275393,0.7869859934618795,0.012225823182618833
C12orf75,0.08959513146511276,0.00299581926415482,0.002429270090574087,0.0005026085197284286,-0.00017274722296725664,0.9046499178833971,0.002759131387335259
TCP11L2,0.11992065551758878,0.03256961401985391,0.004820205359355512,0.0012039407201630825,0.0016379687029186574,0.83984761568012,0.0076621147824372515
MTERF2,0.0764434450890002,0.01340302076301586,0.0011528008696105596,0.0006198881500690256,0.0006682505514353787,0.9077125945768689,0.002440939571114964
PWP1,0.056307881502960275,0.012240155713440212,0.0017122126896453732,0.0009261056286680308,0.001181490018763734,0.9276321544465224,0.003819808337077138
ALKBH2,0.07484412343676891,0.01724722815190087,0.0015694357166405881,0.0005678704853556288,0.0004998019965671563,0.9052715402127669,0.002637108198563373
UNG,0.1891674667329095,0.041686162557727,0.0022531622342053526,0.001227487187679871,0.0009848607396967524,0.7646808605477815,0.004465510161581976
MMAB,0.07110909959342876,0.014745013949233485,0.0013197895441121044,0.0013102829212918166,3.8127573164306594e-05,0.9114776864187695,0.0026682000385682275
GPN3,0.07034637718641011,0.00784112088737679,0.002580952924447766,0.0018348401249721757,0.0007908484049233416,0.9166058604718699,0.005206641454343283
FAM216A,0.10041470234410597,0.008973032250654628,0.0004686331098470303,0.0003521886212202868,0.00021798893459122615,0.8895734547395808,0.0010388106656585433
CUX2,0.0022576836458908967,-4.493345025889401e-05,0.0002954282929867212,0.00010482418769537953,7.086136524464071e-05,0.9973161359584413,0.0004711138459267414
DTX1,0.000757045965844213,0.0003045138853624218,0.0008505432149253382,0.00013340478060294312,0.00027418970441018685,0.9976803024488549,0.0012581376999384682
CFAP73,0.0008601980899338637,0.00078364075910463,0.0012440305020614893,7.070413707193322e-05,0.0006457293071870872,0.996395697204641,0.0019604639463205098
HRK,0.0009958193040399401,0.0007825350343822089,0.002136782480800608,1.781868711529279e-05,0.001639512479776492,0.9944275320138855,0.0037941136476923928
RFC5,0.08855814952904101,0.0139307115389712,0.0015758039193541074,0.0013061333981166656,2.7028410253301938e-05,0.8946021732042637,0.002908965727724075
PEBP1,0.3334326164860598,0.06610494359733377,0.005216117837913203,0.0014095579248876167,0.0019497965371140236,0.5918869676166916,0.008575472299914844
PRKAB1,0.0411214566625085,0.004893656050442841,0.0018971036438290637,0.0013824658864427034,0.0008547168855119747,0.9498506008712649,0.004134286415783742
CIT,0.11518995330678022,0.006654156799208402,0.0005643286844956713,0.0014291539201344572,4.5055934222534844e-05,0.8761173513551587,0.0020385385388526633
RPLP0,0.4281241754938115,0.08119836535815789,0.018275236758748314,0.002911141507753512,0.006882469067320485,0.4626086118142083,0.02806884733382231
MLEC,0.10585752744801762,0.015564555932705365,0.0059601861456394095,0.0006298173773079951,0.00045616144140295245,0.8715317516549267,0.007046164964350357
ACADS,0.040154844806938636,0.00571920028500069,0.004916164144081796,0.0007537184035933883,0.0014708628027314333,0.9469852095576541,0.007140745350406617
PSMD9,0.1547961312210524,0.0021297098393870673,0.009574857244008528,0.005833629857353001,-0.004073481119961697,0.8317391529581607,0.011335005981399832
BCL7A,0.15360016320785194,0.03479723138581667,0.002952220101387265,0.0006789511044568153,0.0009454505524187917,0.8070259836480685,0.004576621758262872
HCAR2,0.01200620921834684,-0.0016537137413624205,0.003999173210036573,0.002412424185775159,0.004163390443623965,0.9790725166835799,0.010574987839435697
HCAR3,0.02310658291474571,-0.0033706987148061675,0.004386365709249863,0.006038114174391637,0.0036842965537061782,0.9661553393627128,0.014108776437347679
C12orf65,0.08690546766999371,0.01653679215701663,0.0025957148706756,0.0008320822125792438,0.0017882915280752337,0.8913416515616596,0.0052160886113300775
CDK2AP1,0.08421284637788755,0.013845496795972287,0.0043127638582767525,0.0031270533549005858,-0.0006494962259181725,0.895151335838881,0.006790320987259166
KMT5A,0.19839727857944983,0.009943032265700646,0.0033405709390106897,0.0032326182761139577,-0.00010902847119695358,0.7851955284109218,0.006464160743927694
GTF2H3,0.03617385065110125,0.007784446247485401,0.0018039189645999154,0.0015689486482713608,0.0007812585682743789,0.9518875769202677,0.004154126181145655
ATP6V0A2,0.05882617336634244,0.01191282548104347,0.002893111936258033,0.0016119094869246203,0.0016209574731905207,0.9231350222562409,0.006125978896373174
RAN,0.31888799186880495,0.03784411370453983,0.004811396085922903,0.004472126061675796,-0.001377953091798334,0.6353623253708549,0.007905569055800366
PXMP2,0.19561158400024856,0.02064414808616749,0.0022367911722100953,0.0004242382468433725,-0.00032639605461487475,0.7814096345491454,0.002334633364438593
SKA3,0.09339820426722882,0.010383149436340472,0.00244734223374006,0.0004247577538332853,0.00011111317992724967,0.8932354331289301,0.002983213167500595
MIPEP,0.07582881291489106,0.016545946303877054,0.0032670354206764673,0.0008722383312314286,0.0006840405705516028,0.9028019264587723,0.004823314322459499
CENPJ,0.047243210452022365,0.008718317556855093,0.0014274251589149883,0.0004268317987311393,-0.00014381077202228754,0.9423280258054987,0.00171044618562384
RPL21,0.3560974725540917,0.05997853727193925,0.007396888413113423,0.004647750617949642,0.0009366121749565526,0.5709427389679494,0.012981251206019617
GTF3A,0.12390589059675922,0.023075292622102922,0.00811102383861459,0.0031806774284328654,-0.00235500563737992,0.8440821211514703,0.008936695629667535
FLT3,0.07383596791159938,0.006940535178724991,0.005206404789315305,0.0007391584299513282,0.0002812794218326753,0.9129966542685763,0.006226842641099309
SLC7A1,0.11008152603797755,0.011656985306209094,0.0013001636009813688,0.003663717150277801,3.234179293545858e-05,0.8732652661116187,0.004996222544194628
HMGB1,0.45375781744400623,0.06095000729334532,0.00807008815271315,0.0025941339868353896,-0.0021686046475764,0.4767965577706763,0.00849561749197214
HSPH1,0.06376679337383488,0.006811703599080357,0.005262345779859096,0.002047627500322821,0.00106587023691955,0.9210456595099833,0.008375843517101467
BRCA2,0.14211691786280456,0.016748262289481897,0.0018786702010679668,0.0004097571229343677,0.000145574724073394,0.8387008177996378,0.0024340020480757285
RFC3,0.13171137439560027,0.012921337667587102,0.0026764189462736288,0.0024972778373719418,-0.0006213355985061342,0.8508149267516731,0.004552361185139436
EXOSC8,0.14963512962373637,0.018466776728065792,0.0015021082209848158,0.000900206535388165,-0.00027553417631104304,0.8297713130681359,0.0021267805800619377
MRPS31,0.07553018101005687,0.014164564972108884,0.002079449623126506,0.0016898691255447656,0.002633401129211274,0.9039025341399517,0.006402719877882546
SLC25A15,0.12955058605792358,0.025835478722760957,0.0014182951343484074,0.0008321846902760166,0.0018552163550954737,0.8405082390395956,0.004105696179719898
RGCC,0.279400697656328,0.029115408409577936,0.021004745386113577,0.01450418291893707,-0.010707639154035886,0.6666826047830793,0.02480128915101476
TSC22D1,0.23963584006824007,0.043429853767958326,0.004019935259831298,0.0012997010344117377,0.0013864083187933862,0.7102282615507651,0.0067060446130364215
ZC3H13,0.05958710815237728,0.006814908183900584,0.004347524571471653,0.0022353745520437562,0.004755327953696847,0.9222597565865098,0.011338227077212257
ESD,0.11495555782328676,0.022353322227791073,0.0038207202425394327,0.0035359371942669526,-0.0002794533125335952,0.8556139158246494,0.00707720412427279
EBPL,0.3104059598424479,0.04768323541540603,0.010140250440351273,0.00216710831139888,0.0008607506300178924,0.6287426953603781,0.013168109381768045
DLEU1,0.09585405579849048,0.02012644150939108,0.002091877811956938,0.001578610034478442,0.00044395384466923427,0.8799050610010138,0.0041144416911046144
RNASEH2B,0.15525778088974107,0.023506799092386343,0.007099968042744792,0.004006665301337392,-0.0015500691741055506,0.811678855847896,0.009556564169976633
CKAP2,0.23450770789284442,0.0103257951266508,0.0021099555849174445,0.0013063003505585924,-0.000564663606624799,0.7523149046516535,0.002851592328851238
DIAPH3,0.1900134812211978,0.01025054946467191,0.0012521656434834327,0.0007887867178253682,-0.00032668332598195793,0.7980217002788035,0.001714269035326843
PCDH9,0.15476223998905028,0.018404211740700976,0.007922665406877971,0.00011943130670516444,0.00486695519339303,0.8139244963632726,0.012909051906976166
DACH1,0.05227696722309465,0.0037406846680068245,0.0008256993456656272,0.00041570704207071624,0.0006792564091412032,0.942061685312021,0.0019206627968775467
MZT1,0.18965790609442915,0.010554838416743845,0.005534455533319355,0.005847343997452237,-0.0025436644328348246,0.7909491203908903,0.008838135097936767
ABCC4,0.05258515350659208,0.011079130763721218,0.0018221192835389394,0.0006695103533720242,0.0012134936666310797,0.9326305924261447,0.0037051233035420433
CLDN10,0.11487886077184552,0.010842763290379934,0.0009159128047554477,0.00030637583297687954,0.0008322695199697305,0.8722238177800725,0.0020545581577020577
IPO5,0.06386095840671956,0.013019555918554249,0.00398934576416321,0.002407080997251579,0.00035459482209804216,0.9163684640912133,0.006751021583512831
GPR183,0.027235171103395663,0.011846037187786283,0.027443166788978776,0.0007378560100312903,0.004491238105888279,0.9282465308039197,0.032672260904898345
TEX30,0.12182534133953563,0.019673617621613404,0.0021631259061767605,0.001693780888151225,8.602004006871833e-05,0.8545581142044543,0.003942926834396704
PCID2,0.04424230745172923,0.009366290728554931,0.0023998095082888374,0.002418331943621746,0.0013265664672741581,0.9402466939005311,0.0061447079191847415
GRTP1,0.14624461400572306,0.027704971748756996,0.007596053867189562,0.0004997324421412985,0.00461806371834958,0.8133365642178395,0.01271385002768044
TFDP1,0.35347093806409585,0.025653118420885967,0.008344303291579369,0.008815810595384166,-0.0036534577771287213,0.6073692874051834,0.013506656109834814
CCNB1IP1,0.1603771761815795,0.020778416882033107,0.00314390579686305,0.0007376845659436693,0.00010507138162019203,0.8148577451919605,0.0039866617444269115
AL355075.4,0.02056486947042465,0.0001793843739923244,0.0036438796687356632,0.0009467724985425599,0.0005030339959108433,0.9741620599923939,0.0050936861631890665
APEX1,0.21306890313528384,0.04093327032977931,0.006883812736227735,0.0027571692056364006,-0.00030768978665141056,0.7366645343797241,0.009333292155212725
RNASE3,0.14465702063929814,0.0048196674577274945,0.0024953940064830205,0.0009418770088247819,-0.0007857503749007788,0.8478717912625673,0.0026515206404070235
AL355922.1,0.06554009118983409,5.274656592213489e-05,0.0012851508324772526,0.0005943894068525662,0.0006966679207809912,0.931830954084133,0.00257620816011081
RNASE2,0.25233792413657785,0.0014013678807922036,0.013765922541754794,0.001724313357000129,0.0003952959069042361,0.7303751761769708,0.01588553180565916
HNRNPC,0.16899353510884874,0.03384901108750937,0.014065691701494965,0.008597948671617284,-0.005453064227232934,0.7799468776577626,0.017210576145879314
SUPT16H,0.14447188467334632,0.02399556870500949,0.00440366309204504,0.00290493681029233,0.0018791569717452328,0.8223447897475615,0.009187756874082603
AC244502.1,0.06279167120715254,0.0028097731651715446,0.0006823552086221985,0.00014121321863828917,0.0005075519430186998,0.9330674352573968,0.0013311203702791874
TRDC,0.0028838306739639116,9.200086730004869e-05,0.00040884642187081956,0.00014007029524898146,6.255008407727572e-05,0.9964127016575389,0.0006114668011970767
TRAC,0.0022015442866345483,-0.00036260724780807336,0.0010611824355509884,0.003605324734555977,0.002348289751988559,0.991146266039078,0.007014796922095524
DAD1,0.06251415863433467,0.017833416651421727,0.00988535853400345,0.0052987075626119845,-0.00021523239336784794,0.904683591010996,0.014968833703247586
MRPL52,0.08577452332816078,0.01517940943284489,0.007969741059227264,0.0077519889179074875,0.0016218789055804372,0.8817024583562791,0.01734360888271519
HAUS4,0.05273283781406135,0.012871520167272027,0.006648301101409335,0.0032466149985472537,-0.0005484073319165783,0.9250491332506267,0.00934650876804001
PSMB5,0.1426424131901317,0.0231973060365345,0.0009860663971891226,0.0011080565182579327,0.0003965530734555689,0.8316696047844312,0.002490675988902624
REC8,0.0362187675598564,0.005243732241917633,0.00412396764864896,0.0007593865729972546,-3.0796255026215025e-05,0.9536849422316059,0.00485255796662
IPO4,0.028867102147826815,0.005872719866786263,0.00046599476523491445,0.00047471823671987184,0.0006915732419915804,0.9636278917414406,0.0016322862439463667
CTSG,0.3845910851002242,0.017288008990758996,0.004066383899355097,0.0006544325216967239,-0.0005812866257754457,0.5939813761137405,0.0041395297952763754
GZMH,0.0009302353392680943,0.0002483834500428858,0.002760340849954289,0.000233709074453841,0.0011090292919665565,0.9947183019943143,0.004103079216374686
GZMB,0.0003323463375142985,0.00027821857578081614,0.0040838984584539145,0.00042236375650851147,0.0002784181588103285,0.9946047547129321,0.004784680373772754
COCH,0.04097911822724602,0.00911285336706509,0.0046494955352819195,0.00015168347682521788,0.0004962050970331866,0.9446106442965485,0.005297384109140324
SLC25A21,0.24485621242586572,0.028374796394311258,0.0025988300445533574,0.0012587817843591753,0.005104522257283084,0.7178068570936273,0.008962134086195617
PNN,0.14793372884529524,0.032187970435305746,0.017517380297850327,0.0025989524691222565,-0.0006760076941757787,0.8004379756466022,0.019440325072796805
AL132639.2,0.003495376356631571,0.00029684318174306307,0.0003652900663009685,0.0001084172308092133,-7.297965553721775e-05,0.9958070528200524,0.00040072764157296405
FKBP3,0.1025470051034188,0.02236316400027806,0.004734332274643593,0.0023447509810292644,-0.0008877192118645211,0.8688984668524948,0.006191364043808337
LRR1,0.12392422405571474,0.010387137113213596,0.002363038658984712,0.0018219294621165116,-0.000797834160176758,0.8623015048701472,0.0033871339609244655
DNAAF2,0.04885447548107649,0.008472236492501735,0.0010723414315008811,0.00047249693467648485,-0.00012525939032801553,0.9412537090505724,0.0014195789758493504
POLE2,0.18561783728518938,0.028080203985079932,0.0021769223147517502,0.0012987585839882576,5.106476023086781e-05,0.7827752130707598,0.0035267456589708757
AL627171.1,0.010617990426702324,-0.0002648056796757739,0.002939839283151868,0.0023326549494397802,0.0028995954462345003,0.9814747255741473,0.008172089678826149
DDHD1,0.0175207709165332,0.004351385224118962,0.006342665029616348,0.002007667969824236,-0.0005627649779738619,0.9703402758378811,0.007787568021466722
CDKN3,0.4170233905121752,0.02606108508273841,0.0016917336748728529,0.0013037329280639054,-0.0008323284442982581,0.5547523862464478,0.0021631381586385
WDHD1,0.12302729565279592,0.01950316496365133,0.0011201709115988556,0.0012891182315348804,0.0002465620171748506,0.8548136882232442,0.0026558511603085866
DLGAP5,0.43315894624980256,0.029045874889532086,0.0012063097648386534,0.0010104581226101361,-0.00010880064763274522,0.5356872116208493,0.0021079672398160443
PSMA3,0.08074693745721145,0.016003397241221365,0.004834894956813496,0.0030696206061526093,-0.0010730930438422326,0.8964182427824433,0.0068314225191238725
TIMM9,0.0713146863974826,0.017009936267882678,0.005545811501967229,0.0025435407994696263,-0.0012506026571265927,0.9048366276903245,0.006838749644310263
DAAM1,0.20293723121872018,0.015457905875822492,0.0025367022094914538,0.0013492663580844666,0.0024108556882120324,0.7753080386496694,0.006296824255787953
PCNX4,0.031062526917757616,0.0038998961679394643,0.004342514862600344,0.002727263605387137,0.0019388773741404602,0.956028921072175,0.009008655842127941
SYNE2,0.00428118130600982,0.00029793108999746996,0.0012067386247632782,0.0007844096499439726,-9.196135874639435e-05,0.9935217006880318,0.0018991869159608564
MTHFD1,0.08298176317791757,0.01560038031039844,0.0013360650454927597,0.0018389478843352791,0.0005814726166499529,0.897661370965206,0.0037564855464779917
SPTB,0.2540056696137798,0.025258150501864696,0.001614618241464305,0.0051961994943606205,0.00039115349992596693,0.7135342086486046,0.0072019712357508925
EIF2S1,0.06255366515795696,0.009187443973658907,0.0027184975104390108,0.004656597352795805,0.001237990618015078,0.9196458053871343,0.008613085481249894
ZFP36L1,0.14151093985250005,0.04203068068957508,0.015488881034256441,0.008190634769416144,0.006994132312059281,0.7857847313421931,0.030673648115731866
ERH,0.14284850449819744,0.02662490000183612,0.011359519732459494,0.009263176107252441,-0.004305518782852319,0.8142094184431068,0.016317177056859616
AC004817.3,0.01288293201828048,0.0003351419039568579,0.002694634823360617,0.00037250764893103847,0.00010784744438250247,0.9836069361610885,0.003174989916674158
RPS6KL1,0.0789666942492137,0.015143185575431678,0.0024344214777125145,0.00020992131416670834,0.002063862307784728,0.9011819150756907,0.004708205099663951
ACYP1,0.1093119676752832,0.01353685347982242,0.0026152917560089,0.001791809078241488,-0.00122000512353318,0.8739640831341772,0.003187095710717208
AHSA1,0.05150176079933552,0.00938398582615737,0.0032951638331191607,0.003790884174346837,0.0011169933957495756,0.9309112119712916,0.008203041403215573
SLIRP,0.1151478274145841,0.02186973318255775,0.01813993910524872,0.01403524568943132,-0.0004241274214948909,0.8312313820296731,0.03175105737318515
STON2,0.052758005150435446,0.005346191995834734,0.0009034238987222706,0.00028413866782037167,0.0001254306404681535,0.940582809646719,0.0013129932070107958
GPR68,0.0021069168487851545,0.00028389405773396196,0.0002559726878257284,0.0001646173795216664,0.00029306467792551086,0.996895534348208,0.0007136547452729057
LGMN,0.0032774912118944295,0.000672331381999504,0.0012753432328623214,4.9340785803850956e-05,1.2229265425812291e-05,0.9947132641220141,0.0013369132840919846
DDX24,0.08705762570690029,0.017933475657620934,0.006706363900229842,0.001326719224061662,0.0012201395288048006,0.8857556759823825,0.009253222653096305
IFI27L1,0.13017981856727096,0.010525715277005132,0.0009696845659741549,0.00037721267355853016,-0.0002962660285618368,0.8582438349447531,0.0010506312109708482
IFI27,0.04234188088303423,-0.005592695111629076,0.014124728831878965,0.0007908587012539631,0.0033820768851002894,0.9449531498103616,0.018297664418233217
SNHG10,0.09148356984069544,0.013138730966076054,0.003846796474045247,0.0037460772495204464,-0.0005735361563956876,0.8883583616260585,0.007019337567170006
GLRX5,0.5754503050181589,0.11689161289064842,0.0049789880795513275,0.0024024658415300326,-0.0009034718363148952,0.30118010000642625,0.006477982084766465
TCL1B,0.0009746889712334729,0.00013359756389838952,0.00025943503040816527,7.773798164584624e-05,-2.6141061212235292e-05,0.9985806815140263,0.0003110319508417762
TCL1A,0.0012741973960270474,0.0011450768954483735,0.0059162331499931,0.0006927569279589207,0.0033266919465884297,0.9876450436839841,0.00993568202454045
AL139020.1,0.00018551969235785734,4.215177401057052e-05,0.0012143212923395137,0.00016017302918051152,0.0003044814370003655,0.9980933527751111,0.0016789757585203907
VRK1,0.18672132625497484,0.017209315168848605,0.002639665631187893,0.0026561788702318956,-0.0007729151271139156,0.7915464292018707,0.004522929374305873
BCL11B,0.0011624983497665474,-0.00024727256750207993,0.000814573584206283,0.0010834441802120027,0.0008377810400088258,0.9963489754133085,0.0027357988044271115
MEG8,0.0028208208614550834,-0.00028376753688575795,0.001383866726610544,0.0004238195754771492,0.000169150644919049,0.9954861097284239,0.001976836947006742
HSP90AA1,0.31873579028315213,0.02473732607238327,0.00850776304778289,0.004350504614210549,0.00036374488853224696,0.6433048710939389,0.013222012550525686
ANKRD9,0.26673608168849205,0.04328688656743418,0.00299305030889907,0.005356719870220961,0.0010103255988786475,0.6806169359660751,0.009360095777998678
CKB,0.20383787578697266,0.010008870665014408,0.0024912035285825362,0.0007082454862360477,0.0011965524515578085,0.7817572520816365,0.0043960014663763924
SIVA1,0.1659914285132287,0.014446331739318946,0.007100093472079239,0.002391220054154458,-0.002127317853303723,0.8121982440745223,0.007363995672929974
PLD4,0.09572487785712923,0.005199583083294698,0.0029962535583190203,0.0015287650210984993,0.00022066590625978433,0.8943298545738988,0.004745684485677304
CDCA4,0.16691614250823378,0.012038461927370125,0.002790362996634821,0.002630857212991139,-0.0012001739880043716,0.8168243493427745,0.004221046221621588
CRIP1,0.22008071400724324,0.05151405988496485,0.005957497289706737,0.0037829112019552857,-0.001751346753753713,0.7204161643698836,0.00798906173790831
IGHA1,0.004406381538109232,0.0013512808608190843,0.04330790891609957,0.03516053350631987,-0.026122015853310684,0.9418959110319629,0.052346426569108755
IGHD,0.021200664047303204,0.0013318909698531063,0.0011083299735126471,0.0009897466515603331,0.001597958452347538,0.9737714099054232,0.003696035077420518
IGHM,0.07887393736301465,0.004394509881754369,0.0054807362146265665,0.005194092284084725,-0.000254876665165521,0.9063116009216852,0.01041995183354577
FAM30A,0.5845143267097175,0.0385873409274875,0.0021126318598306826,3.0602257479084294e-05,0.001000810141609576,0.3737542881038757,0.003144044258919343
IGHV3-23,0.0004234983405353246,-3.365470345516081e-05,0.00020996520235742807,4.78346760884841e-06,5.049871369143511e-05,0.9993449089792621,0.0002652473836577116
AC138649.1,0.10734331988939663,0.01722872483999656,0.0017630804451599924,0.0010551336886658047,0.000482519662273459,0.8721272214745075,0.003300733796099256
SNRPN,0.10338376650372656,0.013491718845844367,0.004525301092291212,0.0010124340683321242,0.0011268191737456162,0.8764599603160601,0.006664554334368952
SNHG14,0.0633705238779298,0.01117398671907864,0.004038827957832031,0.0009075235610206955,0.0004891665266217038,0.9200199713575171,0.00543551804547443
ARHGAP11A,0.09878153563014383,0.008903494609655921,0.001118040927378744,0.0012094076137589282,3.0257577460141016e-05,0.8899572636416024,0.002357706118597813
SLC12A6,0.049042606221971485,0.004791557939949127,0.003488387750883476,0.003693149052895757,0.001925530198080061,0.9370587688362201,0.009107067001859294
NOP10,0.12298578462769538,0.0199750485255753,0.012378786941118686,0.020851462334817522,0.004950915307527282,0.8188580022632659,0.03818116458346349
THBS1,0.10253751092761297,-0.020237991360690127,0.03916632535724979,0.0025670161107378964,0.030351716150585364,0.8456154228145041,0.07208505761857305
AC037198.1,0.02254431796067733,-0.006674988986268317,0.006170388520511508,0.0019507169120227957,0.007583543213710547,0.9684260223793462,0.01570464864624485
BUB1B,0.1079578747781887,0.010365788756036776,0.0005957088560339246,0.0007054249042409283,0.00029978284603134064,0.8800754198594684,0.0016009166063061936
KNSTRN,0.07734175631549779,0.004347057860716083,0.0007353347852669251,0.0015858450512547112,8.807801919429037e-05,0.9159019279680702,0.0024092578557159267
KNL1,0.27019586246478666,0.014391196882655777,0.0018884553701607465,0.001125889374777922,-0.0006925917043356655,0.7130911876119546,0.002321753040603003
RAD51,0.10555160417584414,0.011680146358803253,0.00047483463720422725,0.0005750144020878478,-0.00017458875937598206,0.8818929891854366,0.000875260279916093
NUSAP1,0.6008354895876168,0.03618793644005569,0.0008115370856596194,0.000836253487319305,-0.0003592315191507378,0.36168801491849933,0.0012885590538281866
EPB42,0.45552676839037953,0.11269658355138024,0.003667894967540053,0.010760653909294149,-0.0008011736997005636,0.4181492728811066,0.013627375177133638
MAP1A,0.06373905687675929,0.003703010413408925,0.0003020410203005419,2.488125792195206e-05,0.00021207610145732025,0.9320189343301519,0.0005389983796798142
MFAP1,0.06418823504604923,0.011722765712275901,0.0024099522858501005,0.000498787273263121,0.0030214985508037195,0.9181587611317579,0.005930238109916941
WDR76,0.156944426497696,0.017771721779580335,0.0016362478471910746,0.0008617597279231559,0.0002620750996885357,0.8225237690479209,0.0027600826748027663
MYEF2,0.0693595650893788,0.012019927487172094,0.0038137541585948342,0.00013286710548758573,0.0009003940863948623,0.9137734920729719,0.004847015350477282
DUT,0.3526110883452986,0.04329139943082505,0.008749974673958771,0.003554700984453929,-0.0020723160737193824,0.593865152639183,0.010232359584693318
FBN1,0.0552553517740806,0.007334475231018711,0.001014496695878997,0.00019407661271210463,-1.6140981274212485e-05,0.9362177406675838,0.001192432327316889
CEP152,0.037301334681900736,0.004679390063331158,0.0014060995467833556,0.0008034661523491152,0.002004559795286104,0.9538051497603496,0.004214125494418575
SLC27A2,0.1369654464766964,0.016401185872247037,0.0006450180018353624,0.0003484367428770174,2.9471737914593676e-05,0.8456104411684295,0.0010229264826269735
GABPB1-AS1,0.10625881202255998,-0.006740095164750146,0.019158277719612357,0.003511436972051432,0.005637039378690922,0.8721745290718355,0.02830675407035471
NEDD4,0.046047258941680755,0.011083841264914115,0.0012487713695439953,0.0007009311291140338,0.0009310773673641068,0.939988119927383,0.002880779866022136
MNS1,0.10610895216384413,0.010010351357385941,0.001445026412046413,0.00017335649094346595,0.0005527784868783747,0.8817095350889017,0.0021711613898682536
LINC00926,0.022381945907487943,0.0004908347230111673,0.001042612062756524,0.000605559902053722,0.00019830036494741451,0.9752807470397432,0.0018464723297576605
CCNB2,0.36626708008517045,0.025821146188439892,0.001193151760396971,0.001528695871352237,-0.0004168895727613142,0.6056068156674017,0.0023049580589878937
RORA,0.0330651857637224,0.004006810558916336,0.0009276255907879685,0.0016162483447053622,0.0003208055260099721,0.9600633242158579,0.0028646794615033028
TPM1,0.18802143071277969,0.020418347867776188,0.00351955823520661,0.0008206447160149788,-0.00032244385638677264,0.7875424623246093,0.004017759094834816
SNX22,0.2976321006838402,0.02052693609531875,0.0012069905860256358,0.003003388407093077,-0.00012173874676418839,0.6777523229744865,0.004088640246354525
PCLAF,0.511247981104906,0.06031460237482189,0.0040582732040289615,0.002846519606455211,-0.001812963537563772,0.4233455872473517,0.005091829272920401
PIF1,0.04228175905195931,0.001626717618875742,0.00048204507991040507,0.0004191451717431502,-3.9833710746360607e-05,0.9552301667882578,0.0008613565409071947
PDCD7,0.07605020270597662,0.011175205376651343,0.003415352272667163,0.0017269055244321097,0.0016037638041700858,0.9060285703161026,0.006746021601269359
HACD3,0.22133515223439287,0.03031267713982888,0.0015118302163614206,0.0018883189373339326,-0.00014937058377573198,0.7451013920558587,0.0032507785699196212
RPL4,0.36120876047291045,0.06691383003740825,0.021940539031146955,0.008206605258060329,-0.0058629113605750405,0.5475931765610491,0.024284232928632243
KIF23,0.17544780362349563,0.009099823160614279,0.0006188727590151488,0.0009861100612932605,-0.00010268821373515813,0.8139500786093168,0.0015022946065732512
NEO1,0.014927206322749652,0.002941597577875373,0.001599119350467311,0.0008397907292123329,9.016853485411397e-05,0.9796021174848413,0.002529078614533758
AC100835.2,0.16193452091676297,0.019440561601305223,0.0018011515098629582,0.004439066434864886,0.0019317620332501284,0.8104529375039539,0.008171979977977972
COX5A,0.14188118405472547,0.031011587809876395,0.005955876973706448,0.0026524535160614426,-0.001434008418012056,0.8199329060636423,0.007174322071755834
COMMD4,0.09932894772590534,0.007205142372055939,0.0030332518365046163,0.001261723000220219,-0.0006852677904752025,0.889856202855789,0.003609707046249633
ETFA,0.07610528922872375,0.007294232076672791,0.006379869110675632,0.00383427568296639,-0.0015209454092105085,0.9079072793101719,0.008693199384431513
RCN2,0.09796093804969325,0.018929483571163405,0.00545440358742659,0.003015066697870758,0.0001045099906187702,0.8745355981032272,0.008573980275916118
CIB2,0.023614404464169444,0.0028096739006822045,0.0007981727365752624,2.7232267990780906e-05,6.356463004141e-05,0.9726869520005409,0.0008889696346074533
ACSBG1,0.06827361055672714,0.01041848417577157,0.0014290864169854284,0.00033117521017134166,0.0019107228698407586,0.9176369207705037,0.0036709844969975286
DNAJA4,0.30434420999733724,0.02322048064063742,0.0018694227479029712,0.003015019041527345,-0.0003667398392130372,0.6679176074118081,0.004517701950217279
RPS17,0.393196223831784,0.06927406793999552,0.022105927906171774,0.004945300598749869,-0.0017265080265340682,0.5122049877498329,0.025324720478387575
AC103876.1,0.08995933573156512,0.006272990005794343,0.0033910354201519693,0.0024260834110248347,-0.0006115611783732572,0.898562116609837,0.005205557652803547
ISG20,0.1198623129576046,0.004927771832088673,0.005481587568071239,0.003482139157646502,0.0008906826966135484,0.8653555057879754,0.00985440942233129
FANCI,0.17464113636051062,0.017704281016212547,0.0009789260120013077,0.0005416957590380911,-0.00010266755826127127,0.8062366284104987,0.0014179542127781275
IDH2,0.284384087304112,0.015774870077040204,0.0029150210748096206,0.0033062112090673224,-0.0010875246897305568,0.6947073350247014,0.005133707594146386
BLM,0.05270608713238893,0.009320377714804762,0.000812539485159483,0.00044928579740363683,0.0002491806327181295,0.936462529237525,0.0015110059152812494
PRC1,0.4607104410630861,0.029250984834650717,0.0010426005979964348,0.0013368871376052138,0.00011800752156204686,0.5075410788450995,0.0024974952571636955
SNRPA1,0.0834384409456558,0.014203647292449717,0.007909499357455455,0.0024991846122110473,-0.001484866663801293,0.8934340944560293,0.008923817305865209
SNRNP25,0.12311425488230385,0.011042963280977258,0.00405482582810246,0.000648651220332197,1.5702473130818628e-05,0.8611236023151534,0.004719179521565475
HBZ,0.09384030571382666,0.0006345301493759642,0.010095506760746192,0.0001619081106909448,0.0010663642127659856,0.8942013850525943,0.011323779084203123
HBM,0.730225820493398,0.11843105661502873,0.0037738800659997684,0.0022298525759093524,-0.0005771286255064068,0.14591651887517054,0.005426604016402714
HBA2,0.6284136638329472,0.23306459072404095,0.018308014140057227,0.017685252762110193,0.009510283605853376,0.09301819493499108,0.045503550508020796
HBA1,0.6669856082108121,0.216810386836633,0.015610496008783836,0.012570824305185968,0.007466251243608113,0.08055643339497698,0.03564757155757792
HBQ1,0.4088509765666998,0.05946919938589457,0.005318624201827382,0.0027334100344211243,-0.0010832996043835807,0.5247110894155407,0.006968734631864926
NME4,0.4531810870446325,0.05311865276564681,0.0007707481203197419,0.0008195568541525811,0.0012937347722996595,0.4908162204429487,0.0028840397467719825
PIGQ,0.15349515361303698,0.011080793202894457,0.0008618074306401546,0.004569959246505578,0.002497169472179428,0.8274951170347434,0.007928936149325161
MCRIP2,0.04372483946916575,0.010823109491115757,0.0045319766694186595,0.0014929679225736403,0.0012533818570721889,0.938173724590654,0.007278326449064489
HAGHL,0.059103195252358895,0.011501255618144704,0.0023531133119388536,0.00031902169335003283,0.0006734670175431584,0.9260499471066643,0.003345602022832045
MRPS34,0.1126516950371046,0.01657850286053697,0.0018436750127599488,0.0022582498903926107,-0.0002857473353285178,0.8669536245345344,0.0038161775678240417
HAGH,0.39564270967345955,0.0639620390252757,0.004029663364359948,0.0037035838999601167,0.00526084017093148,0.5274011638660132,0.012994087435251545
FAHD1,0.08581915630848781,0.005087842215479824,0.0017001009238830356,0.0018679786569902324,-0.0008870859878561538,0.9064120078830152,0.002680993593017114
RPS2,0.6059930047387634,0.11643796475424384,0.005863287651196147,0.0037688466945836607,0.002661397867218862,0.2652754982939941,0.01229353221299867
NPW,0.19459896476104063,0.016472641896341372,0.0022677611886368076,0.0003033528053812129,0.0001473581223737086,0.7862099212262262,0.002718472116391729
SNHG19,0.13477852743445567,0.026344571909018732,0.004563065842363656,0.0023180867063928023,0.001802454154230665,0.8301932939535385,0.008683606702987123
ECI1,0.08391792995920092,0.00743574132500989,0.003840219594881261,0.0010318076245569713,-0.0007333527140820778,0.904507654210433,0.004138674505356155
CCNF,0.12816841306736731,0.007556368534526681,0.0003410386823207434,0.0005790386707411332,0.00036718286206732786,0.8629879581829768,0.0012872602151292045
PKMYT1,0.11289435110409829,0.009799697356022999,0.000294901412511539,0.0013706055486844976,0.0005017334720243405,0.8751387111066583,0.002167240433220377
THOC6,0.05303827915191172,0.007838938748056162,0.0018889325402763751,0.0032452166211159456,0.000649989194289706,0.93333864374435,0.005784138355682027
IL32,0.0028018903660142706,-0.0005278343131596233,0.002041491545499194,0.0022027395407121777,0.0031502894696722713,0.9903314233912617,0.007394520555883643
AC108134.2,0.008017359013208296,-0.00033995990562983754,0.0009369560142112703,0.0004091308043254263,0.0012095539579699797,0.9897669601159149,0.0025556407765066763
TRAP1,0.09418381667063759,0.01773235814185352,0.0017784188389981664,0.0009506474838741896,0.0013547468569225646,0.8840000120077139,0.004083813179794921
DNAJA3,0.03308073070734961,0.009990792088790126,0.0021726195139564336,0.0009542913808733358,0.003778072441025848,0.9500234938680047,0.006904983335855618
CARHSP1,0.1623155004500653,0.0034144185153650586,0.0028593697556875963,0.0019352781555417309,0.0011944345894276953,0.8282809985339126,0.0059890825006570225
ATF7IP2,0.08552009874766235,0.019388225787822844,0.014336261703587816,0.0005812781406969725,5.741077642056058e-05,0.8801167248438094,0.014974950620705349
DEXI,0.04629448908224073,0.009880570325713288,0.0010663817573974277,0.00046688317600927093,0.0013322789280632436,0.940959396730576,0.002865543861469942
RMI2,0.1097164445172472,0.015909647718826594,0.0015115905954967424,0.001974024882288261,0.0007885971721070806,0.8700996951140341,0.004274212649892084
SOCS1,0.010456667227294207,-0.0023931329030468986,0.004887847293879557,0.005695221464591518,0.010807604122953039,0.9705457927943286,0.021390672881424114
GSPT1,0.13824889464982293,0.05536169205673555,0.0036337350251972322,0.00719584760597311,0.0011275306235042082,0.794432300038767,0.01195711325467455
TNFRSF17,0.000509824422583101,-5.8718674686413105e-05,0.00030461764670914964,0.00011976253090790882,0.00012057589619422109,0.999003938178292,0.0005449560738112795
RPS15A,0.5391476018770819,0.11237257038272641,0.009864230413777597,0.0038169511955351565,0.0006708780067772313,0.3341277681241017,0.014352059616089985
ARL6IP1,0.1630042101571367,0.008523711631069686,0.002234215668809353,0.0023248324748694205,6.760880534018021e-05,0.8238454212627746,0.0046266569490189535
KNOP1,0.049906823532663375,0.007234621544944794,0.0022965596388940177,0.0006641635298055767,0.0025590435962934283,0.9373387881573988,0.005519766764993023
ACSM3,0.08055249772303386,0.017206471403566112,0.0026503396106803134,0.0005918502817109927,0.000739195169483356,0.8982596458115254,0.003981385061874662
CRYM,0.08742114518449755,0.0020319062802746507,0.0012818953851225778,8.968476273649162e-05,7.228210114720857e-05,0.9091030862862215,0.001443862249006278
NDUFAB1,0.10422810468313606,0.02002798894059997,0.011435023321061666,0.006969560720672674,-0.0053612604171752315,0.8627005827517049,0.013043323624559108
PLK1,0.10230175942159346,0.006437887169731288,0.00103584893524164,0.00133360465057146,0.00045178303922178975,0.8884391167836404,0.0028212366250348897
TUFM,0.11763715345061627,0.014006360072257154,0.0021687125026821352,0.0036479523088213672,0.0031226876037105666,0.8594171340619126,0.008939352415214069
BOLA2,0.03037321058988918,0.008537476821742423,0.003974089311616032,0.002056628264381452,0.0042395135090142685,0.9508190815033566,0.010270231085011752
SPN,0.1624563154915311,0.016968461811703722,0.005380757286510329,0.005912602159011321,0.0060033020612974275,0.8032785611899461,0.017296661506819078
MAZ,0.14506542284792645,0.014068281747902117,0.006969177718855579,0.014143275675103706,0.0025088107301551588,0.817245031280057,0.023621264124114444
HIRIP3,0.06955330401342989,0.008496245875472319,0.0004290484589370147,0.0007388058751168908,-0.00023096562608504456,0.921013561403129,0.0009368887079688609
DCTPP1,0.14638058821796646,0.022077446506782533,0.0017240532163626532,0.0008693762485344758,-0.0003736844817483209,0.8293222202921022,0.002219744983148808
HSD3B7,0.02992987765211532,0.004555134531728018,0.0008529082963923892,6.631313525421595e-05,0.000308741460388659,0.9642870249241214,0.0012279628920352642
AHSP,0.792744039321259,0.13456379332182133,0.0035423389807598404,0.002043320968009854,-0.0007458027810758328,0.06785231018922577,0.004839857167693862
SHCBP1,0.1465270434943038,0.00804601395389623,0.0014943273233840038,0.0015106378583278623,-0.0005395026749802911,0.8429614800450684,0.002465462506731575
ORC6,0.21443531553157105,0.02540197381581022,0.0022600820534957877,0.0011027098269533742,-7.29061807561715e-05,0.7568728249529257,0.0032898856996929904
HNRNPA1P48,0.046773215403641905,0.017914104679146267,0.0074395523540541075,0.0003919736353283354,0.0036381110094722002,0.9238430429183572,0.011469636998854643
CRNDE,0.029557600831016058,0.003933966016008185,0.0029488302592498017,8.418502975059139e-05,0.0007721081840002877,0.9627033096799751,0.003805123473000681
CES1,0.12439928527817792,-0.00509903823945293,0.02780760805378768,0.001851636372163179,0.008978810910743318,0.8420616976245808,0.03863805533669418
MT2A,0.09154284415807892,0.04863689210493213,0.07138382148936959,0.0050098232857710145,0.012059735028801394,0.771366883933047,0.088453379803942
MT1E,0.007472845847000092,0.002452009205683881,0.006164489950910365,0.00020249884762357784,0.0014880920951208729,0.9822200640536612,0.007855080893654815
ADGRG1,0.1251273081883134,0.02044962807359152,0.0009165754286848959,0.0002751060086956525,0.001212094962041138,0.8520192873386734,0.0024037763994216865
GOT2,0.050352915001824594,0.010905911783679265,0.000985518826052273,0.0008042925728177774,0.0012266240663077327,0.9357247377493183,0.003016435465177783
NAE1,0.12008693728651984,0.023395671453781325,0.004856361088751315,0.0012755124819102681,0.0005616368672828331,0.8498238808217544,0.006693510437944417
E2F4,0.1287057996197851,0.008304324171455074,0.004538900041044347,0.00800001055320343,0.001036786626000874,0.8494141789885112,0.01357569722024865
TPPP3,0.048447383311199126,0.0077584405229036355,0.0031281703895472066,0.00031665089674496466,5.969708228551612e-05,0.9402896577973195,0.0035045183685776873
NUTF2,0.0894953948373829,0.01319316109279367,0.004954733928288102,0.0056782318194517345,-0.001618718245574538,0.8882971965676582,0.009014247502165298
SMPD3,0.0012427274413991248,-4.074466200020281e-05,0.0007754157839730247,0.00012993157133532303,0.0001709529897165247,0.9977217168755762,0.0010763003450248725
CDH1,0.10753781753100765,0.01610139144148791,0.004028310015369296,0.0011523652856879063,0.0021092387714438388,0.8690708769550034,0.007289914072501041
NIP7,0.07607491794246302,0.01379845024958383,0.00154331925259861,0.0013453717870783033,0.0007480263470483195,0.906489914421228,0.003636717386725233
HP,0.03680497974157557,-0.0008776232816311014,0.0031522669695015076,0.0017296154953740511,0.0017260496107228823,0.9574647114644571,0.006607932075598441
ZNRF1,0.13644830790578344,0.020499999813441333,0.0010792761265224493,0.0012979698286204322,0.0005008340479652484,0.8401736122776671,0.00287808000310813
MAF,0.016205390446738598,0.006830343176377051,0.005475449017000016,0.0015839857022865167,0.003246085366883436,0.9666587462907144,0.010305520086169969
CENPN,0.23094396625596447,0.012539659243233303,0.001203238347281227,0.0006192584298101989,-0.00020876729232111035,0.7549026450160319,0.0016137294847703154
GCSH,0.2703365911642206,0.052095874524623054,0.004856504638712789,0.0009930983550534012,0.0007390842373789508,0.6709788470800112,0.0065886872311451405
GSE1,0.037268924213498436,0.008911565472129991,0.007003993537373535,0.0035186941405949274,0.0006835209354752111,0.9426133017009279,0.011206208613443673
GINS2,0.25072574852749185,0.024087888065225993,0.0019060379231553015,0.0008020890095110089,-0.0005285953656664066,0.7230068318402822,0.002179531566999904
IRF8,0.0714366289063138,0.012466437501105973,0.012731969209287125,0.005492355195878082,-0.0036171752021541548,0.9014897843895692,0.014607149203011052
C16orf95,0.21271553346731678,0.0208431734854512,0.001658434911471135,0.0006815398812750895,0.00022110010313003414,0.7638802181513558,0.0025610748958762586
ZFPM1,0.03504095539889196,0.004558764214052574,0.0015311801888962945,0.0017813070995427033,0.0002780403049127411,0.9568097527937037,0.003590527593351739
CDT1,0.23544364919698815,0.029391884514734207,0.001715423396897009,0.0014413380043020174,-0.00019188502743139324,0.73219958991451,0.002964876373767633
YWHAE,0.11843535559158151,0.0158720667015005,0.008852052052827686,0.011423241571648007,0.002499328228536324,0.8429179558539059,0.022774621853012017
RPA1,0.05827873964058154,0.009729775158603168,0.001834669610076764,0.003149036514040887,0.0008938096340473101,0.9261139694426503,0.005877515758164961
TSR1,0.04734679241301901,0.009751983009635486,0.0017316956584183946,0.0009142740941616503,0.00026892192254698855,0.9399863329022184,0.0029148916751270335
P2RX5,0.04708221657647704,0.006392361570750731,0.0007017815630203719,0.0003653305177769711,0.0016589149526466673,0.9437993948193282,0.0027260270334440104
SPNS3,0.08848511396450108,0.004757346544886715,0.001559358244263745,0.0014790301014870888,-0.0006928873651582956,0.9044120385100196,0.002345500980592538
VMO1,0.12415464982642378,-0.002336883325476269,0.003961214268414157,0.0003669900520983649,0.001748081400166468,0.8721059477783735,0.006076285720678989
GP1BA,0.012211248366772709,0.0014891353452617401,0.0003327747568601432,0.00032834576163764256,0.0005811130062915709,0.9850573827631762,0.0012422335247893566
C1QBP,0.21040241346988742,0.04570234464898709,0.011101525271960344,0.00608575090746416,-0.002831890276172755,0.7295398559778737,0.01435538590325175
PIMREG,0.00856873561107945,0.0007108382255588859,0.0003939623516745396,9.61763497300018e-05,-8.120635957311467e-05,0.9903114938215303,0.00040893234183142675
CLEC10A,0.012994068336253835,0.005682142505317452,0.0038366287244596536,0.0009479182941047569,0.00045389119152521723,0.976085350948339,0.005238438210089628
EIF5A,0.1497644026269152,0.020000077011069956,0.017769285127545442,0.011358900972153835,-0.0043315337894954675,0.805438868051811,0.02479665231020381
ATP1B2,0.2743778049385665,0.019253407836067993,0.0016441525860386164,0.003923942275448122,-0.0011324603631492902,0.701933152727028,0.0044356344983374485
AURKB,0.1363263959359075,0.009231448434901146,0.0009486166054636924,0.0010848867492863623,-0.00030459148752060017,0.8527132437619619,0.0017289118672294546
RPL26,0.6327218730746286,0.13829044349764752,0.00564814334916619,0.0016149766925426245,0.0011015184728163652,0.22062304491319873,0.00836463851452518
MYH10,0.23360121723508828,0.026225411428798556,0.0021926933590410425,0.0007698549547822675,0.0005952223081318042,0.736615600714158,0.003557770621955114
TMEM220,0.09637782229757717,0.01265452076043011,0.0014958761000619797,0.0006100208564855242,-0.000480027103453573,0.8893417870888988,0.0016258698530939308
PMP22,0.05673591781581103,0.010692320802812669,0.0018273422152400576,2.7447865367097313e-05,0.0007119692362140273,0.9300050020645552,0.002566759316821182
CENPV,0.23754348316951462,0.044916977892976995,0.002408479206292058,0.0006453534062400013,0.0019021497877834692,0.7125835565371929,0.004955982400315528
UBB,0.45308995959668674,0.08413593776693573,0.004918039731004908,0.002793113955233739,-0.0016524384752163446,0.4567153874253552,0.006058715211022303
SNHG29,0.38659490869930546,0.08227051152284781,0.016584834828638706,0.003196025223434873,0.0026238271019662918,0.5087298926238069,0.02240468715403987
LRRC75A,0.06052942099964919,0.014702376537739571,0.005353850342885144,0.004305231662955711,0.004594389802921664,0.9105147306538487,0.014253471808762519
TNFRSF13B,0.0002973284034268087,-9.339269783875551e-05,0.00026002915235860354,0.00010015509879577765,0.00013523895002651002,0.999300641093231,0.0004954232011808912
COPS3,0.09985967440673202,0.0078028103013465105,0.0034355778202624226,0.0035931891286676287,-0.0013228547549451464,0.8866316030979365,0.005705912193984905
NT5M,0.17907731078033975,0.023062603285835592,0.0026119531183666223,0.0022353140106580738,0.00010385157065342931,0.7929089672341465,0.004951118699678125
RASD1,0.00549389473962616,-0.0009506800507212516,0.001566067853247078,0.0017189471674265416,0.003245226583325379,0.9889265437070961,0.006530241603998998
SHMT1,0.060851449655633716,0.009308632608893114,0.0011628542107446765,0.0007957893713413655,0.000253809422654086,0.927627464730733,0.002212453004740128
LINC02076,0.00637851338792088,0.0007915864383761942,0.000704601120091534,0.00046721066422363965,-0.00011701875389490048,0.9917751071432827,0.0010547930304202731
EPN2,0.1497324424003755,0.009916822556446964,0.001759094109239523,0.002858375646258987,-0.0002524904739510947,0.8359857557616301,0.004364979281547415
NATD1,0.06370301432934615,0.01836385328663269,0.0008860411508680444,0.005552613627438335,0.0031627389783858567,0.908331738627329,0.009601393756692236
MTRNR2L1,0.014007030005488141,-0.003871774813451686,0.2466503765734962,0.0006614442230413742,0.06800917597751266,0.6745437480339134,0.31532099677405023
TMEM97,0.1324960026585198,0.027505809635839734,0.0020160249246480577,0.000564841525307197,0.0009482712720187692,0.8364690499836664,0.003529137721974024
SPAG5,0.08605967767670801,0.003814156077668593,0.001391591026037517,0.0016245788762027924,-0.0003034773657228096,0.9074134737091059,0.0027126925365174998
RPL23A,0.48556196682161956,0.09728313099720742,0.02221644694246261,0.009389896122029229,-0.0067858652626633376,0.3923344243793445,0.0248204778018285
AC024267.1,0.19778672846686723,0.017892277229025588,0.0017891099417538525,0.0038646071779162294,-0.0002322453835151561,0.7788995225679523,0.005421471736154926
DHRS13,0.23352140249540132,0.011221992844550888,0.002286504941548778,0.0028296341333321207,-0.0006760401239305214,0.7508165057090974,0.004440098950950377
ATAD5,0.19169405880251011,0.021711018937362186,0.004685564429671302,0.0005518662340384672,-0.0001274411072714754,0.7814849327036895,0.0051099895564382936
SUZ12,0.11405392895270697,0.008683387440656304,0.006012559558274955,0.004193109709403259,-0.001377613399625166,0.8684346277385837,0.008828055868053047
TMEM98,0.05792891998556242,0.009210829021959563,0.0069052929606808755,0.00013743956384917877,0.004664897236402829,0.9211526212315452,0.011707629760932883
SLFN13,0.09437356696483995,0.014218387921439535,0.0016597325137911734,0.0006842539482822263,0.0008657463869084087,0.8881983122647387,0.0032097328489818083
CCL5,0.0028812249949724793,0.0016222346765274532,0.01111800290866662,0.000963294759839195,0.00141415330717036,0.9820010893528239,0.013495450975676174
CCL3,0.06055940755786988,-0.0019436053669225281,0.003763780380698828,0.007922061521135115,0.005436157713824191,0.9242621981933945,0.017121999615658134
CCL4,0.014901209227263554,-0.006312685425506583,0.007708532600546485,0.01601587469306877,0.019733702230467713,0.9479533666741601,0.043458109524082966
CCL3L1,0.02476900328327947,0.00376388346076912,0.010587411520065086,0.0039819870341234395,0.008353567901066162,0.9485441468006968,0.022922966455254688
CCL4L2,0.008530026652063729,-0.0031277290193278363,0.007312002852314991,0.0058071146850087706,0.014007244756253527,0.9674713400736868,0.02712636229357729
DHRS11,0.09751159146445129,0.017487961145976838,0.0019381331546612923,0.0007697238431267073,0.0011946091627943606,0.8810979812289895,0.00390246616058236
ARHGAP23,0.11739892404257028,0.00777897529404338,0.0006214761423358195,0.0014305156544542896,0.00015688496582685896,0.8726132239007693,0.002208876762616968
RPL23,0.4799311621131195,0.08915263096335602,0.01920817043489198,0.0073326153537052186,-0.00436886791506319,0.4087442890499905,0.02217191787353401
IKZF3,0.0023543539989154347,3.9011993709689875e-05,0.00047142867841925163,0.00033358868464338073,0.0006791771037001873,0.9961224395406121,0.0014841944667628197
CDC6,0.14162417721314455,0.017525948491824095,0.0018034007057324553,0.0011081315978733741,-0.00037185768455910706,0.8383101996759846,0.0025396746190467223
TOP2A,0.44169220904451567,0.029976901922451282,0.0008828363194978706,0.0006135968729105712,-0.00042346327325071265,0.5272579191138753,0.001072969919157729
IGFBP4,0.0018656536184983633,-2.433531742250289e-05,9.007776009398866e-05,0.00014840254107615063,0.00026361663293453436,0.9976565847648194,0.0005020969341046737
CCR7,0.0029928273347287217,4.4928963896781905e-05,0.0007119770951983639,0.0004991595173281715,0.0005116723558834012,0.9952394347329646,0.0017228089684099366
CAVIN1,0.19485713007274513,0.02752665425820816,0.0036109145302181678,0.00026479747521640506,0.0031633191219461454,0.770577184541666,0.007039031127380718
PSMC3IP,0.06616878167651756,0.004135858276724344,0.0011476989994303743,0.0001854029350570191,-1.3604720665777448e-05,0.9283758628329365,0.001319497213821616
TUBG1,0.42408012137755524,0.020280180293794026,0.0018218924393234026,0.0016252211413247952,-0.0006525246554184294,0.552845109403421,0.0027945889252297684
PLEKHH3,0.09858436416381512,0.0033064839003298235,0.001789067445127357,0.0016216539751454928,-0.000854459055855919,0.8955528895714381,0.0025562623644169308
AARSD1,0.048237333190462035,0.011299448707064619,0.0014955045511149817,0.0010006465730307418,0.0008190910555500239,0.9371479759227777,0.0033152421796957474
BRCA1,0.12238739648939874,0.017226003704863893,0.0009603026587930996,0.0005349015911721433,0.00039512330209268143,0.8584962722536794,0.0018903275520579244
UBTF,0.08435084398893256,0.006161232193810873,0.0017390341234060913,0.003106354594327454,0.002768348359368525,0.9018741867401545,0.00761373707710207
SLC4A1,0.6700826530962782,0.10744978664176008,0.001769426393787965,0.003514671644159084,0.0008385682272705752,0.21634489399674406,0.0061226662652176245
SLC25A39,0.5047559235066896,0.12694969577187543,0.0018202670091159723,0.006203612640402478,0.004016746859897613,0.3562537542120189,0.012040626509416064
CDC27,0.18684817650487867,0.01993043342543374,0.0025323569489218434,0.0042684634702391255,-0.00014792428779325517,0.7865684939383198,0.006652896131367714
MYL4,0.5267985321788545,0.04827039578675796,0.005531498032425919,0.0013430176405877514,-0.0011374028704610462,0.4191939592318349,0.005737112802552624
KPNB1,0.08273842330676767,0.009424278157772595,0.004116588924965581,0.004555304599740503,0.005200293693932753,0.8939651113168209,0.013872187218638837
ATP5MC1,0.17422041979088884,0.035837301121389414,0.005774146204528541,0.0030691757541810027,-0.0007827708227689245,0.7818817279517811,0.008060551135940619
ABI3,0.16866064430234898,0.025451607560056905,0.006507022207948743,0.0005979800860357043,0.004060038267600652,0.794722707576009,0.011165040561585099
PHB,0.16057445742924084,0.02521648785708644,0.004708368557821835,0.002175576553645059,-0.0009022883030845308,0.8082273979052903,0.005981656808382363
FAM117A,0.17953402516557315,0.028205472236427775,0.0040193918492253955,0.006578398845939748,0.0004571413778523825,0.7812055705249815,0.011054932073017526
MRPL27,0.07966638248878603,0.009231211875659062,0.0015367527155396993,0.0005692199777442286,0.0008415213089197626,0.9081549116333512,0.0029474940022036905
LRRC59,0.049313563519464795,0.0067997335006812695,0.0024942469415615773,0.0018574370663840545,-6.108108294786835e-05,0.9395961000548562,0.004290602924997763
NME1,0.24667175850770678,0.039850986215955175,0.005095876690713541,0.001094480437500378,0.0011338542797901252,0.706153043868334,0.007324211408004044
NME2,0.3225905072132378,0.07071852013173807,0.0118857131387195,0.00189859129796216,0.012131095361436917,0.5807755728569055,0.025915399798118577
HLF,0.16344383999001283,0.011846225805607874,0.006229779582765188,0.0006094659249711587,0.0032257302255248865,0.8146449584711181,0.010064975733261233
NOG,0.09958736851687497,0.007446557725174163,0.001765057026658981,0.00011806404402321669,0.0012241384407317007,0.889858814246537,0.0031072595114138984
AKAP1,0.03889504930632461,0.009518893894111535,0.001340464462085321,0.0006698283226640803,0.0007459929184371536,0.9488297710963773,0.002756285703186555
MSI2,0.23396798046909784,0.021708705205415624,0.005395710610243576,0.0014510867697153929,-0.0007000951514701814,0.7381766120969977,0.006146702228488787
MRPS23,0.06201585370938628,0.01400704692846673,0.0031344622543063305,0.0013719497314038653,-0.0002475462465408862,0.9197182336229777,0.00425886573916931
MPO,0.5814067706948257,0.022880341456816944,0.0069778403059030936,0.0017891556800989639,-0.001468980682382326,0.3884148725447376,0.0072980153036197315
TSPOAP1,0.025603002558892106,0.001101517070778376,0.0028350200915972165,0.0009650832177829083,-0.0007767638441107914,0.9702721409050602,0.0030233394652693334
RAD51C,0.1162962052410031,0.01220917260670272,0.0009629710722710016,0.0017039485689199219,0.000882052961708818,0.8679456495493945,0.0035489726028997415
SKA2,0.15592440141789962,0.009367568246311131,0.0026768864761727296,0.0037349043597048603,-0.0010664754207831417,0.8293627149206948,0.005345315415094448
PRR11,0.0460822636287764,0.0014104089624981733,0.0012856809107330489,0.000858990410563594,0.00045721116024524666,0.9499054449271835,0.0026018824815418895
GDPD1,0.04398324006206619,0.008297851208722597,0.0009260536710579415,0.00030373197180143946,0.0007424797444665274,0.9457466433418853,0.0019722653873259083
BRIP1,0.044788808915486256,0.008471631338917651,0.0010889994947234222,0.00016887808051238573,0.0002583544795833545,0.9452233276907769,0.0015162320548191624
METTL2A,0.06897517294773445,0.007318774691236873,0.0017809123289151269,0.000768000208162381,0.0005646247779944047,0.9205925150459567,0.0031135373150719126
MRC2,0.12303827201270723,0.022203304873062574,0.0022300837783095495,0.0068649691942833935,-0.00041146728542751365,0.8460748374270648,0.00868358568716543
CD79B,0.1923066894261362,0.011829348310465226,0.002104332011604093,0.0004695789600190903,0.0013783485394094352,0.7919117027523659,0.003952259511032619
PSMD12,0.08824282396064345,0.00848813921997893,0.002832980592045481,0.002280438811975302,4.974084166037285e-05,0.8981058765736964,0.005163160245681156
C17orf58,0.03657345727371429,0.005429345651160093,0.0027373418019326357,0.001076720264753049,0.00011450361544981108,0.9540686313929901,0.003928565682135496
KPNA2,0.07881617731367675,0.005583832417840842,0.0013629654882543613,0.0018054537326493703,0.00048403451004055964,0.9119475365375381,0.003652453730944291
SDK2,0.03646154707634686,0.002089924071043546,0.0005074322392614669,9.671080210107985e-05,9.209791116432386e-05,0.9607522879000827,0.0006962409525268706
NT5C,0.08591598434340234,0.016575041783388686,0.002364896908991193,0.0015163500354745535,0.00040519184620638193,0.8932225350825369,0.0042864387906721285
SMIM5,0.3138868255966318,0.046325620180453886,0.0004677881850546628,0.0020472261345222953,0.0017565545795347193,0.6355159853238026,0.004271568899111677
CYGB,0.008023735931407937,-0.00031863466142011045,0.0004106560604189933,0.00013055688040176233,0.00024456224563069225,0.9915091235435607,0.0007857751864514479
SNHG16,0.08079272101435732,0.015376790442936245,0.006161113205599436,0.0036913091398529246,-0.0009183150733503564,0.8948963812706044,0.008934107272102004
ST6GALNAC1,0.11175183681339503,0.015086739015141917,0.0010628598851445403,0.0010297286526879945,0.0008184244592009948,0.8702504111744296,0.0029110129970335297
SRSF2,0.1450270055601246,0.02174353792277392,0.014705013188276439,0.00863898062563595,-0.0024916268860580015,0.812377089589247,0.020852366927854388
C17orf99,0.24683514363739062,0.01739719637510123,0.0014913953640467437,0.001055617938685749,-0.0007826300453719903,0.7340032767301476,0.0017643832573605023
TK1,0.31510049606681373,0.018258981506447725,0.0029715680410575263,0.001721850165968486,-0.0014388292134029923,0.6633859334331156,0.00325458899362302
BIRC5,0.41661102704060693,0.028372397784313996,0.003154573848777764,0.0017427701995487155,-0.0009202916679413864,0.551039522794694,0.003977052380385093
NDUFAF8,0.12825335976888924,0.025676002439555257,0.0073889765147791275,0.0027042528796190346,-0.0015750459328412736,0.8375524543299986,0.008518183461556889
CCDC137,0.042705326413265965,0.007119089879628893,0.0013900467364095156,0.0005863812166632329,0.0009463022817430555,0.9472528534722894,0.002922730234815804
MRPL12,0.11027747930428167,0.019813665079287696,0.003196506588937692,0.0017844092637198106,-0.0007552487786084139,0.8656831885423816,0.004225667074049089
ALYREF,0.11455647701470875,0.021749805460122118,0.010027334692718548,0.010244297238427541,-0.0009118817346911723,0.8443339673287142,0.019359750196454917
PYCR1,0.17705601571671367,0.027277779947519176,0.00043435434289607056,0.0008036569853696884,0.0018378595178957513,0.7925903334896056,0.0030758708461615103
CENPX,0.10901860729752555,0.012507181161619238,0.0026572095656304945,0.0009421068642961883,-4.465897186514689e-05,0.8749195540827936,0.003554657458061536
RAC3,0.0783496143953208,0.007534084968267088,0.0009158226403448988,0.0005338917359932194,0.0002536546080761093,0.9124129316519979,0.0017033689844142275
LINC01970,0.003755781020322767,-0.0006899762872154694,0.0005596441404903448,0.001263288472271684,0.0018338757653008626,0.9932773868888298,0.0036568083780628914
CD7,0.015188572813101818,0.0003880762117812204,0.0007458797036469893,0.0003702569438072227,0.0008731776539729237,0.9824340366736898,0.0019893143014271357
NARF,0.20031641311232906,0.02458625649742638,0.003480030153610786,0.0042499272457553194,0.0002572068156844465,0.767110166175194,0.007987164215050552
FN3KRP,0.0658090434749645,0.008821443918390182,0.0018415990297922097,0.0020457886396488267,-0.0008740575836847092,0.922356182520889,0.003013330085756327
FN3K,0.1707679701723096,0.012606765358702254,0.001728878222497121,0.0009509260977541567,0.0002984482861332072,0.8136470118626037,0.002978252606384485
USP14,0.1261720271428928,0.01133675613709284,0.00445253827106451,0.0031127291606285468,-0.0005925107558540921,0.8555184600441754,0.006972756675838965
TYMSOS,0.21631045212608577,0.022812876562853607,0.002378618200718219,0.003136543826841004,-0.0003844648051914423,0.7557459740886928,0.0051306972223677805
TYMS,0.43039430251788396,0.05043579319781555,0.00253568827010503,0.001553301088741632,-0.0007496189969417588,0.5158305339223956,0.003339370361904903
ENOSF1,0.1824346188346263,0.028480915670179657,0.005231934003080724,0.0005844238011072644,0.0005659975220634328,0.7827021101689426,0.006382355326251421
NDC80,0.2408093646488016,0.015338954347944855,0.0011782340073978603,0.002202105371896912,-0.0006942581637021106,0.741165599787661,0.0026860812155926617
LPIN2,0.09017639701060089,0.021571817696014253,0.0022491882974967903,0.002678668594603542,0.0018346799173841188,0.8814892484839004,0.006762536809484451
NDUFV2,0.1278462184749418,0.014717780037702632,0.0034397115988877847,0.0035121253598434377,-0.00012852754098416352,0.8506126920696085,0.006823309417747059
TUBB6,0.06377165133818077,0.009843028469682283,0.006255359536483138,0.001017972094164446,0.0002800344828470386,0.9188319540786423,0.007553366113494622
SNRPD1,0.22515356051361254,0.03988194282165672,0.005728915791871236,0.003303626280240557,-0.0017300758688833517,0.7276620304615022,0.0073024662032284415
ZNF521,0.1239187903051861,0.016021321126565374,0.003455872189147724,0.00021451298260247165,0.0020794059543598753,0.8543100974421385,0.005749791126110071
TAF4B,0.0344954996616092,0.010406209658005892,0.0032204777429629544,0.0001234799314652063,0.0009835692577393196,0.9507707637482175,0.00432752693216748
DSG2,0.06802109508341472,0.00973396020288693,0.001305551056361487,7.362077658622235e-05,0.0005907424254232574,0.9202750304553273,0.0019699142583709667
KLHL14,0.00012552014478749184,0.00015485316230031884,0.0004645762138599805,0.00018664892672468373,-8.187644560805175e-05,0.9991502779979355,0.0005693486949766125
TPGS2,0.19844736056631118,0.026773688075225593,0.004538338266556585,0.002234821704653278,-0.00043258974618276547,0.7684383811334361,0.006340570225027098
MIR924HG,0.04220953707388318,0.01009501955227824,0.002356031957265081,0.0004040846531661521,5.1814530885506416e-05,0.9448835122325219,0.0028119311413167397
AC011139.1,0.18510216809483437,0.01807557674480706,0.017465186382034065,0.0002481181194542992,0.009353854856723132,0.7697550958021471,0.027067159358211496
SLC14A1,0.2272799564479452,0.03994752630834569,0.003037262784928718,0.006181450588553572,-8.846350306468409e-05,0.7236422673732915,0.009130249870417606
ATP5F1A,0.14400053708794813,0.025418953535097905,0.006138598182829302,0.003516782527845125,-0.000738526546140067,0.8216636552124196,0.00891685416453436
RPL17,0.5854141555357372,0.1260296926140314,0.005927216101854538,0.0011924296417794578,0.0016385679512685991,0.27979793815532883,0.008758213694902595
ACAA2,0.06734245143632403,0.010515370988406159,0.002374271251608537,0.0010246616641960277,0.0026152349859975416,0.9161280096734677,0.006014167901802106
SKA1,0.15402997738072258,0.00957927378917331,0.0012470406243371979,0.0017542204587849552,-0.0008458584839949046,0.8342353462309768,0.0021554025991272485
RAB27B,0.06574782578672231,0.004147106800413469,0.0004934042870753108,0.0001837206368721228,0.0007722400411312169,0.9286557024477856,0.0014493649650786505
TCF4,0.09775915153543523,0.01173730808068349,0.009995554104494014,0.0009707163669234048,0.0018363051592214102,0.8777009647532424,0.01280257563063883
TXNL1,0.11803643180997347,0.011698485906774747,0.002957288236331096,0.002943270213262711,-0.0007531476268973214,0.8651176714605553,0.005147410822696485
FECH,0.4206635286758174,0.09749248277069095,0.010985857053584236,0.015724595674742492,-0.007539134385284196,0.4626726702104491,0.01917131834304253
LMAN1,0.11455164869038205,0.026052503994682022,0.0037654847172814976,0.000559777508018583,0.00034408525987295047,0.8547264998297629,0.004669347485173031
PMAIP1,0.036214050562935016,-0.0003588384034128936,0.0065556521291272735,0.008316510303550725,0.004483387239949448,0.9447892381678504,0.019355549672627446
BCL2,0.062537736000278,0.0038790852513538865,0.0018653927141035337,0.0009817031679844879,-0.0005285369050077454,0.9312646197712878,0.002318558977080276
SERPINB2,0.037953928423911334,-0.0015104338535106357,0.01404380514765001,0.0011990867402505365,0.00010635786018944188,0.9482072556815093,0.015349249748089988
SERPINB10,0.06287840297380701,-0.002719950668976387,0.00229149465219379,0.002420914993330872,0.001043799150722599,0.9340853388989221,0.005756208796247261
CYB5A,0.14549774842519442,0.01518590931610786,0.00728364647755117,0.0029613191078851353,-0.0018328844919001386,0.8309042611651616,0.008412081093536167
SLC66A2,0.03243388515016861,0.002214245534749533,0.003766786256084828,0.003925503967414992,0.0008930365578335986,0.9567665425337485,0.008585326781333419
HSBP1L1,0.04744283792870986,0.01232655591331519,0.0027519703575539095,0.00035551208325677874,0.0029538159419083138,0.934169307775256,0.006061298382719002
RBFA,0.09277763214495334,0.0233451552166722,0.0020123666247228583,0.0005008393924509358,0.0011760323809927448,0.8801879742402079,0.003689238398166539
GZMM,0.0012257341618456042,0.0002169907474434663,0.001411700848221857,0.0006361441404546899,0.00034662117409970565,0.9961628089279346,0.0023944661627762526
PRSS57,0.47149528789109457,0.04972913805366724,0.0017231417703169605,0.0005698618656089227,-0.00014554165547919773,0.4766281120747915,0.0021474619804466855
AZU1,0.4706575117980396,0.019657128245958166,0.0075909548839736,0.001120945528614803,-0.0009260929123993678,0.5018995524558132,0.007785807500189035
PRTN3,0.4739829086589956,0.015948546641825878,0.005199362005124664,0.001124497674041769,-0.00030448058084026064,0.5040491656008523,0.006019379098326172
ELANE,0.46000418023431844,0.01706106407774649,0.006066364135213498,0.0012517366149215614,-0.0006873852031446526,0.5163040401409447,0.006630715546990407
GAMT,0.20497368710336708,0.0175747205365675,0.0013018250022843736,0.00038789875087977266,-0.0002695387875107369,0.776031407394412,0.0014201849656534093
TCF3,0.12465876906504506,0.013729783343043367,0.001986506485787548,0.00462475712204416,0.0008743180931203576,0.8541258658909595,0.007485581700952065
PLEKHJ1,0.06433984722709753,0.008620238876464612,0.00386765272473584,0.001507967816173711,0.00013039343710785634,0.9215338999184205,0.005506013978017407
LSM7,0.20839283370557776,0.03526934708632795,0.007474522891355362,0.004335992298998115,-0.002687491393852659,0.7472147954115935,0.009123023796500818
TMPRSS9,0.15015097291842877,0.016716931590520956,0.0070390492554342765,0.0006162727327937434,0.004115255377004884,0.8213615181258174,0.011770577365232904
TIMM13,0.1557140981618907,0.027724425150235155,0.002006686688075743,0.0011466851154775803,0.0007936705249884657,0.8126144343593323,0.003947042328541789
GADD45B,0.08945345805834133,0.02246630074448705,0.021659944754414545,0.014066654074885054,0.00805984934379124,0.8442937930240808,0.04378644817309084
SLC39A3,0.19228811572467866,0.033989817768916186,0.003969535634048643,0.0015561412330612479,0.0003341159695988416,0.7678622736696964,0.005859792836708733
SMIM24,0.41208367009476204,0.024125142011390432,0.001118867078536423,9.015471788553775e-05,6.503660020867885e-05,0.5625171294972169,0.0012740583966306396
MATK,0.20387214593632924,0.012679980799390533,0.001395719101544124,0.000610230555447483,0.0001396606754126284,0.781302262931876,0.0021456103324042353
MAP2K2,0.10456089859413317,0.010336951275830647,0.009366322039005115,0.0053870270391807445,-0.0014621507760225055,0.8718109518278728,0.013291198302163354
TMIGD2,0.1312683479674791,0.00536857415413014,0.0003407453747447109,0.00024750058601485936,-1.7692977395705745e-05,0.8627925248950269,0.0005705529833638645
CHAF1A,0.08153388678351409,0.007729357684529925,0.0019203414876708402,0.0014080642498807833,-0.00040539079035119274,0.9078137405847555,0.0029230149472004308
UHRF1,0.12434266535266333,0.019588945959284454,0.002700024603715462,0.002147918122306053,-0.0007884544366662805,0.852008900398697,0.004059488289355234
RPL36,0.5124941514739977,0.07470184483365505,0.016924082939256513,0.014057187018575834,0.00040984055745008074,0.38141289317706484,0.03139111051528243
KHSRP,0.0538149434864477,0.006618933824726191,0.002201699653235578,0.006063274091913734,0.00341396015768497,0.9278871887859919,0.011678933902834282
RETN,0.16022154883969258,-0.008910296775327758,0.02357797989256133,0.002201105216752597,-0.0003674482077103136,0.8232771110340316,0.025411636901603613
FCER2,0.0062490034755220344,-0.0006155658633340295,0.005422988068597232,0.0011801922727730629,0.0017350307812916375,0.9860283512651501,0.008338211122661933
TGFBR3L,0.02601185187921209,0.002146210485452882,0.0007767916645629695,0.0006829999383854909,8.28292815031259e-05,0.9702993167508834,0.0015426208844515864
CD320,0.18313492212544913,0.02905286857256084,0.001427955329538183,0.0005033820498470398,0.0007177436230570711,0.7851631282995477,0.002649081002442294
HNRNPM,0.11198206655456247,0.015430297226822154,0.005931718654764662,0.005090594454420144,0.0008255637888737732,0.8607397593205568,0.011847876898058579
PPAN,0.0454176023707155,0.006780115419500132,0.001567250940102502,0.0006037299259133017,0.0006243462214068976,0.9450069551223617,0.0027953270874227013
DNMT1,0.14660259048263755,0.011940862719796996,0.0023039796271634994,0.0017205272380959868,-0.0004312340208995624,0.8378632739532055,0.0035932728443599238
MRPL4,0.08729128745331673,0.017835505469246685,0.002541165435569509,0.0027447157252963594,0.0003236627183635099,0.8892636631982072,0.005609543879229378
ICAM4,0.07610475022430725,0.005973420372636373,0.0019155326028740954,0.002128547848650672,-0.0003222411425496674,0.9141999900940813,0.0037218393089751
QTRT1,0.0722106246561839,0.015913411080377263,0.0018958259769297214,0.00023393537986403368,0.001437880660457136,0.908308322246188,0.003567642017250891
SPC24,0.19916510720373412,0.012528915928288337,0.0018533217919403655,0.0014553545924085032,0.0001419194737793672,0.7848553810098493,0.003450595858128236
KANK2,0.09678167156814996,0.028052389231842,0.0031742758506197177,0.004210860979201259,-7.673205563063501e-05,0.8678575344258177,0.007308404774190341
EPOR,0.28239832191026704,0.02026737651832128,0.002589939904690919,0.006891059016079781,0.00027167214781986804,0.6875816305028211,0.009752671068590568
PRDX2,0.7226555233921137,0.08837545106115063,0.0018329697888119778,0.0004238196791780391,0.0009956756409045253,0.18571656043784113,0.003252465108894542
KLF1,0.5777920807132374,0.07088181716614572,0.0026223419259658876,0.0024441423837654463,0.0003030504355436836,0.34595656737534186,0.0053695347452750175
FARSA,0.05100110434725083,0.004355350885767224,0.0011044456765871014,0.0034247095508485037,0.0050314171286067536,0.9350829724109396,0.009560572356042359
CALR,0.1646182972098168,0.016213485075203343,0.005856637669405668,0.006533582204463789,0.000810892534738844,0.8059671053063715,0.013201112408608301
RAD23A,0.34865018505156875,0.06353512211447532,0.005765271575161324,0.013412499776619069,-0.0005184324486605107,0.569155353930836,0.018659338903119882
GADD45GIP1,0.14607826448630504,0.022513850010227404,0.0047341057078126025,0.0014840324411466432,-0.0004757764837721168,0.8256655238382804,0.005742361665187129
NFIX,0.3289062315023272,0.084338008248384,0.0026080702229033803,0.004073926034525555,0.00044193737431036384,0.5796318266175495,0.007123933631739299
SAMD1,0.08228308179585699,0.010122656155687082,0.0036901179138771056,0.0035991332092795425,-0.0004167555791353833,0.9007217665044347,0.006872495544021265
ASF1B,0.06989375646478511,0.006587653374868621,0.001248409632981548,0.0019130761302233595,-0.00034945858361006,0.9207065629807514,0.0028120271795948476
DDX39A,0.08079083917013843,0.010374467372946741,0.0035566360799201835,0.0030591360619474373,-0.0002599082633862465,0.9024788295784334,0.006355863878481374
ANKLE1,0.20724420842952618,0.018918050246455598,0.0018240085353470048,0.0037480110387089205,3.848591533323065e-06,0.768261873158429,0.005575868165589248
NIBAN3,0.007752157319189013,0.001223569587941056,0.0014682789452683375,0.0004773407018434754,0.0001290184514355381,0.9889496349943225,0.002074638098547351
RPL18A,0.5826405324637157,0.11821472551273171,0.0022087966000610137,0.0006226098637132083,0.0016084778948096679,0.2947048576649687,0.00443988435858389
LSM4,0.11110705068641889,0.017377883477202663,0.007549649606541475,0.004226572520331595,-0.0017686823612690639,0.8615075260707744,0.010007539765604007
ISYNA1,0.1413587115657905,0.021096233975064382,0.000992484622927059,0.0007251773901168213,0.0015276806000027732,0.8342997118460984,0.0032453426130466534
NR2C2AP,0.05323168549229281,0.009548515940841253,0.0009197295025006463,0.0006746423135891577,0.00014153214568439487,0.9354838946050917,0.001735903961774199
AC010615.2,0.13760640746093655,0.02039703357772127,0.0028559811738574636,0.0018521352106844746,7.634139806533824e-06,0.8372808084369937,0.004715750524348472
ZNF208,0.034493400160342254,0.0016822044262426311,0.00041026207498492256,0.0001572270227983008,0.00010022541360549253,0.9631566809020264,0.0006677145113887159
CCNE1,0.2676851036379062,0.025072026244683965,0.0018920011737968978,0.0011491339952572344,0.0005473632292242181,0.7036543717191315,0.0035884983982783503
PDCD5,0.10472803311820371,0.01785956183753859,0.006651216363047885,0.0036361167018820473,-0.002926543805703244,0.870051615785031,0.007360789259226688
UBA2,0.06542308495319385,0.011539118341730784,0.005441845095830483,0.0025007790024255683,0.0003076349375554649,0.9147875376692638,0.008250259035811516
SCN1B,0.0034701443142558137,-0.00015908456327342084,0.00024236820164330857,0.0001782450614516715,0.00045386096264539736,0.9958144660232773,0.0008744742257403774
FXYD7,0.004746656254570939,-6.010955565964246e-05,0.00016456996992690598,8.714832823370107e-06,0.00021623613454623512,0.9949239323637922,0.0003895209372965112
CD22,0.005209637619876805,-0.00011176755589464935,0.0005525805891357068,0.0002957583106842068,0.0005858117884798833,0.993467979247718,0.0014341506882997969
POLR2I,0.1792974268347261,0.018104988669174926,0.0034556245659877194,0.0033370847961407824,0.0009982332332736932,0.7948066419006967,0.007790942595402195
ZNF850,0.04146766267525387,0.008799457596385195,0.0013547248588431302,0.0004018714085010852,0.000278472923526632,0.9476978105374901,0.0020350691908708474
ZNF829,0.013551739239550402,0.003093112978366343,0.0006749904115822998,0.0002469244813653737,-6.604487296029554e-05,0.9824992777620959,0.000855870019987378
SPINT2,0.12210779390991684,0.01713076759523359,0.010615967886842825,0.004998995897415565,-0.0026806666928985146,0.8478271414034897,0.012934297091359875
PPP1R14A,0.2574606039950048,0.023232999159436607,0.0005515739694699207,0.0003960851628792006,0.00019331556799895289,0.7181654221452105,0.0011409747003480741
ECH1,0.09661060558301765,0.013247585043682425,0.0012907432712756794,0.003583163157851857,0.0018049293478283046,0.8834629735963441,0.006678835776955841
PLEKHG2,0.016995603027375628,-0.0007091826360803889,0.018536792487815236,0.0068954520414848675,0.012262098686898544,0.9460192363925061,0.03769434321619865
RPS16,0.543106122247528,0.10667291575184146,0.00614287137494518,0.0008270868307340695,0.0016901929127085547,0.34156081088224277,0.008660151118387804
FBL,0.18021354563558112,0.033401460724506504,0.004901257457459479,0.002214441180063781,-0.00018595436933396825,0.7794552493717231,0.006929744268189292
BLVRB,0.5282291809453733,0.0575515846272715,0.003930421743922441,0.00020688321228257145,2.75750631671956e-05,0.410054354407983,0.004164880019372208
SNRPA,0.07451998301765829,0.009571605992988189,0.0007480342677803481,0.003224025660713642,0.0038644004379205926,0.9080719506229389,0.007836460366414583
AXL,0.0002734871189597238,0.00014524178009508147,0.0012807676532402572,3.3985553340316974e-05,0.0004037556872700206,0.9978627622070946,0.0017185088938505948
EXOSC5,0.05753020470516124,0.010023987789249685,0.002194871000105597,0.000778238554416999,-0.0004806873701876935,0.9299533853212542,0.0024924221843349026
CD79A,0.009846614242447378,1.9309055373941883e-05,0.0007430088674553383,0.0007508384791530334,0.0011483309843441265,0.9874918983712262,0.0026421783309524983
PAFAH1B3,0.20519937080954137,0.027616766116435848,0.0008736716394025512,0.0005979238263816855,-7.152507236868333e-05,0.7657837926806073,0.0014000703934155534
BCAM,0.0679601556118563,0.007343652580968446,0.0033375388101928166,0.0029122722771579568,-0.0005126095889991938,0.9189589903088237,0.0057372014983515796
TOMM40,0.12369291544726119,0.018859109917226502,0.0026608155426245395,0.0013826009128992955,0.0003746863709341297,0.8530298718090543,0.004418102826457965
APOC1,0.43044260916313126,0.05714758798317321,0.0034779699520385288,0.0026859474162996833,0.0006490614190077237,0.5055968240663495,0.006812978787345936
KLC3,0.06979765931472434,0.02387426694687425,0.0008557970659967828,0.002718005608058363,0.0004464383692854429,0.9023078326950609,0.004020241043340589
CD3EAP,0.0386708415376605,0.006636673366043608,0.0009018545681563905,0.00042889670825013715,0.00013790988924483605,0.9532238239306445,0.0014686611656513637
PPM1N,0.09890163354399638,-0.0004796474074913182,0.04996742280906041,0.005916646726389391,0.03911991630242108,0.8065740280256241,0.09500398583787088
EML2-AS1,0.020346213729639424,-0.00032354308066374904,0.0027571447486958306,0.00026530716335382634,0.0014710893766815246,0.9754837880622932,0.0044935412887311815
C5AR2,0.03821233183003268,0.0013362984872804726,0.0015188459982886024,0.0013602862270060967,0.002924202122346113,0.954648035335046,0.005803334347640812
LIG1,0.14575231988080523,0.013284181132556139,0.0006451165418313864,0.0009010377755180043,-0.00048265216592799365,0.8398999968352172,0.0010635021514213971
FUT1,0.06552659494251575,0.007441723588964291,0.0014987662880560082,0.00012818900903383001,0.0009234397308402476,0.9244812864405899,0.0025503950279300858
RUVBL2,0.1161837675971955,0.014651429982077094,0.0016428580225101574,0.0003789863679119765,0.00017981355782589747,0.8669631444724794,0.0022016579482480314
RPL13A,0.6000409861184037,0.09712673683027084,0.006806810975226396,0.001102570836323702,0.0027045341551222846,0.29221836108465304,0.010613915966672383
PRMT1,0.15579170583936228,0.0260861041371504,0.0016281244431227415,0.0013835714501460872,0.0011670020851178853,0.8139434920451006,0.004178697978386714
POLD1,0.03923189672475168,0.008710408412942558,0.0011932364060520395,0.0017206252811642134,0.001270901245356247,0.9478729319297332,0.0041847629325725
SPIB,0.005610948489030096,0.0002029599533586255,0.0010598111249384016,0.00015466431596892777,0.0007134538066895799,0.9922581623100144,0.0019279292475969092
CLEC11A,0.22772703911804215,0.016820573197831867,0.0013055316869809985,0.001170606195694146,0.00025757895082684223,0.7527186708506239,0.002733716833501987
C19orf48,0.2573130245710486,0.03267024148270892,0.002741344989074024,0.0007671151753598782,-0.000641375825386814,0.7071496496071954,0.002867084339047088
ETFB,0.10784685786685544,0.01079730396256183,0.007430279676474819,0.0011504856433336152,-0.0006429036917806885,0.8734179765425549,0.007937861628027745
NKG7,0.09331743141114432,0.004779200789617327,0.007538640855720299,0.0017379248631850391,-0.0010016677099605187,0.8936284697902935,0.00827489800894482
SIGLEC10,0.1847104972321945,0.00945677163032041,0.002053852680816287,0.000789641975697003,0.001172108887494555,0.8018171275934772,0.004015603544007845
SIGLEC6,0.004950599872358122,0.00017079280069221946,0.00020654938373504145,3.395287445493063e-05,2.5878313393543767e-05,0.9946122267553661,0.00026638057158351585
LILRA4,0.002207815632138387,0.0003732145275804331,0.0009924237336233236,0.00018108085470911915,0.0001463513294947651,0.996099113922454,0.0013198559178272079
LAIR2,0.003508321548972247,-1.4693518955151506e-05,0.004021979017079251,1.6457233422384823e-05,0.0019480147500914244,0.9905199209693898,0.005986451000593061
TNNT1,0.015992810042817406,0.0064886701817881,0.005616520042605835,0.00017669304201597263,0.0008809161215361724,0.9708443905692365,0.0066741292061579804
UBE2S,0.379780632836425,0.01024091745658795,0.0030040336451361838,0.00866948663785927,0.004686837606003025,0.5936180918179885,0.016360357888998478
ISOC2,0.15030567705668957,0.027683126717384293,0.002560782717135751,0.0007395072645246248,0.0007731402065931647,0.8179377660376725,0.004073430188253541
ZNF667,0.08238702447649932,0.014133689102454716,0.000977665928331442,1.3385209713612234e-05,0.0008336271176144355,0.9016546081653865,0.0018246782556594898
ZNF667-AS1,0.14607085792447105,0.02917308103658328,0.0015794729068100422,0.00024087866360589238,0.0019477668224771316,0.8209879426460526,0.003768118392893066
ZNF749,0.04487456374849126,0.011159500898327554,0.00831627889295538,0.0001353740183597657,0.001810201401687063,0.933704081040179,0.010261854313002208
RPS5,0.40016157475715486,0.06918731039720288,0.0032195223918888294,0.0037773744805330023,0.0025591237349749663,0.5210950942382455,0.009556020607396798
SLC27A5,0.10015824020041267,0.01728175782528421,0.00025395963445781766,0.0002935214483378995,0.00044216581704306646,0.8815703550744644,0.0009896468998387836
TRIM28,0.08862802608421656,0.015180973981688523,0.0028164843006189266,0.005994309650569435,0.0033162215119519195,0.8840639844709546,0.012127015463140281
UBE2M,0.08648150545928321,0.011075872442003018,0.003782451177543486,0.003863307716159739,-0.000286992175498324,0.8950838553805088,0.007358766718204901
SOX12,0.0760191524753138,0.01972646174886067,0.0015888100097063013,0.00018767907882880075,0.002185099851105682,0.9002927968361848,0.003961588939640784
SNRPB,0.17662373887199206,0.023205557472040284,0.011070946393596987,0.005760615819022208,-0.0004759321864849231,0.7838150736298334,0.01635563002613427
NOP56,0.1380583748415098,0.023611612042558072,0.0026361401354891845,0.0018943358985649417,0.00021814007956572068,0.8335813970023123,0.004748616113619847
CPXM1,0.16034575782380645,0.01740501604841327,0.0012254055729410962,0.0004455880353049779,0.00047024832129655136,0.8201079841982377,0.0021412419295426255
MRPS26,0.10011063528216402,0.015045823285243815,0.0016026310505471847,0.0007800246831413393,-0.00032736127231942913,0.882788246971223,0.002055294461369095
AVP,0.4357834703137166,0.025083157991306282,0.006890726613907938,0.00015435713496275705,0.003948016826947731,0.5281402711191587,0.010993100575818426
CDC25B,0.023384781081745465,-0.00020675623576766472,0.0011381391077303071,0.0015685933999608423,-0.00017189871796701936,0.9742871413642981,0.00253483378972413
SMOX,0.0944265478027975,0.0274931936434928,0.003809676231685183,0.004004107238626459,-0.0002931615576822061,0.8705596366410803,0.0075206219126294355
PCNA,0.29443655135192565,0.03197845393885562,0.00730030875194837,0.004105141091462372,-0.0034312538625997924,0.6656107987284078,0.00797419598081095
MCM8,0.04283010479818848,0.009496520111675857,0.0037967251154253506,0.0007141238534850089,-0.0002552104916059214,0.9434177366128312,0.004255638477304438
CRLS1,0.05039938165756637,0.007016363120075586,0.005530781870086862,0.004610624823856678,-0.0007442914845158174,0.9331871400129303,0.009397115209427723
ESF1,0.060216328506510174,0.014884489681732845,0.004691619311484624,0.0015672038405297184,0.0007301323928830122,0.9179102262668596,0.0069889555448973545
DSTN,0.08868511683799365,0.01773787176420677,0.006916464456467972,0.004080984702322252,-0.002331022810130687,0.88491058504914,0.008666426348659537
DTD1,0.06460012713701639,0.010222728936222919,0.00366352602218796,0.0023238425107222765,-0.0010871953769526765,0.9202769707708032,0.00490017315595756
THBD,0.005572908230437152,0.001443362996490975,0.00220547775024392,0.0001923123191597334,0.0004976152493495149,0.9900883234543187,0.002895405318753168
CST7,0.15778726805935447,0.006874001181143119,0.00411042938017428,0.001232206305377237,-0.0009273706466517428,0.8309234657206026,0.004415265038899774
ACSS1,0.0523072576760625,0.009766676369885638,0.0015442198492842674,0.002190433384335444,0.0030730765265587975,0.9311183361938733,0.006807729760178509
GINS1,0.08165347742579016,0.01211025101935162,0.0008579315956894207,0.00041177929461694296,-0.00015638904468910642,0.905122949709241,0.0011133218456172572
ID1,0.009075921945981644,0.0006717331100859741,0.0054372705902078,0.0024602402349028878,0.005115894424148218,0.9772389396946735,0.013013405249258906
BCL2L1,0.30709297455161244,0.09628568671008103,0.0025602706070950165,0.007181978733444172,0.0019507225740757472,0.5849283668236915,0.011692971914614936
TPX2,0.4018381164757505,0.024642713623182766,0.0010719833556040448,0.001091110651620819,-0.0004604002275480634,0.57181647612139,0.0017026937796768005
E2F1,0.09857131515992207,0.011820623854103873,0.0011590245006534716,0.0015405298798500527,-0.0001805694368409716,0.8870890760423115,0.0025189849436625528
AHCY,0.09344322339838777,0.021087414227137488,0.003657971385701758,0.0010339189145853744,0.0012548986083997932,0.8795225734657878,0.005946788908686926
DSN1,0.09904876676774375,0.013650293864664459,0.001533406079522917,0.0014674404260825447,0.0004514550075799678,0.8838486378544064,0.0034523015131854295
RBL1,0.07364720765735033,0.009051796898367326,0.0027802646859474145,0.0009544427322020349,-0.00041216569775226475,0.9139784537238852,0.0033225417203971847
CTNNBL1,0.06243920698935167,0.006610425804704542,0.003091471058523948,0.0017225611804218693,0.0007006878409757389,0.9254356471260222,0.005514720079921556
SNHG17,0.04759752525236238,0.009103554307145392,0.00749395049862582,0.0010125556385357504,0.002423571177159467,0.9323688431261712,0.010930077314321038
FAM83D,0.13535092946094118,0.017624059608901482,0.0018636697308790917,0.0013700050233039218,0.0011456939337169125,0.8426456422422575,0.004379368687899926
MAFB,0.17368419855920422,0.036521949264548936,0.01239628569530385,0.0031835554023172674,0.007620447585316853,0.7665935634933089,0.02320028868293797
MYBL2,0.3336152320090458,0.022751982902633416,0.0012385575483671585,0.003028964276425905,0.00027065770266049283,0.6390946055608673,0.004538179527453556
TOX2,0.002213923568645702,-6.713215630416028e-05,0.00010640250131989165,7.962566729133097e-05,0.00017973023572404262,0.9974874501833232,0.00036575840433526524
PKIG,0.2646171268924647,0.04200486795067271,0.0018217679652568486,0.000582120052238233,0.0014076685415616574,0.6895664485978059,0.003811556559056739
ADA,0.13830439735651723,0.008708917683036888,0.001522808118272767,0.00041763866106980796,-7.355729473082495e-05,0.8511197954758342,0.00186688948461175
UBE2C,0.22463397626971124,0.018098153146968943,0.0012378517433651037,0.001266752054718212,-0.0005374234654271226,0.7553006902506636,0.001967180332656193
PLTP,0.047937587093408424,0.008422950710151478,0.0008016059150622173,0.00028168144077760776,0.0011051091653294515,0.9414510656752708,0.0021883965211692766
TP53RK,0.03636001123409763,0.006544870665778177,0.0009912241556124038,0.001535681442902892,0.0007112908367236243,0.9538569216648852,0.00323819643523892
ZMYND8,0.09124312475116184,0.015021440571818506,0.003967051683913536,0.0035832194791667327,0.0016386896514227894,0.8845464738625166,0.009188960814503058
LINC00494,0.00033686553443547677,4.806934891025472e-05,0.0007324352480595396,1.157129738549225e-06,0.0003261318776285113,0.9985553408612277,0.0010597242554266002
CSE1L,0.043502300060612197,0.006070163661417417,0.0015075682554998651,0.0016070454497519385,0.0016476893653721084,0.9456652332073465,0.004762303070623912
ZFAS1,0.31044624611293226,0.046355590017894244,0.021044466090205105,0.009920294901689664,-0.0029139025790468343,0.6151473054563256,0.028050858412847934
SMIM25,0.26390641379878876,0.028466197688476302,0.003147691684221854,0.00476229322180155,0.0037966891976173867,0.6959207144090942,0.01170667410364079
NFATC2,0.07116637642675,0.01633475630472779,0.0017523418709289723,0.0001794260139586501,0.001554108572425994,0.9090129908112086,0.0034858764573136164
FAM210B,0.4593648787328658,0.08657735120060084,0.0021568512487017966,0.003959936302897038,-0.0003379866734399828,0.4482789691883745,0.005778800878158852
AURKA,0.21084985257327382,0.01641292116799789,0.0013045161460409627,0.0017445892523502982,-0.0002044622068368973,0.7698925830671739,0.0028446431915543635
RBM38,0.2934970865254646,0.09677469413027551,0.007358049158926794,0.01291157816033034,0.0027131839720789808,0.5867454080529237,0.022982811291336114
TUBB1,0.12855728567066782,0.009175489084452426,0.0013002346191951786,0.003999163874504552,-0.0003196209421451879,0.8572874476933252,0.004979777551554543
RPS21,0.468142814075469,0.07518949403956343,0.0493609045761535,0.03569507376857228,-0.019044607443254202,0.390656320983496,0.06601137090147158
PPDPF,0.15790947676978773,0.012468281961879102,0.023084073202082528,0.010982478740249407,0.03300300009613069,0.7625526892298705,0.06706955203846263
LIME1,0.037466388722838063,0.0014853857000029225,0.0008166491537418968,0.0009519577281828645,0.0008985738003367341,0.9583810448948975,0.0026671806822614955
SLC2A4RG,0.1475044555762831,0.008068603049270873,0.002162825765679527,0.002957238512867527,-0.0007976951622249984,0.840104572258124,0.004322369116322056
LKAAEAR1,0.06298545544905808,0.004265494841259612,0.0014034433272742397,0.00029995903551501,-0.00018643543488042202,0.9312320827817735,0.0015169669279088277
MYT1,0.056019656517983726,0.005334848373497167,0.0009287588447555173,0.0019283651985990205,-4.631812799284207e-06,0.9357930028779639,0.0028524922305552536
NRIP1,0.1183792783600531,0.003909181454126109,0.004386619044771833,0.002533311568827107,0.003589021979173379,0.8672025875930485,0.01050895259277232
AJ009632.2,0.2829299321223687,0.02121702336318171,0.007506488916701803,6.816901617900939e-05,0.004664342627956453,0.6836140439536122,0.012239000560837265
MIR99AHG,0.08237678121669903,0.008082406344195908,0.004292340505642561,0.0006633152669057035,0.0019187737240223268,0.9026663829425344,0.0068744294965705915
BTG3,0.2316441423034878,0.01057634708844113,0.005269696554050851,0.004051422455164405,-0.00232104631450461,0.7507794379133604,0.007000072694710646
LINC02573,0.18274698946931703,0.0171212484271758,0.0026088155141694713,0.0004921577675330857,0.0007809941525143416,0.7962497946692902,0.0038819674342168986
MIR155HG,0.0873841113359454,0.007216502502652156,0.0016017490397527978,0.00025147112228239565,0.00039643451298007615,0.9031497314863872,0.0022496546750152696
MRPL39,0.07514711465600442,0.008783314973593623,0.003059898662354385,0.001426271408897159,-0.0009896129621657368,0.9125730132613161,0.003496557109085807
CCT8,0.12304118376041982,0.01589298564524612,0.0031625261193493626,0.0036744843714253406,-0.0009982256638706444,0.85522704576743,0.005838784826904059
SOD1,0.22118861513591886,0.029528997470486262,0.009293239092589722,0.006203045501116722,-0.0031318054682012986,0.7369179082680897,0.012364479125505146
MIS18A,0.14158429436981426,0.021833638327156152,0.0006169882661656578,0.0009355082355414768,0.0007536590200305504,0.8342759117812919,0.002306155521737685
CFAP298,0.08305018780735021,0.01533549597399661,0.002539339473386318,0.000963952668896248,-1.0993830396946458e-05,0.8981220179067676,0.0034922983118856193
GART,0.07442840964564684,0.012748924460558017,0.0021451516718068997,0.002088535509760417,0.0012973581339236206,0.9072916205783041,0.005531045315490937
ERG,0.2129002922783237,0.019255124103912724,0.001848442113828841,0.0002707239152657803,0.0006005901864335195,0.7651248274022354,0.0027197562155281407
PSMG1,0.20313574661270026,0.026799775802651943,0.005489740090445672,0.0031688450421040737,-0.0018989015708203993,0.7633047940229185,0.006759683561729346
HMGN1,0.2589016652042154,0.04915340963548365,0.011423121510159007,0.00614658980015792,-0.003945206460416961,0.678320420310401,0.013624504849899965
MX1,0.04749119018024235,0.033280511592335166,0.060611084580410673,0.0009471977942320797,0.029389044037806747,0.828280971814973,0.0909473264124495
WDR4,0.036244641634998506,0.006224994899624255,0.0008887911498298429,0.0003710512969159821,0.00037863519998723033,0.9558918858186441,0.0016384776467330553
RRP1,0.05178266411859127,0.009321804508635997,0.000987124989735251,0.000658671126299297,0.00012303587259583637,0.9371266993841424,0.0017688319886303844
FAM207A,0.0451314437154265,0.008648942868772463,0.00247954883755349,0.000588295929697856,0.00026382497283038847,0.9428879436757193,0.0033316697400817344
COL18A1,0.09241457791131298,0.008139426064303928,0.0009262468317819961,0.002313233033302081,0.0018663380726765821,0.8943401780866225,0.005105817937760659
COL6A2,0.0024079506793901195,6.498080857973796e-05,0.00024924277704110875,0.0004918165156256892,0.00018037080556572828,0.9966056384137976,0.0009214300982325263
C21orf58,0.269693608913975,0.019908625689920356,0.001973604696825837,0.0019035253851595324,0.0003694660475108136,0.7061511692666085,0.004246596129496183
S100B,0.01236396541279672,0.000631764445593725,0.0011987395150142906,0.0002302554882493528,-0.0001548463703294166,0.9857301215086753,0.0012741486329342269
CDC45,0.11801913566995284,0.014808690075082953,0.0021188488044045495,0.0009330199066026612,6.882759776127845e-05,0.8640514779461957,0.003120696308768489
GP1BB,0.21562585603640202,0.02108418162103609,0.001304719856338149,0.00016490374432329147,0.0015453531989030322,0.7602749855429974,0.0030149767995644727
RANBP1,0.2607535298327823,0.040671987314187974,0.0065842476977054365,0.00397892599046612,-0.0011044381255193025,0.6891157472903775,0.009458735562652254
VPREB1,0.0308323996224834,0.004727717117351524,0.0037305836173382803,9.705826296860925e-05,0.0005814426239523218,0.9600307987559059,0.004409084504259211
AC245060.5,0.02726919884505621,0.0032848615486447234,0.005153215500030804,0.0037234016450292465,-0.0014313890131203016,0.9620007114743593,0.007445228131939749
IGLC1,0.0010429357770098818,0.0004949973093570567,0.018534668611410628,0.015347942960439977,-0.010876833362168867,0.9754562887039513,0.02300577820968174
IGLC2,0.0030240340981401923,0.000998607918104472,0.039404759672107,0.03640845035566828,-0.027823414715328613,0.9479875626713087,0.04798979531244667
IGLC3,0.001830935005839555,0.0003281547153225774,0.011064250973319017,0.0032937488339592254,-0.0025373451162250364,0.9860202555877846,0.011820654691053206
IGLL1,0.2395594805756603,0.013855440159388388,0.0011265551972383658,0.00016971094881945703,0.0015019005273830266,0.7437869125915104,0.0027981666734408495
AP000345.2,0.006535791834359513,0.00030380227516253484,0.0004519582054285315,0.00021359556936899598,-0.00013709613418378796,0.9926319482498642,0.0005284576406137395
VPREB3,0.002843681938533066,0.001816861967919651,0.003976413561753853,2.248946729714249e-05,0.001790112840660686,0.9895504402238356,0.005789015869711682
DERL3,0.053746562382293674,0.0077588366688320295,0.001095232700260608,2.2469720386691927e-05,0.00010676377017793809,0.9372701347580491,0.001224466190825238
MIF,0.3225707489512519,0.05057331741448895,0.015118051577875213,0.003105775963084867,-0.0025360955407154884,0.6111682016340145,0.015687732000244592
SNRPD3,0.07564607199949594,0.014225805440160083,0.004248444715615501,0.0029071924337380622,0.005321704256903606,0.8976507811540868,0.01247734140625717
HPS4,0.04392770025029157,0.010886179998382817,0.002751891489669242,0.0010227999051558093,0.0010538046357111072,0.9403576237207895,0.0048284960305361585
XBP1,0.1290575285653199,0.0048002995046072805,0.01090861806091789,0.007721258085225863,0.0003181450742527625,0.8471941507096763,0.018948021220396516
EMID1,0.19331429759680097,0.024988184915046313,0.0015777775242274972,0.0009101317025772548,0.0021168980188306097,0.7770927102425174,0.004604807245635362
GAS2L1,0.023321810677969096,0.00040300194049662855,0.002213001461393773,0.0006091699557105347,-4.8436749773676097e-05,0.9735014527142036,0.0027737346673306316
NEFH,0.009228230895828603,0.002052493344876949,0.000802177879351669,0.00020671793647899193,1.2222905492241184e-05,0.9876981570379716,0.0010211187213229021
OSM,0.013941190169396019,0.0009104014394443749,0.004996498218816169,0.00253750891313723,0.00030430173215803026,0.9773100995270482,0.007838308864111429
MTFP1,0.061122164967332054,0.011405113785103324,0.0008609328250572257,0.0005488628960083064,0.0002848750850354548,0.9257780504414637,0.0016946708061009869
OSBP2,0.2578338890050709,0.060220101282381144,0.0058196316181508,0.01375066090325161,0.0024077764237254162,0.6599679407674202,0.021978068945127827
YWHAH,0.13258424303227384,0.0032598243089466405,0.006187604693299542,0.006343734950867236,-0.00042071662172707414,0.8520453096363398,0.012110623022439704
TIMP3,0.05492606048743863,0.009797079142312426,0.0035211594269101976,0.00019977519329487936,0.0004790199351783764,0.9310769058148655,0.004199954555383453
HMOX1,0.18746688814098347,0.04226337604061628,0.015316668875219042,0.0018662674031472148,0.0011516586343072732,0.7519351409057267,0.01833459491267353
MCM5,0.14958750996102352,0.02030908106886456,0.0016330609579153776,0.0033848814754220413,-0.00011337153311358206,0.825198838069888,0.004904570900223837
TXN2,0.09109380920704696,0.013079105053165091,0.0031339196460402063,0.001566210882792074,0.0007016200682792989,0.8904253351426764,0.005401750597111579
CSF2RB,0.03956953885230092,0.0077025181530396974,0.005535186113087058,0.0016977434336471683,0.001380102054816354,0.9441149113931088,0.00861303160155058
TST,0.13248221414571085,0.014706313253726677,0.0019239986472814607,0.0006242482393543358,0.0003088663751372456,0.8499543593387895,0.002857113261773042
MPST,0.14615140565069698,0.01812076179730257,0.004048301922559172,0.0018459520104775196,-0.00010595840488888952,0.8299395370238527,0.005788295528147802
IL2RB,0.0007687193823567246,-8.217344710821032e-05,0.000891588958153771,0.000192737419336965,0.0007844151136807548,0.99744471257358,0.0018687414911714908
LGALS2,0.10744625252727553,0.04494180766386875,0.034072851972740015,0.00047060278737887096,0.004649719271339864,0.8084187657773969,0.03919317403145875
PDXP,0.06191922047984009,0.01023297851601828,0.0006636659659691457,0.0007547526483977912,0.0009332831850704937,0.9254960992047042,0.0023517017994374306
H1F0,0.38189070318033963,0.03298375672337239,0.008564600223359975,0.0071619044048146785,-0.00487259870355905,0.5742716341716724,0.010853905924615603
GCAT,0.10979763621128155,0.015473995395503731,0.001150752262875726,0.0006539920913204433,-0.00012717342215004535,0.8730507974611685,0.001677570932046124
POLR2F,0.08302992240602503,0.013123097435848649,0.005988925290544414,0.004762416617286852,-0.001315941261395781,0.8944115795116908,0.009435400646435485
AL022322.2,0.009693534257615988,2.794017322023043e-05,0.00020063393855679866,9.339155253815061e-05,0.0002717928029449118,0.989712707275124,0.0005658182940398611
APOBEC3A,0.07327036275271476,0.05136791409666454,0.059089164274931355,0.0014719260445020532,0.023402700362420523,0.7913979324687668,0.08396379068185393
APOBEC3C,0.040489478035937346,0.005805283187645463,0.0035708865721626945,0.0033286178665708627,0.00482977057362681,0.9419759637640568,0.011729275012360367
RPL3,0.5246384859261572,0.08321593730600896,0.007877123493409077,0.0014550440113242358,0.0024247575431077806,0.3803886517199927,0.011756925047841094
SYNGR1,0.3091540562425176,0.04632373194132433,0.004401834127653603,0.0013329490191704707,0.0017243034937086121,0.6370631251756254,0.007459086640532686
ADSL,0.08567156260997462,0.016636075408331147,0.0026618463639812295,0.001695284415790893,0.00027114006929923606,0.8930640911326229,0.004628270849071359
ST13,0.10352901521689417,0.023852674234471294,0.008489295411440195,0.007397196553169977,-0.0010965664887093995,0.8578283850727337,0.014789925475900773
TNFRSF13C,0.0030614225744866157,0.00021582563390407398,0.0004747797772845638,0.00023993645624960196,0.00028980705495607354,0.9957182285031191,0.0010045232884902393
CENPM,0.26972164217625755,0.018420314197783172,0.003431582423200963,0.00038660942637869233,-0.00031995317325972383,0.7083598049496393,0.0034982386763199314
NDUFA6,0.10707486140279243,0.01083334005776479,0.005532301079069435,0.003930998182169493,-0.0014416026762786582,0.8740701019544825,0.00802169658496027
A4GALT,0.19152111599726782,0.02022070522781924,0.002409299645622698,0.002766600765079924,0.00329729180988908,0.7797849865543213,0.008473192220591702
SAMM50,0.07279879829332425,0.007323237324307563,0.0013857908392327922,0.0017166032749434956,0.0008142439617249003,0.915961326306467,0.003916638075901188
PARVB,0.09808693211662192,0.012553211031590544,0.0016715470552500777,0.002724646945178988,0.0009955318826367354,0.8839681309687217,0.005391725883065801
PPARA,0.024364725523199068,0.0032794353664696366,0.0015229433907379894,0.0004072362211369786,0.0013166313300815267,0.9691090281683749,0.0032468109419564947
GTSE1,0.20843748845772886,0.012930654202428116,0.000867292237225481,0.0012970491556923147,-0.0004134563494909427,0.7768809722964162,0.001750885043426853
MLC1,0.08552821211097973,0.01933963271641291,0.0013023608177262364,0.0014837125774216225,0.0019518071229703282,0.8903942746544892,0.004737880518118187
IL3RA,0.027223960795125006,0.0017796642210142662,0.0030368365522219012,0.00024359102372804864,0.00019953184000023536,0.9675164155679106,0.0034799594159501852
CLCN4,0.05055452117566489,0.008082656686381008,0.0008121457589814543,0.0007162534079989402,0.001466253060278977,0.9383681699106947,0.0029946522272593715
PRPS2,0.044597004567905316,0.010379125234699103,0.002257375334893119,0.0014742748960937455,0.0009699866864343737,0.9403222332799743,0.004701636917421238
OFD1,0.04385871587473087,0.009734184418562622,0.002969348584200608,0.0007940792744483144,0.0002561859568576963,0.9423874858911999,0.004019613815506619
PIR,0.11770020849341069,0.017792838184099866,0.0012485601953494685,0.0005745554483680138,0.0005915954443911076,0.8620922422343809,0.00241471108810859
RBBP7,0.12258212165284646,0.016274417084691323,0.005739654131330707,0.0037886247759634506,-0.0012224567486157356,0.8528376391037837,0.008305822158678422
PDHA1,0.11302377845342207,0.011738958224929666,0.0017066493506915636,0.0009294528474124708,0.0001266079133967618,0.8724745532101474,0.0027627101115007963
EIF1AX,0.1068781992249461,0.025852671550679218,0.03563512864677218,0.004746772311868597,-0.0040297070443950644,0.830916935310129,0.03635219391424571
SMS,0.06868057640584159,0.015083528966325324,0.005682198758286711,0.004118238479511871,-0.000848856321261568,0.907284313711296,0.008951580916537014
PRDX4,0.103827644480088,0.02011197751195011,0.0032122049624819515,0.0008592775206777425,0.0014308066602659458,0.8705580888645362,0.00550228914342564
CXorf21,0.06063753738070776,0.0005625736267117348,0.005449186577891091,0.00177064780852354,0.005395674302367537,0.9261843803037983,0.012615508688782168
XK,0.18868851517372803,0.021245732973068115,0.0028926438537754673,0.003451197773660125,-0.0004635944816441806,0.7841855047074124,0.005880247145791412
TSPAN7,0.015142774827303626,0.0031232365610010873,0.0034116684726005486,0.0017173911026132464,0.0006171056381373899,0.9759878233983441,0.005746165213351185
SLC38A5,0.2746640948674093,0.024125690664491106,0.0014192168265687033,0.0023795216916478457,0.0012258031625240196,0.696185672787359,0.0050245416807405685
GATA1,0.362096003031408,0.049287682703980096,0.001359656217757299,0.003310128233785292,0.0005718986705095519,0.5833746311425598,0.005241683122052143
PCSK1N,0.02409045538760091,0.005079869331449556,0.0012217139429294595,0.00011202776466550865,0.0005612505839223958,0.9689346829894322,0.001894992291517364
MAGED1,0.07071297100805052,0.015610243549024516,0.001221970317175733,0.00041286226755778144,0.00048525696962312126,0.9115566958885684,0.0021200895543566356
TSPYL2,0.019983493557513155,-0.0003053858734272351,0.0038009927881679784,0.0024093703260860584,0.003029250743902364,0.9710822784577576,0.0092396138581564
ALAS2,0.7268999493273243,0.16445878189338892,0.0010007114393552063,0.0015409902354410754,0.0008477833972071469,0.10525178370728339,0.0033894850720034286
USP51,0.04253739555648208,0.008409640240087925,0.0016473689372260084,0.00020622212339292678,0.001007914256202426,0.9461914588866086,0.002861505316821361
LAS1L,0.03791311449225063,0.0076082772212851535,0.0018357174239067575,0.001115613793908371,0.00034229180263752046,0.9511849852660116,0.003293623020452649
KIF4A,0.15949906763543364,0.010486970863236689,0.0008447401740660776,0.0006692405515606736,0.0003358100937643771,0.8281641706819385,0.0018497908193911283
ERCC6L,0.05982726366695809,0.007708350024426339,0.00024791894099360223,6.101843206388069e-05,0.0003724276682556954,0.9317830212673024,0.0006813650413131783
RPS4X,0.5015077398310607,0.1250171469128687,0.017661582597093384,0.001202737603587134,0.01008050499986457,0.34453028805552555,0.028944825200545088
P2RY10,0.03326801082004496,0.0009127723397516219,0.0030587207903150365,0.00024620542918261934,0.0017277989455486004,0.9607864916751572,0.005032725165046256
ITM2A,0.32625502353934877,0.04124213447091407,0.0030391841403537567,0.00043441379634628907,0.0003790241269959749,0.6286502199260411,0.0038526220636960207
HMGN5,0.3056708743947032,0.04167875848019442,0.004328315846717501,0.001439943255830578,-3.887270332492143e-05,0.6469209807258792,0.0057293863992231575
ZNF711,0.12303170678383046,0.012487283171648322,0.0022382848236174313,0.00017220865534114949,-5.535872136744335e-05,0.8621258752869301,0.0023551347575911374
RPL36A,0.4593624995372676,0.08097319904077904,0.04429087428176404,0.019081453575076734,-0.010419650216111354,0.40671162378122394,0.05295267764072942
TCEAL2,0.08255028839959011,0.004714329020447897,0.00241210413798236,0.00017276002842958604,0.0004888358899547279,0.9096616825235954,0.003073700056366674
BEX5,0.09336244335653382,0.007768955810751169,0.003105773278624935,0.00032260567487651937,0.0011089231095652297,0.8943312987696483,0.004537302063066684
BEX1,0.134133752486139,0.0065224778431550445,0.00475067417080266,0.00036762234007506334,0.0014101346579613039,0.8528153385018669,0.006528431168839027
BEX4,0.1525353714039218,0.017995958752520386,0.005667393326584613,0.0004472042307604174,6.374226055380627e-05,0.823290330025659,0.006178339817898837
BEX2,0.3725092549245784,0.02371578928332857,0.002764745519910461,0.00034382262696930344,0.00043008263925770063,0.6002363050059556,0.003538650786137465
TCEAL9,0.18454091498612277,0.031123292756659454,0.0034342600581606098,0.0007660280421980525,1.6537956926049313e-05,0.780118966199933,0.004216826057284712
BEX3,0.40477184256440935,0.04293620908137058,0.0021157296297427686,0.0008571214295705065,-2.305888493142616e-05,0.5493421561798382,0.002949792174381849
TCEAL4,0.13802572548306305,0.016021853898203348,0.003384414393213936,0.0006863872334684773,0.00022919633458981514,0.8416524226574613,0.004299997961272228
MORF4L2,0.06336584265652925,0.013947374125935719,0.004816456751467579,0.0034178998978167258,0.0016226601993949014,0.9128297663688558,0.009857016848679206
PRPS1,0.09729901948680647,0.011597339410017435,0.0028108120906012862,0.0017397031094264354,0.00037006641368456106,0.8861830594894639,0.004920581613712283
KCNE5,0.1276247981409811,0.0053529459127409085,0.000756204565009716,0.00015263332900022908,2.0660258746391102e-05,0.8660927577935217,0.0009294981527563362
AMMECR1,0.1707654312240328,0.012031803954467485,0.001662920519909572,0.001388161817879624,0.0004251290646737349,0.8137265534190368,0.003476211402462931
SLC25A5,0.16261664743727172,0.031009043472894404,0.02390289774342591,0.009162006375301596,-0.004986684666393654,0.7782960896375,0.028078219452333852
SEPTIN6,0.2025745918089393,0.01713152563259121,0.0022247411643337156,0.0015243145912140488,0.0005520156641083962,0.7759928111388134,0.004301071419656161
UPF3B,0.05686094967123704,0.010215328709352108,0.0019970702885687974,0.00048366822323107905,2.7808207393523188e-05,0.9304151749002174,0.0025085467191933997
SH2D1A,0.0010808091812691321,0.0002288614712823683,0.0005630513903867526,0.00019805349508787012,8.910456000525225e-05,0.9978401199019686,0.000850209445479875
FIRRE,0.10904580942133867,0.025160276239313425,0.0019556982607619455,0.0002891131903367261,0.0014482944477826332,0.8621008084404667,0.003693105898881305
PHF6,0.10459127544050342,0.017817604345447643,0.002385008262238808,0.0011410643846522517,0.0005196044426728358,0.873545443124485,0.0040456770895638955
HPRT1,0.12757591010317787,0.023156189341367234,0.008127399636965182,0.004551286039840452,-0.0015389641407776988,0.8381281790194269,0.011139721536027936
MIR503HG,0.004579816166895387,0.000620797984384372,0.0012767711831454783,0.0009383429775476669,-0.000162038163023695,0.9927463098510508,0.0020530759976694502
SMIM10,0.31880598766101487,0.055955097709556145,0.0028863518080669004,0.0009165493248559642,0.0015511305134504605,0.6198848829830557,0.005354031646373325
FHL1,0.17684351791273697,0.015190303093954666,0.0019508842301168006,0.0005410205480837482,0.001912462919774316,0.8035618112953336,0.004404367697974865
MAP7D3,0.05745550936776851,0.010005380304020331,0.003234653076971114,0.0009999121324097415,-8.630219081778856e-05,0.928390847309648,0.004148263018563067
HTATSF1,0.06085730181147392,0.00888108957954567,0.002956366224105292,0.0018553818885788803,-0.00037647726880941923,0.9258263377651057,0.004435270843874753
LINC00892,0.0004510110453681829,-5.00455708505286e-07,0.00036537961335832234,0.0004346322792594718,0.00013953473021056267,0.9986099427875119,0.0009395466228283568
CD40LG,0.025738935252297736,0.0036800608863027454,0.0007081490741782763,0.00012092482642095739,0.0006488227245171375,0.9691031072362831,0.0014778966251163712
HMGB3,0.2896430009083968,0.02374939099115353,0.002663466865930053,0.0011457666883949447,-0.0007600036677722355,0.683558378213897,0.0030492298865527623
SLC6A8,0.1696035978552784,0.02875606316096141,0.001748518189448267,0.004946927172672894,0.0008781892933311386,0.7940667043283078,0.007573634655452299
TKTL1,0.0008716535327752071,2.1126050126679392e-05,0.0005298300206806276,2.572401843206444e-06,0.00024674000691305396,0.9983280779876612,0.000779142429436888
RPL10,0.631644244553701,0.1373814947992823,0.0025374591359106358,0.003418228480558061,0.0018850746921958983,0.22313349833835205,0.007840762308664595
LAGE3,0.179814637149839,0.02281027794975582,0.0012802987856308234,0.0009423483917759545,0.0001673055433834003,0.794985132179615,0.0023899527207901783
DKC1,0.15233537188825297,0.031148500645308108,0.0025085291475075433,0.0011399933796366057,0.0011369584033187885,0.8117306465359759,0.0047854809304629375
VBP1,0.14614019047574917,0.011974163548715666,0.0035939656494330396,0.004126967068370874,-0.00033456428248068715,0.8344992775402119,0.007386368435323226
MT-CO3,0.5776926216235643,0.12142107759050724,0.014511216270288285,0.004018709378664442,-0.0037491425178618476,0.2861055176548376,0.01478078313109088
