model,batch_mode,bifurcation,shift_sigma,seed,decipher_seed,arm,wandb_run_id,wandb_url,rho,rho_plus,rho_minus,branch_asw,r2_overall,r2_per_gene_median,trained_h5ad,error,seconds
native,z,bif,1.5,4,1,Base Decipher (z),skf8lyrw,https://wandb.ai/jpark-columbia/decipher-bc-sigma-sweep/runs/skf8lyrw,0.6819756912403043,0.5911777091022288,0.3944897585253902,0.1976930499076843,0.9252183182289652,0.859477002420453,/home/jihyunpark/decipher-bc/Data/Simulated Data/Simulated Data Generation/../Simulated Adata/shift_sigma_sweep_bifurcation/0925/trained/sweep0925_fine_sigma1.5_seed4_native_bif_z_decipherseed_1.h5ad,,195.7
native,z,bif,0.75,5,1,Base Decipher (z),9160qwim,https://wandb.ai/jpark-columbia/decipher-bc-sigma-sweep/runs/9160qwim,0.8039635564319946,0.8481318755050139,0.6912811991792698,0.3442895710468292,0.9051302486571002,0.8252412618897871,/home/jihyunpark/decipher-bc/Data/Simulated Data/Simulated Data Generation/../Simulated Adata/shift_sigma_sweep_bifurcation/0925/trained/sweep0925_fine_sigma0.75_seed5_native_bif_z_decipherseed_1.h5ad,,205.0
native,z,bif,0.75,3,2,Base Decipher (z),xhk4cpqw,https://wandb.ai/jpark-columbia/decipher-bc-sigma-sweep/runs/xhk4cpqw,0.937611122898776,0.9002968121038551,0.8865915239559727,0.4724731147289276,0.9474532399937176,0.8994057852847266,/home/jihyunpark/decipher-bc/Data/Simulated Data/Simulated Data Generation/../Simulated Adata/shift_sigma_sweep_bifurcation/0925/trained/sweep0925_fine_sigma0.75_seed3_native_bif_z_decipherseed_2.h5ad,,214.2
native,z,bif,0.75,4,2,Base Decipher (z),hy3inuhu,https://wandb.ai/jpark-columbia/decipher-bc-sigma-sweep/runs/hy3inuhu,0.9295296774727088,0.8577879680498753,0.8778091908760285,0.4013343751430511,0.9099092412787624,0.8171632643414403,/home/jihyunpark/decipher-bc/Data/Simulated Data/Simulated Data Generation/../Simulated Adata/shift_sigma_sweep_bifurcation/0925/trained/sweep0925_fine_sigma0.75_seed4_native_bif_z_decipherseed_2.h5ad,,218.2
native,z,bif,1.5,5,1,Base Decipher (z),4db5nc0f,https://wandb.ai/jpark-columbia/decipher-bc-sigma-sweep/runs/4db5nc0f,0.7191324214852894,0.6553589483347477,0.7423446685715077,0.1802949458360672,0.9268704120817935,0.8719970238714083,/home/jihyunpark/decipher-bc/Data/Simulated Data/Simulated Data Generation/../Simulated Adata/shift_sigma_sweep_bifurcation/0925/trained/sweep0925_fine_sigma1.5_seed5_native_bif_z_decipherseed_1.h5ad,,219.5
native,z,bif,0.75,5,3,Base Decipher (z),r261q1xi,https://wandb.ai/jpark-columbia/decipher-bc-sigma-sweep/runs/r261q1xi,0.8341209667629969,0.8292652487461921,0.7251524706272133,0.3119215071201324,0.9087701692563158,0.8322139280148964,/home/jihyunpark/decipher-bc/Data/Simulated Data/Simulated Data Generation/../Simulated Adata/shift_sigma_sweep_bifurcation/0925/trained/sweep0925_fine_sigma0.75_seed5_native_bif_z_decipherseed_3.h5ad,,222.3
native,z,bif,1.5,3,1,Base Decipher (z),r2x2lzz3,https://wandb.ai/jpark-columbia/decipher-bc-sigma-sweep/runs/r2x2lzz3,0.8106312403209205,0.5806432927787853,0.8702583914299841,0.2276384383440017,0.9426995299859472,0.8827583159676616,/home/jihyunpark/decipher-bc/Data/Simulated Data/Simulated Data Generation/../Simulated Adata/shift_sigma_sweep_bifurcation/0925/trained/sweep0925_fine_sigma1.5_seed3_native_bif_z_decipherseed_1.h5ad,,223.9
native,z,bif,0.75,3,1,Base Decipher (z),eoisvif5,https://wandb.ai/jpark-columbia/decipher-bc-sigma-sweep/runs/eoisvif5,0.9043517354414112,0.8858375591724361,0.8890431099966418,0.3915384113788605,0.9480354831063684,0.8952520034829555,/home/jihyunpark/decipher-bc/Data/Simulated Data/Simulated Data Generation/../Simulated Adata/shift_sigma_sweep_bifurcation/0925/trained/sweep0925_fine_sigma0.75_seed3_native_bif_z_decipherseed_1.h5ad,,228.7
native,z,bif,1.5,4,2,Base Decipher (z),jhspksiu,https://wandb.ai/jpark-columbia/decipher-bc-sigma-sweep/runs/jhspksiu,0.725337348855248,0.6127471652234184,0.6286052450448877,0.1994667053222656,0.9261196460077046,0.8620308873849367,/home/jihyunpark/decipher-bc/Data/Simulated Data/Simulated Data Generation/../Simulated Adata/shift_sigma_sweep_bifurcation/0925/trained/sweep0925_fine_sigma1.5_seed4_native_bif_z_decipherseed_2.h5ad,,233.4
native,z,bif,0.75,4,1,Base Decipher (z),oju7vyw6,https://wandb.ai/jpark-columbia/decipher-bc-sigma-sweep/runs/oju7vyw6,0.9160499303606884,0.853013964521929,0.8706558368911365,0.3592226803302765,0.907214904608222,0.8180454671488682,/home/jihyunpark/decipher-bc/Data/Simulated Data/Simulated Data Generation/../Simulated Adata/shift_sigma_sweep_bifurcation/0925/trained/sweep0925_fine_sigma0.75_seed4_native_bif_z_decipherseed_1.h5ad,,234.6
native,z,bif,0.75,5,2,Base Decipher (z),gbduwhm7,https://wandb.ai/jpark-columbia/decipher-bc-sigma-sweep/runs/gbduwhm7,0.8558453425147259,0.93451415417208,0.7388550010501005,0.3890509009361267,0.9083488281553372,0.8300987397833388,/home/jihyunpark/decipher-bc/Data/Simulated Data/Simulated Data Generation/../Simulated Adata/shift_sigma_sweep_bifurcation/0925/trained/sweep0925_fine_sigma0.75_seed5_native_bif_z_decipherseed_2.h5ad,,244.0
native,z,bif,1.5,3,2,Base Decipher (z),z74nuxi2,https://wandb.ai/jpark-columbia/decipher-bc-sigma-sweep/runs/z74nuxi2,0.8678312697798218,0.736832114699478,0.7996028242087965,0.2512678205966949,0.9426137334162163,0.887106751097101,/home/jihyunpark/decipher-bc/Data/Simulated Data/Simulated Data Generation/../Simulated Adata/shift_sigma_sweep_bifurcation/0925/trained/sweep0925_fine_sigma1.5_seed3_native_bif_z_decipherseed_2.h5ad,,244.6
native,z,bif,0.75,4,3,Base Decipher (z),pr02lppx,https://wandb.ai/jpark-columbia/decipher-bc-sigma-sweep/runs/pr02lppx,0.7451460691997709,0.8230576198737322,0.5112915792270137,0.3331484198570251,0.9073410611319048,0.8118663632083466,/home/jihyunpark/decipher-bc/Data/Simulated Data/Simulated Data Generation/../Simulated Adata/shift_sigma_sweep_bifurcation/0925/trained/sweep0925_fine_sigma0.75_seed4_native_bif_z_decipherseed_3.h5ad,,247.8
native,z,bif,1.5,3,3,Base Decipher (z),d7effnog,https://wandb.ai/jpark-columbia/decipher-bc-sigma-sweep/runs/d7effnog,0.8184602946834688,0.6068205040481631,0.7512764448658941,0.0945272445678711,0.9452471890320174,0.8922546937302943,/home/jihyunpark/decipher-bc/Data/Simulated Data/Simulated Data Generation/../Simulated Adata/shift_sigma_sweep_bifurcation/0925/trained/sweep0925_fine_sigma1.5_seed3_native_bif_z_decipherseed_3.h5ad,,270.2
native,z,bif,0.75,3,3,Base Decipher (z),qqix38fy,https://wandb.ai/jpark-columbia/decipher-bc-sigma-sweep/runs/qqix38fy,0.9307328258025066,0.9385948208144204,0.8267050319223151,0.3827622234821319,0.9487877874678544,0.8978178863615824,/home/jihyunpark/decipher-bc/Data/Simulated Data/Simulated Data Generation/../Simulated Adata/shift_sigma_sweep_bifurcation/0925/trained/sweep0925_fine_sigma0.75_seed3_native_bif_z_decipherseed_3.h5ad,,270.4
native,z,bif,1.5,4,3,Base Decipher (z),kj8897z9,https://wandb.ai/jpark-columbia/decipher-bc-sigma-sweep/runs/kj8897z9,0.7639737268459873,0.7682199743890273,0.5812947282491114,0.2390223890542984,0.926066866531612,0.8621694057850376,/home/jihyunpark/decipher-bc/Data/Simulated Data/Simulated Data Generation/../Simulated Adata/shift_sigma_sweep_bifurcation/0925/trained/sweep0925_fine_sigma1.5_seed4_native_bif_z_decipherseed_3.h5ad,,271.9
native,z,bif,1.5,5,2,Base Decipher (z),,,0.8110576568343034,0.726471370189771,0.832891698858015,0.1508547216653823,0.9275225510415164,0.8766074511457642,/home/jihyunpark/decipher-bc/Data/Simulated Data/Simulated Data Generation/../Simulated Adata/shift_sigma_sweep_bifurcation/0925/trained/sweep0925_fine_sigma1.5_seed5_native_bif_z_decipherseed_2.h5ad,,166.6
native,z,bif,3.0,4,1,Base Decipher (z),,,0.7922726762850172,0.6889955850002624,0.7635671338340463,0.1072278097271919,0.9442948340611548,0.9048907589860594,/home/jihyunpark/decipher-bc/Data/Simulated Data/Simulated Data Generation/../Simulated Adata/shift_sigma_sweep_bifurcation/0925/trained/sweep0925_fine_sigma3.0_seed4_native_bif_z_decipherseed_1.h5ad,,173.8
native,z,bif,3.0,3,1,Base Decipher (z),,,0.7608326443932518,0.6620690988132909,0.7365237013852254,0.0679038912057876,0.9474136984531704,0.9109356321689668,/home/jihyunpark/decipher-bc/Data/Simulated Data/Simulated Data Generation/../Simulated Adata/shift_sigma_sweep_bifurcation/0925/trained/sweep0925_fine_sigma3.0_seed3_native_bif_z_decipherseed_1.h5ad,,183.0
native,z,bif,3.0,5,3,Base Decipher (z),xnkqvrxf,https://wandb.ai/jpark-columbia/decipher-bc-sigma-sweep/runs/xnkqvrxf,0.6556565690056338,0.4723791675608806,0.6163394696337039,0.0045636566355824,0.9501111733768492,0.913170740373676,/home/jihyunpark/decipher-bc/Data/Simulated Data/Simulated Data Generation/../Simulated Adata/shift_sigma_sweep_bifurcation/0925/trained/sweep0925_fine_sigma3.0_seed5_native_bif_z_decipherseed_3.h5ad,,296.0
native,z,bif,1.5,5,3,Base Decipher (z),d33rfs42,https://wandb.ai/jpark-columbia/decipher-bc-sigma-sweep/runs/d33rfs42,0.7581625746714933,0.7995709411497324,0.6734722388629409,0.2186002731323242,0.9307711490310072,0.8772148804154482,/home/jihyunpark/decipher-bc/Data/Simulated Data/Simulated Data Generation/../Simulated Adata/shift_sigma_sweep_bifurcation/0925/trained/sweep0925_fine_sigma1.5_seed5_native_bif_z_decipherseed_3.h5ad,,308.4
native,z,bif,3.0,3,3,Base Decipher (z),,,0.7295649182196653,0.5657065953220127,0.6291068574564964,0.0574729181826114,0.9458246479829804,0.909491148284124,/home/jihyunpark/decipher-bc/Data/Simulated Data/Simulated Data Generation/../Simulated Adata/shift_sigma_sweep_bifurcation/0925/trained/sweep0925_fine_sigma3.0_seed3_native_bif_z_decipherseed_3.h5ad,,228.3
native,z,bif,3.0,4,3,Base Decipher (z),,,0.6700382798842477,0.6543802692926995,0.6197964244633748,0.1142787262797355,0.9466013693945974,0.9042565818972264,/home/jihyunpark/decipher-bc/Data/Simulated Data/Simulated Data Generation/../Simulated Adata/shift_sigma_sweep_bifurcation/0925/trained/sweep0925_fine_sigma3.0_seed4_native_bif_z_decipherseed_3.h5ad,,218.9
native,z,bif,4.0,3,3,Base Decipher (z),,,0.7594549929829344,0.3116573554081905,0.7785617818018372,0.0494176633656024,0.9425412550657896,0.8977395727150597,/home/jihyunpark/decipher-bc/Data/Simulated Data/Simulated Data Generation/../Simulated Adata/shift_sigma_sweep_bifurcation/0925/trained/sweep0925_fine_sigma4.0_seed3_native_bif_z_decipherseed_3.h5ad,,181.5
native,z,bif,4.0,3,2,Base Decipher (z),,,0.7051034530993416,0.6480131058873797,0.5235255989886933,0.0698125883936882,0.9521979060414416,0.9235165400289188,/home/jihyunpark/decipher-bc/Data/Simulated Data/Simulated Data Generation/../Simulated Adata/shift_sigma_sweep_bifurcation/0925/trained/sweep0925_fine_sigma4.0_seed3_native_bif_z_decipherseed_2.h5ad,,216.4
native,z,bif,3.0,3,2,Base Decipher (z),,,0.7194725616132303,0.7295639541886021,0.5911982077994878,0.0746731385588646,0.9488249873023832,0.9141941831840332,/home/jihyunpark/decipher-bc/Data/Simulated Data/Simulated Data Generation/../Simulated Adata/shift_sigma_sweep_bifurcation/0925/trained/sweep0925_fine_sigma3.0_seed3_native_bif_z_decipherseed_2.h5ad,,244.6
native,z,bif,4.0,3,1,Base Decipher (z),,,0.8621827503601067,0.853741991113097,0.7973741741699494,0.035361036658287,0.9492919708863904,0.919695617259772,/home/jihyunpark/decipher-bc/Data/Simulated Data/Simulated Data Generation/../Simulated Adata/shift_sigma_sweep_bifurcation/0925/trained/sweep0925_fine_sigma4.0_seed3_native_bif_z_decipherseed_1.h5ad,,219.5
native,z,bif,4.0,4,1,Base Decipher (z),,,0.6124970191241452,0.4819089514345991,0.4199247599628484,0.0908251702785492,0.9523038580194972,0.9215810612042888,/home/jihyunpark/decipher-bc/Data/Simulated Data/Simulated Data Generation/../Simulated Adata/shift_sigma_sweep_bifurcation/0925/trained/sweep0925_fine_sigma4.0_seed4_native_bif_z_decipherseed_1.h5ad,,202.9
native,z,bif,3.0,5,2,Base Decipher (z),,,0.734972319946123,0.5000536315315515,0.6766386142071444,0.0539122708141803,0.9492762396211408,0.9132439997011907,/home/jihyunpark/decipher-bc/Data/Simulated Data/Simulated Data Generation/../Simulated Adata/shift_sigma_sweep_bifurcation/0925/trained/sweep0925_fine_sigma3.0_seed5_native_bif_z_decipherseed_2.h5ad,,251.8
native,z,bif,4.0,4,2,Base Decipher (z),,,0.7846382831195491,0.5881813843330085,0.7500572497519914,0.0844611078500747,0.9545989420909023,0.9246108635670648,/home/jihyunpark/decipher-bc/Data/Simulated Data/Simulated Data Generation/../Simulated Adata/shift_sigma_sweep_bifurcation/0925/trained/sweep0925_fine_sigma4.0_seed4_native_bif_z_decipherseed_2.h5ad,,235.5
native,z,bif,4.0,5,2,Base Decipher (z),hxmq8pif,https://wandb.ai/jpark-columbia/decipher-bc-sigma-sweep/runs/hxmq8pif,0.681474874353099,0.4820721640612396,0.4879949112141014,0.0163692608475685,0.9538835691786962,0.9273394347596208,/home/jihyunpark/decipher-bc/Data/Simulated Data/Simulated Data Generation/../Simulated Adata/shift_sigma_sweep_bifurcation/0925/trained/sweep0925_fine_sigma4.0_seed5_native_bif_z_decipherseed_2.h5ad,,185.3
native,z,bif,4.0,4,3,Base Decipher (z),ighqte4c,https://wandb.ai/jpark-columbia/decipher-bc-sigma-sweep/runs/ighqte4c,0.7921606049367952,0.6971659087411683,0.5181564985943884,0.0903398543596267,0.9519861056421788,0.9198458616097258,/home/jihyunpark/decipher-bc/Data/Simulated Data/Simulated Data Generation/../Simulated Adata/shift_sigma_sweep_bifurcation/0925/trained/sweep0925_fine_sigma4.0_seed4_native_bif_z_decipherseed_3.h5ad,,187.3
native,z,bif,4.0,5,1,Base Decipher (z),5clsn58e,https://wandb.ai/jpark-columbia/decipher-bc-sigma-sweep/runs/5clsn58e,0.6969162600116703,0.4718530996401425,0.5875634643136541,0.0428918823599815,0.9561705772276669,0.9303055756590736,/home/jihyunpark/decipher-bc/Data/Simulated Data/Simulated Data Generation/../Simulated Adata/shift_sigma_sweep_bifurcation/0925/trained/sweep0925_fine_sigma4.0_seed5_native_bif_z_decipherseed_1.h5ad,,191.7
native,z,bif,4.0,5,3,Base Decipher (z),8zms0ek9,https://wandb.ai/jpark-columbia/decipher-bc-sigma-sweep/runs/8zms0ek9,0.7638345549761063,0.7639389334110765,0.4973911117520523,0.0296361930668354,0.9564673598335808,0.9314452617335142,/home/jihyunpark/decipher-bc/Data/Simulated Data/Simulated Data Generation/../Simulated Adata/shift_sigma_sweep_bifurcation/0925/trained/sweep0925_fine_sigma4.0_seed5_native_bif_z_decipherseed_3.h5ad,,274.8
native,z,nobif,0.75,3,1,Base Decipher (z),udzq0uq7,https://wandb.ai/jpark-columbia/decipher-bc-sigma-sweep/runs/udzq0uq7,0.9343723180453783,,,,0.8800767071853521,0.7650490827102594,/home/jihyunpark/decipher-bc/Data/Simulated Data/Simulated Data Generation/../Simulated Adata/shift_sigma_sweep_bifurcation/0925/trained/sweep0925_fine_sigma0.75_seed3_native_nobif_z_decipherseed_1.h5ad,,130.8
native,z,nobif,0.75,4,1,Base Decipher (z),7ypmbzyh,https://wandb.ai/jpark-columbia/decipher-bc-sigma-sweep/runs/7ypmbzyh,0.9026806574342664,,,,0.8663448531089186,0.7381349173916205,/home/jihyunpark/decipher-bc/Data/Simulated Data/Simulated Data Generation/../Simulated Adata/shift_sigma_sweep_bifurcation/0925/trained/sweep0925_fine_sigma0.75_seed4_native_nobif_z_decipherseed_1.h5ad,,309.9
native,z,nobif,0.75,3,3,Base Decipher (z),kyyfi600,https://wandb.ai/jpark-columbia/decipher-bc-sigma-sweep/runs/kyyfi600,0.8934890608121917,,,,0.9290447335551424,0.8403789979270697,/home/jihyunpark/decipher-bc/Data/Simulated Data/Simulated Data Generation/../Simulated Adata/shift_sigma_sweep_bifurcation/0925/trained/sweep0925_fine_sigma0.75_seed3_native_nobif_z_decipherseed_3.h5ad,,220.1
native,z,nobif,1.5,3,1,Base Decipher (z),li4zsi6x,https://wandb.ai/jpark-columbia/decipher-bc-sigma-sweep/runs/li4zsi6x,0.7541417637380935,,,,0.938673834203871,0.8893431503991108,/home/jihyunpark/decipher-bc/Data/Simulated Data/Simulated Data Generation/../Simulated Adata/shift_sigma_sweep_bifurcation/0925/trained/sweep0925_fine_sigma1.5_seed3_native_nobif_z_decipherseed_1.h5ad,,280.6
native,z,nobif,1.5,4,1,Base Decipher (z),fumb8omr,https://wandb.ai/jpark-columbia/decipher-bc-sigma-sweep/runs/fumb8omr,0.8455227214548505,,,,0.911660182072504,0.8543640634500085,/home/jihyunpark/decipher-bc/Data/Simulated Data/Simulated Data Generation/../Simulated Adata/shift_sigma_sweep_bifurcation/0925/trained/sweep0925_fine_sigma1.5_seed4_native_nobif_z_decipherseed_1.h5ad,,310.1
native,z,nobif,0.75,5,3,Base Decipher (z),,,0.7720768518503061,,,,0.8951402985330826,0.7997028852339227,/home/jihyunpark/decipher-bc/Data/Simulated Data/Simulated Data Generation/../Simulated Adata/shift_sigma_sweep_bifurcation/0925/trained/sweep0925_fine_sigma0.75_seed5_native_nobif_z_decipherseed_3.h5ad,,156.3
native,z,nobif,0.75,5,2,Base Decipher (z),,,0.8106824410509456,,,,0.8929164210957741,0.7927357712971581,/home/jihyunpark/decipher-bc/Data/Simulated Data/Simulated Data Generation/../Simulated Adata/shift_sigma_sweep_bifurcation/0925/trained/sweep0925_fine_sigma0.75_seed5_native_nobif_z_decipherseed_2.h5ad,,177.5
native,z,nobif,0.75,4,3,Base Decipher (z),,,0.914697256340097,,,,0.8677338179465084,0.7564820913828321,/home/jihyunpark/decipher-bc/Data/Simulated Data/Simulated Data Generation/../Simulated Adata/shift_sigma_sweep_bifurcation/0925/trained/sweep0925_fine_sigma0.75_seed4_native_nobif_z_decipherseed_3.h5ad,,186.2
native,z,nobif,1.5,4,2,Base Decipher (z),04jjq62m,https://wandb.ai/jpark-columbia/decipher-bc-sigma-sweep/runs/04jjq62m,0.8916175307106834,,,,0.911766828874345,0.8536832453788737,/home/jihyunpark/decipher-bc/Data/Simulated Data/Simulated Data Generation/../Simulated Adata/shift_sigma_sweep_bifurcation/0925/trained/sweep0925_fine_sigma1.5_seed4_native_nobif_z_decipherseed_2.h5ad,,184.4
native,z,nobif,1.5,3,2,Base Decipher (z),,,0.8265727086890012,,,,0.93802616510137,0.8885989498312805,/home/jihyunpark/decipher-bc/Data/Simulated Data/Simulated Data Generation/../Simulated Adata/shift_sigma_sweep_bifurcation/0925/trained/sweep0925_fine_sigma1.5_seed3_native_nobif_z_decipherseed_2.h5ad,,167.1
native,z,nobif,3.0,4,2,Base Decipher (z),0az8wy1c,https://wandb.ai/jpark-columbia/decipher-bc-sigma-sweep/runs/0az8wy1c,0.6460720384155026,,,,0.9458559210322528,0.9189942729212214,/home/jihyunpark/decipher-bc/Data/Simulated Data/Simulated Data Generation/../Simulated Adata/shift_sigma_sweep_bifurcation/0925/trained/sweep0925_fine_sigma3.0_seed4_native_nobif_z_decipherseed_2.h5ad,,182.4
native,z,nobif,3.0,3,3,Base Decipher (z),1l4zoqx0,https://wandb.ai/jpark-columbia/decipher-bc-sigma-sweep/runs/1l4zoqx0,0.86398144128268,,,,0.952131344512949,0.9270518339373778,/home/jihyunpark/decipher-bc/Data/Simulated Data/Simulated Data Generation/../Simulated Adata/shift_sigma_sweep_bifurcation/0925/trained/sweep0925_fine_sigma3.0_seed3_native_nobif_z_decipherseed_3.h5ad,,274.8
native,z,bif,3.0,5,1,Base Decipher (z),63qii9gn,https://wandb.ai/jpark-columbia/decipher-bc-sigma-sweep/runs/63qii9gn,0.7692956649004246,0.6480570703969852,0.7216017217203159,0.0676159039139747,0.9495360679784404,0.913447565879988,/home/jihyunpark/decipher-bc/Data/Simulated Data/Simulated Data Generation/../Simulated Adata/shift_sigma_sweep_bifurcation/0925/trained/sweep0925_fine_sigma3.0_seed5_native_bif_z_decipherseed_1.h5ad,,1197.3
native,z,nobif,1.5,5,2,Base Decipher (z),,,0.6363848864032831,,,,0.9333391300601176,0.8879778187802915,/home/jihyunpark/decipher-bc/Data/Simulated Data/Simulated Data Generation/../Simulated Adata/shift_sigma_sweep_bifurcation/0925/trained/sweep0925_fine_sigma1.5_seed5_native_nobif_z_decipherseed_2.h5ad,,220.9
native,z,nobif,3.0,3,1,Base Decipher (z),uzjbizzr,https://wandb.ai/jpark-columbia/decipher-bc-sigma-sweep/runs/uzjbizzr,0.8353848132022713,,,,0.9529186765279368,0.9302993831331294,/home/jihyunpark/decipher-bc/Data/Simulated Data/Simulated Data Generation/../Simulated Adata/shift_sigma_sweep_bifurcation/0925/trained/sweep0925_fine_sigma3.0_seed3_native_nobif_z_decipherseed_1.h5ad,,285.3
native,z,nobif,0.75,5,1,Base Decipher (z),cze4llgd,https://wandb.ai/jpark-columbia/decipher-bc-sigma-sweep/runs/cze4llgd,0.7913587130475427,,,,0.8946810492549551,0.7941913979377464,/home/jihyunpark/decipher-bc/Data/Simulated Data/Simulated Data Generation/../Simulated Adata/shift_sigma_sweep_bifurcation/0925/trained/sweep0925_fine_sigma0.75_seed5_native_nobif_z_decipherseed_1.h5ad,,755.0
native,z,nobif,1.5,3,3,Base Decipher (z),bo2kne7q,https://wandb.ai/jpark-columbia/decipher-bc-sigma-sweep/runs/bo2kne7q,0.8112539019408177,,,,0.9380862230454728,0.8843689189156768,/home/jihyunpark/decipher-bc/Data/Simulated Data/Simulated Data Generation/../Simulated Adata/shift_sigma_sweep_bifurcation/0925/trained/sweep0925_fine_sigma1.5_seed3_native_nobif_z_decipherseed_3.h5ad,,760.2
native,z,nobif,1.5,5,3,Base Decipher (z),,,0.654852143351604,,,,0.9330192749192538,0.886187106255221,/home/jihyunpark/decipher-bc/Data/Simulated Data/Simulated Data Generation/../Simulated Adata/shift_sigma_sweep_bifurcation/0925/trained/sweep0925_fine_sigma1.5_seed5_native_nobif_z_decipherseed_3.h5ad,,222.4
native,z,nobif,3.0,4,1,Base Decipher (z),,,0.590208615822362,,,,0.9448318859061432,0.915356911612047,/home/jihyunpark/decipher-bc/Data/Simulated Data/Simulated Data Generation/../Simulated Adata/shift_sigma_sweep_bifurcation/0925/trained/sweep0925_fine_sigma3.0_seed4_native_nobif_z_decipherseed_1.h5ad,,204.6
native,z,nobif,3.0,5,2,Base Decipher (z),81pzoa6u,https://wandb.ai/jpark-columbia/decipher-bc-sigma-sweep/runs/81pzoa6u,0.6193816027827,,,,0.9578732876922385,0.9412272755658252,/home/jihyunpark/decipher-bc/Data/Simulated Data/Simulated Data Generation/../Simulated Adata/shift_sigma_sweep_bifurcation/0925/trained/sweep0925_fine_sigma3.0_seed5_native_nobif_z_decipherseed_2.h5ad,,203.1
native,z,nobif,3.0,3,2,Base Decipher (z),jdg82pvn,https://wandb.ai/jpark-columbia/decipher-bc-sigma-sweep/runs/jdg82pvn,0.8460480182259429,,,,0.9518146240622632,0.9267097517736972,/home/jihyunpark/decipher-bc/Data/Simulated Data/Simulated Data Generation/../Simulated Adata/shift_sigma_sweep_bifurcation/0925/trained/sweep0925_fine_sigma3.0_seed3_native_nobif_z_decipherseed_2.h5ad,,485.4
native,z,nobif,3.0,4,3,Base Decipher (z),atlikmp2,https://wandb.ai/jpark-columbia/decipher-bc-sigma-sweep/runs/atlikmp2,0.7139550254386368,,,,0.9454170777238295,0.9172639775579914,/home/jihyunpark/decipher-bc/Data/Simulated Data/Simulated Data Generation/../Simulated Adata/shift_sigma_sweep_bifurcation/0925/trained/sweep0925_fine_sigma3.0_seed4_native_nobif_z_decipherseed_3.h5ad,,250.4
native,z,nobif,0.75,4,2,Base Decipher (z),o0uaxw41,https://wandb.ai/jpark-columbia/decipher-bc-sigma-sweep/runs/o0uaxw41,0.7816360604039875,,,,0.8684722454003476,0.7539473158195176,/home/jihyunpark/decipher-bc/Data/Simulated Data/Simulated Data Generation/../Simulated Adata/shift_sigma_sweep_bifurcation/0925/trained/sweep0925_fine_sigma0.75_seed4_native_nobif_z_decipherseed_2.h5ad,,939.6
native,z,nobif,4.0,3,1,Base Decipher (z),k1m47r5z,https://wandb.ai/jpark-columbia/decipher-bc-sigma-sweep/runs/k1m47r5z,0.844328289540686,,,,0.9576056323107656,0.9388624909061488,/home/jihyunpark/decipher-bc/Data/Simulated Data/Simulated Data Generation/../Simulated Adata/shift_sigma_sweep_bifurcation/0925/trained/sweep0925_fine_sigma4.0_seed3_native_nobif_z_decipherseed_1.h5ad,,310.5
native,z,nobif,4.0,5,1,Base Decipher (z),s6l5oobx,https://wandb.ai/jpark-columbia/decipher-bc-sigma-sweep/runs/s6l5oobx,0.5660456237690576,,,,0.9637787385216078,0.9549259477139768,/home/jihyunpark/decipher-bc/Data/Simulated Data/Simulated Data Generation/../Simulated Adata/shift_sigma_sweep_bifurcation/0925/trained/sweep0925_fine_sigma4.0_seed5_native_nobif_z_decipherseed_1.h5ad,,191.7
native,z,nobif,1.5,5,1,Base Decipher (z),e7s4br8q,https://wandb.ai/jpark-columbia/decipher-bc-sigma-sweep/runs/e7s4br8q,0.6331697182697671,,,,0.933685027261358,0.8878813923584643,/home/jihyunpark/decipher-bc/Data/Simulated Data/Simulated Data Generation/../Simulated Adata/shift_sigma_sweep_bifurcation/0925/trained/sweep0925_fine_sigma1.5_seed5_native_nobif_z_decipherseed_1.h5ad,,940.0
native,z,nobif,4.0,5,3,Base Decipher (z),i14xxdqk,https://wandb.ai/jpark-columbia/decipher-bc-sigma-sweep/runs/i14xxdqk,0.7478838794760887,,,,0.9625794801793582,0.9530895927203908,/home/jihyunpark/decipher-bc/Data/Simulated Data/Simulated Data Generation/../Simulated Adata/shift_sigma_sweep_bifurcation/0925/trained/sweep0925_fine_sigma4.0_seed5_native_nobif_z_decipherseed_3.h5ad,,238.5
native,z,nobif,4.0,3,2,Base Decipher (z),709qd2j7,https://wandb.ai/jpark-columbia/decipher-bc-sigma-sweep/runs/709qd2j7,0.8034905763700534,,,,0.9569487462346709,0.9368380763013604,/home/jihyunpark/decipher-bc/Data/Simulated Data/Simulated Data Generation/../Simulated Adata/shift_sigma_sweep_bifurcation/0925/trained/sweep0925_fine_sigma4.0_seed3_native_nobif_z_decipherseed_2.h5ad,,194.8
native,z,nobif,4.0,4,2,Base Decipher (z),0h29iqt9,https://wandb.ai/jpark-columbia/decipher-bc-sigma-sweep/runs/0h29iqt9,0.7017653669175832,,,,0.9556621906071712,0.9349261971402588,/home/jihyunpark/decipher-bc/Data/Simulated Data/Simulated Data Generation/../Simulated Adata/shift_sigma_sweep_bifurcation/0925/trained/sweep0925_fine_sigma4.0_seed4_native_nobif_z_decipherseed_2.h5ad,,308.8
native,z,nobif,4.0,5,2,Base Decipher (z),lkhp03on,https://wandb.ai/jpark-columbia/decipher-bc-sigma-sweep/runs/lkhp03on,0.6093751237524029,,,,0.9638261034625996,0.953242076253112,/home/jihyunpark/decipher-bc/Data/Simulated Data/Simulated Data Generation/../Simulated Adata/shift_sigma_sweep_bifurcation/0925/trained/sweep0925_fine_sigma4.0_seed5_native_nobif_z_decipherseed_2.h5ad,,228.8
native,genes,bif,0.75,3,1,Base Decipher (genes),1tnmgy1v,https://wandb.ai/jpark-columbia/decipher-bc-sigma-sweep/runs/1tnmgy1v,0.9659306524625124,0.9741451928671097,0.9816645684555196,0.4793855845928192,0.8505414583914993,0.7754141875663871,/home/jihyunpark/decipher-bc/Data/Simulated Data/Simulated Data Generation/../Simulated Adata/shift_sigma_sweep_bifurcation/0925/trained/sweep0925_fine_sigma0.75_seed3_native_bif_genes_decipherseed_1.h5ad,,274.6
native,genes,bif,0.75,4,3,Base Decipher (genes),b0znpn7q,https://wandb.ai/jpark-columbia/decipher-bc-sigma-sweep/runs/b0znpn7q,0.929746103161324,0.8320939550503192,0.9464299643154692,0.3873608112335205,0.7005053588951182,0.542639269966801,/home/jihyunpark/decipher-bc/Data/Simulated Data/Simulated Data Generation/../Simulated Adata/shift_sigma_sweep_bifurcation/0925/trained/sweep0925_fine_sigma0.75_seed4_native_bif_genes_decipherseed_3.h5ad,,158.8
native,genes,bif,0.75,5,2,Base Decipher (genes),mfwatcsp,https://wandb.ai/jpark-columbia/decipher-bc-sigma-sweep/runs/mfwatcsp,0.9010135260127258,0.9209350355490564,0.7988811292157487,0.4502454698085785,0.6923304864841388,0.5416440581134345,/home/jihyunpark/decipher-bc/Data/Simulated Data/Simulated Data Generation/../Simulated Adata/shift_sigma_sweep_bifurcation/0925/trained/sweep0925_fine_sigma0.75_seed5_native_bif_genes_decipherseed_2.h5ad,,128.7
native,z,nobif,3.0,5,1,Base Decipher (z),i80d43s4,https://wandb.ai/jpark-columbia/decipher-bc-sigma-sweep/runs/i80d43s4,0.6381941055204144,,,,0.9578679410576976,0.9418080674334244,/home/jihyunpark/decipher-bc/Data/Simulated Data/Simulated Data Generation/../Simulated Adata/shift_sigma_sweep_bifurcation/0925/trained/sweep0925_fine_sigma3.0_seed5_native_nobif_z_decipherseed_1.h5ad,,940.7
native,genes,bif,0.75,3,3,Base Decipher (genes),,,0.9937078587549364,0.9911839202721652,0.9916388956406776,0.5225375294685364,0.8473895508517956,0.7521100941169999,/home/jihyunpark/decipher-bc/Data/Simulated Data/Simulated Data Generation/../Simulated Adata/shift_sigma_sweep_bifurcation/0925/trained/sweep0925_fine_sigma0.75_seed3_native_bif_genes_decipherseed_3.h5ad,,207.1
native,z,nobif,4.0,4,3,Base Decipher (z),gz0bpo5y,https://wandb.ai/jpark-columbia/decipher-bc-sigma-sweep/runs/gz0bpo5y,0.688558867443083,,,,0.9551759984526236,0.9324961975072356,/home/jihyunpark/decipher-bc/Data/Simulated Data/Simulated Data Generation/../Simulated Adata/shift_sigma_sweep_bifurcation/0925/trained/sweep0925_fine_sigma4.0_seed4_native_nobif_z_decipherseed_3.h5ad,,744.6
native,genes,bif,0.75,3,2,Base Decipher (genes),52c2kgcs,https://wandb.ai/jpark-columbia/decipher-bc-sigma-sweep/runs/52c2kgcs,0.9867159490861348,0.9832964019038064,0.9800365182081252,0.5120466351509094,0.8466654196967397,0.7677866915370058,/home/jihyunpark/decipher-bc/Data/Simulated Data/Simulated Data Generation/../Simulated Adata/shift_sigma_sweep_bifurcation/0925/trained/sweep0925_fine_sigma0.75_seed3_native_bif_genes_decipherseed_2.h5ad,,294.0
native,z,nobif,1.5,4,3,Base Decipher (z),3yej5ysu,https://wandb.ai/jpark-columbia/decipher-bc-sigma-sweep/runs/3yej5ysu,0.8264356151481547,,,,0.9086624778082932,0.852952908480517,/home/jihyunpark/decipher-bc/Data/Simulated Data/Simulated Data Generation/../Simulated Adata/shift_sigma_sweep_bifurcation/0925/trained/sweep0925_fine_sigma1.5_seed4_native_nobif_z_decipherseed_3.h5ad,,1529.6
native,genes,bif,0.75,5,1,Base Decipher (genes),q2cig7fc,https://wandb.ai/jpark-columbia/decipher-bc-sigma-sweep/runs/q2cig7fc,0.939144113158346,0.9605459464258568,0.9135435324958971,0.3558741807937622,0.6845905970479891,0.525824969024917,/home/jihyunpark/decipher-bc/Data/Simulated Data/Simulated Data Generation/../Simulated Adata/shift_sigma_sweep_bifurcation/0925/trained/sweep0925_fine_sigma0.75_seed5_native_bif_genes_decipherseed_1.h5ad,,418.8
native,genes,bif,1.5,3,3,Base Decipher (genes),6e4780k0,https://wandb.ai/jpark-columbia/decipher-bc-sigma-sweep/runs/6e4780k0,0.960716554025864,0.972858501279936,0.9723261221827924,0.4926644265651703,0.7092235940440224,0.5906168328090835,/home/jihyunpark/decipher-bc/Data/Simulated Data/Simulated Data Generation/../Simulated Adata/shift_sigma_sweep_bifurcation/0925/trained/sweep0925_fine_sigma1.5_seed3_native_bif_genes_decipherseed_3.h5ad,,202.1
native,genes,bif,0.75,5,3,Base Decipher (genes),,,0.9220029610049488,0.9141668897269146,0.9206603386122338,0.3560779988765716,0.6928407456512802,0.5367079820104124,/home/jihyunpark/decipher-bc/Data/Simulated Data/Simulated Data Generation/../Simulated Adata/shift_sigma_sweep_bifurcation/0925/trained/sweep0925_fine_sigma0.75_seed5_native_bif_genes_decipherseed_3.h5ad,,170.6
native,genes,bif,1.5,3,1,Base Decipher (genes),,,0.9242771442293518,0.9627842715499156,0.9585718326096158,0.464990496635437,0.7129841769683216,0.6144097182728473,/home/jihyunpark/decipher-bc/Data/Simulated Data/Simulated Data Generation/../Simulated Adata/shift_sigma_sweep_bifurcation/0925/trained/sweep0925_fine_sigma1.5_seed3_native_bif_genes_decipherseed_1.h5ad,,186.4
native,genes,bif,1.5,4,1,Base Decipher (genes),c58mqnjt,https://wandb.ai/jpark-columbia/decipher-bc-sigma-sweep/runs/c58mqnjt,0.6895764380374805,0.7120114687024708,0.5648716091364132,0.0568956732749938,0.6539597606791717,0.4946597659668873,/home/jihyunpark/decipher-bc/Data/Simulated Data/Simulated Data Generation/../Simulated Adata/shift_sigma_sweep_bifurcation/0925/trained/sweep0925_fine_sigma1.5_seed4_native_bif_genes_decipherseed_1.h5ad,,160.0
native,z,nobif,4.0,4,1,Base Decipher (z),3tlbrzkr,https://wandb.ai/jpark-columbia/decipher-bc-sigma-sweep/runs/3tlbrzkr,0.7404508642753002,,,,0.9541166649788376,0.93168893264986,/home/jihyunpark/decipher-bc/Data/Simulated Data/Simulated Data Generation/../Simulated Adata/shift_sigma_sweep_bifurcation/0925/trained/sweep0925_fine_sigma4.0_seed4_native_nobif_z_decipherseed_1.h5ad,,1320.6
native,genes,bif,3.0,3,1,Base Decipher (genes),1si1wwf7,https://wandb.ai/jpark-columbia/decipher-bc-sigma-sweep/runs/1si1wwf7,0.6684878551484189,0.3593622656092962,0.7964036022352894,0.0107895135879516,0.6787504627215493,0.5374919189820915,/home/jihyunpark/decipher-bc/Data/Simulated Data/Simulated Data Generation/../Simulated Adata/shift_sigma_sweep_bifurcation/0925/trained/sweep0925_fine_sigma3.0_seed3_native_bif_genes_decipherseed_1.h5ad,,224.1
native,genes,bif,3.0,3,3,Base Decipher (genes),igurbu56,https://wandb.ai/jpark-columbia/decipher-bc-sigma-sweep/runs/igurbu56,0.7642099416534158,0.587189202996972,0.7778323152540059,0.0050262156873941,0.6758725285064462,0.5114670924169747,/home/jihyunpark/decipher-bc/Data/Simulated Data/Simulated Data Generation/../Simulated Adata/shift_sigma_sweep_bifurcation/0925/trained/sweep0925_fine_sigma3.0_seed3_native_bif_genes_decipherseed_3.h5ad,,161.8
native,genes,bif,1.5,5,2,Base Decipher (genes),y2jzpzl7,https://wandb.ai/jpark-columbia/decipher-bc-sigma-sweep/runs/y2jzpzl7,0.5968496093271345,0.3312492773583494,0.5572599245397943,0.0137533089146018,0.6734483963045859,0.5178901355005475,/home/jihyunpark/decipher-bc/Data/Simulated Data/Simulated Data Generation/../Simulated Adata/shift_sigma_sweep_bifurcation/0925/trained/sweep0925_fine_sigma1.5_seed5_native_bif_genes_decipherseed_2.h5ad,,210.8
native,genes,bif,1.5,5,3,Base Decipher (genes),er8zz3li,https://wandb.ai/jpark-columbia/decipher-bc-sigma-sweep/runs/er8zz3li,0.4864702263651169,0.3617140164325446,0.4306693306067389,0.0005704354261979,0.6757557680596791,0.5326341397748791,/home/jihyunpark/decipher-bc/Data/Simulated Data/Simulated Data Generation/../Simulated Adata/shift_sigma_sweep_bifurcation/0925/trained/sweep0925_fine_sigma1.5_seed5_native_bif_genes_decipherseed_3.h5ad,,213.8
native,genes,bif,3.0,4,1,Base Decipher (genes),emtg1yhx,https://wandb.ai/jpark-columbia/decipher-bc-sigma-sweep/runs/emtg1yhx,0.4478646307510102,0.3843626207302927,0.2766338137087721,0.002844154369086,0.7058659080339273,0.6784844680096594,/home/jihyunpark/decipher-bc/Data/Simulated Data/Simulated Data Generation/../Simulated Adata/shift_sigma_sweep_bifurcation/0925/trained/sweep0925_fine_sigma3.0_seed4_native_bif_genes_decipherseed_1.h5ad,,162.2
native,z,bif,3.0,4,2,Base Decipher (z),p8mu6h51,https://wandb.ai/jpark-columbia/decipher-bc-sigma-sweep/runs/p8mu6h51,0.6590847721391757,0.4876152776312387,0.7626106709840994,0.1067961901426315,0.9456678599821414,0.9039480664628904,/home/jihyunpark/decipher-bc/Data/Simulated Data/Simulated Data Generation/../Simulated Adata/shift_sigma_sweep_bifurcation/0925/trained/sweep0925_fine_sigma3.0_seed4_native_bif_z_decipherseed_2.h5ad,,2870.4
native,genes,bif,1.5,4,2,Base Decipher (genes),gg3uggtf,https://wandb.ai/jpark-columbia/decipher-bc-sigma-sweep/runs/gg3uggtf,0.6652940236098607,0.5986135654461202,0.6274269753542625,0.0103651657700538,0.6618956105965106,0.5151782521183095,/home/jihyunpark/decipher-bc/Data/Simulated Data/Simulated Data Generation/../Simulated Adata/shift_sigma_sweep_bifurcation/0925/trained/sweep0925_fine_sigma1.5_seed4_native_bif_genes_decipherseed_2.h5ad,,738.9
native,genes,bif,3.0,4,2,Base Decipher (genes),23au01np,https://wandb.ai/jpark-columbia/decipher-bc-sigma-sweep/runs/23au01np,0.5587119816453162,0.565084537953089,0.4428778525587503,0.0054645137861371,0.71542070113196,0.6987909536630136,/home/jihyunpark/decipher-bc/Data/Simulated Data/Simulated Data Generation/../Simulated Adata/shift_sigma_sweep_bifurcation/0925/trained/sweep0925_fine_sigma3.0_seed4_native_bif_genes_decipherseed_2.h5ad,,279.5
native,genes,bif,3.0,3,2,Base Decipher (genes),5ya4c0xg,https://wandb.ai/jpark-columbia/decipher-bc-sigma-sweep/runs/5ya4c0xg,0.6292802130873355,0.3054502232837995,0.6888271382143473,0.0088465400040149,0.6750476471346032,0.5238443606784643,/home/jihyunpark/decipher-bc/Data/Simulated Data/Simulated Data Generation/../Simulated Adata/shift_sigma_sweep_bifurcation/0925/trained/sweep0925_fine_sigma3.0_seed3_native_bif_genes_decipherseed_2.h5ad,,574.7
native,genes,bif,3.0,5,2,Base Decipher (genes),mc3l68fb,https://wandb.ai/jpark-columbia/decipher-bc-sigma-sweep/runs/mc3l68fb,0.3738470346524202,0.240517305749849,0.3219950633365685,0.000246522395173,0.7362411210667468,0.6912928341436342,/home/jihyunpark/decipher-bc/Data/Simulated Data/Simulated Data Generation/../Simulated Adata/shift_sigma_sweep_bifurcation/0925/trained/sweep0925_fine_sigma3.0_seed5_native_bif_genes_decipherseed_2.h5ad,,279.6
native,genes,bif,1.5,5,1,Base Decipher (genes),hzcdhhr1,https://wandb.ai/jpark-columbia/decipher-bc-sigma-sweep/runs/hzcdhhr1,0.6607205722977181,0.5044272883990556,0.6226888473201755,0.0136321820318698,0.67267559076984,0.5663823408199085,/home/jihyunpark/decipher-bc/Data/Simulated Data/Simulated Data Generation/../Simulated Adata/shift_sigma_sweep_bifurcation/0925/trained/sweep0925_fine_sigma1.5_seed5_native_bif_genes_decipherseed_1.h5ad,,609.2
native,genes,bif,3.0,5,3,Base Decipher (genes),e0o8nhkz,https://wandb.ai/jpark-columbia/decipher-bc-sigma-sweep/runs/e0o8nhkz,0.3326867132599929,0.1332826390711615,0.3096192612560001,0.0026505915448069,0.7367471043940634,0.7026245855704787,/home/jihyunpark/decipher-bc/Data/Simulated Data/Simulated Data Generation/../Simulated Adata/shift_sigma_sweep_bifurcation/0925/trained/sweep0925_fine_sigma3.0_seed5_native_bif_genes_decipherseed_3.h5ad,,208.9
native,z,nobif,0.75,3,2,Base Decipher (z),6gehaiwl,https://wandb.ai/jpark-columbia/decipher-bc-sigma-sweep/runs/6gehaiwl,0.9168612717572846,,,,0.9284228236702488,0.8386214752389141,/home/jihyunpark/decipher-bc/Data/Simulated Data/Simulated Data Generation/../Simulated Adata/shift_sigma_sweep_bifurcation/0925/trained/sweep0925_fine_sigma0.75_seed3_native_nobif_z_decipherseed_2.h5ad,,2704.8
native,genes,bif,1.5,3,2,Base Decipher (genes),jte606q6,https://wandb.ai/jpark-columbia/decipher-bc-sigma-sweep/runs/jte606q6,0.9791358412408028,0.9799358592876554,0.9752385089654984,0.5529820919036865,0.7120385698209842,0.6076092868515361,/home/jihyunpark/decipher-bc/Data/Simulated Data/Simulated Data Generation/../Simulated Adata/shift_sigma_sweep_bifurcation/0925/trained/sweep0925_fine_sigma1.5_seed3_native_bif_genes_decipherseed_2.h5ad,,1149.9
native,genes,bif,4.0,4,2,Base Decipher (genes),ypqjguc8,https://wandb.ai/jpark-columbia/decipher-bc-sigma-sweep/runs/ypqjguc8,0.287832963707374,0.152706099380718,0.1785430372200391,0.0024163958150893,0.7122337980954052,0.7407211540017359,/home/jihyunpark/decipher-bc/Data/Simulated Data/Simulated Data Generation/../Simulated Adata/shift_sigma_sweep_bifurcation/0925/trained/sweep0925_fine_sigma4.0_seed4_native_bif_genes_decipherseed_2.h5ad,,191.2
native,genes,bif,4.0,4,1,Base Decipher (genes),j0eok0ob,https://wandb.ai/jpark-columbia/decipher-bc-sigma-sweep/runs/j0eok0ob,0.3307928395990822,0.2440914769262189,0.2197906822384576,0.0008154495735652,0.7238531445980116,0.757075127566222,/home/jihyunpark/decipher-bc/Data/Simulated Data/Simulated Data Generation/../Simulated Adata/shift_sigma_sweep_bifurcation/0925/trained/sweep0925_fine_sigma4.0_seed4_native_bif_genes_decipherseed_1.h5ad,,295.0
native,genes,bif,4.0,3,2,Base Decipher (genes),opoouoo4,https://wandb.ai/jpark-columbia/decipher-bc-sigma-sweep/runs/opoouoo4,0.7564973525182346,0.662813737011391,0.7512608656097941,0.002445115474984,0.700224617240665,0.6196122004266391,/home/jihyunpark/decipher-bc/Data/Simulated Data/Simulated Data Generation/../Simulated Adata/shift_sigma_sweep_bifurcation/0925/trained/sweep0925_fine_sigma4.0_seed3_native_bif_genes_decipherseed_2.h5ad,,280.3
native,genes,bif,4.0,3,1,Base Decipher (genes),88cfwwg1,https://wandb.ai/jpark-columbia/decipher-bc-sigma-sweep/runs/88cfwwg1,0.6946824248245649,0.4171468003874412,0.705529312802025,0.0081146983429789,0.6981072905021625,0.596589307241141,/home/jihyunpark/decipher-bc/Data/Simulated Data/Simulated Data Generation/../Simulated Adata/shift_sigma_sweep_bifurcation/0925/trained/sweep0925_fine_sigma4.0_seed3_native_bif_genes_decipherseed_1.h5ad,,310.0
native,genes,bif,1.5,4,3,Base Decipher (genes),ooe43vsm,https://wandb.ai/jpark-columbia/decipher-bc-sigma-sweep/runs/ooe43vsm,0.6532641668220479,0.7048952735252713,0.568329350977099,0.0219153556972742,0.657326607634769,0.483999564879899,/home/jihyunpark/decipher-bc/Data/Simulated Data/Simulated Data Generation/../Simulated Adata/shift_sigma_sweep_bifurcation/0925/trained/sweep0925_fine_sigma1.5_seed4_native_bif_genes_decipherseed_3.h5ad,,1130.0
native,genes,bif,4.0,5,1,Base Decipher (genes),,,0.2807359723902241,0.1967414341589463,0.025875767940709,-0.0004106190172024,0.7438845773411474,0.7805821967905522,/home/jihyunpark/decipher-bc/Data/Simulated Data/Simulated Data Generation/../Simulated Adata/shift_sigma_sweep_bifurcation/0925/trained/sweep0925_fine_sigma4.0_seed5_native_bif_genes_decipherseed_1.h5ad,,157.7
native,genes,bif,4.0,4,3,Base Decipher (genes),g2tvu4ed,https://wandb.ai/jpark-columbia/decipher-bc-sigma-sweep/runs/g2tvu4ed,0.4629419935656219,0.3152268998685112,0.4921786788894626,0.0012008893536403,0.7279035441502284,0.7613630190795113,/home/jihyunpark/decipher-bc/Data/Simulated Data/Simulated Data Generation/../Simulated Adata/shift_sigma_sweep_bifurcation/0925/trained/sweep0925_fine_sigma4.0_seed4_native_bif_genes_decipherseed_3.h5ad,,202.9
native,genes,nobif,0.75,3,1,Base Decipher (genes),043glr3g,https://wandb.ai/jpark-columbia/decipher-bc-sigma-sweep/runs/043glr3g,0.9893146687598008,,,,0.804200343765229,0.6844369233949146,/home/jihyunpark/decipher-bc/Data/Simulated Data/Simulated Data Generation/../Simulated Adata/shift_sigma_sweep_bifurcation/0925/trained/sweep0925_fine_sigma0.75_seed3_native_nobif_genes_decipherseed_1.h5ad,,214.5
native,genes,bif,0.75,4,1,Base Decipher (genes),cp9a5wq6,https://wandb.ai/jpark-columbia/decipher-bc-sigma-sweep/runs/cp9a5wq6,0.9636687101403834,0.9177837988832702,0.9568340711898764,0.431984007358551,0.7099477136599976,0.5670408646265239,/home/jihyunpark/decipher-bc/Data/Simulated Data/Simulated Data Generation/../Simulated Adata/shift_sigma_sweep_bifurcation/0925/trained/sweep0925_fine_sigma0.75_seed4_native_bif_genes_decipherseed_1.h5ad,,2104.7
native,genes,bif,4.0,5,2,Base Decipher (genes),i74ic1um,https://wandb.ai/jpark-columbia/decipher-bc-sigma-sweep/runs/i74ic1um,0.3399626320669545,0.0624168508689945,0.3881064766200925,0.0015930484514683,0.7444965824543215,0.7811665954981817,/home/jihyunpark/decipher-bc/Data/Simulated Data/Simulated Data Generation/../Simulated Adata/shift_sigma_sweep_bifurcation/0925/trained/sweep0925_fine_sigma4.0_seed5_native_bif_genes_decipherseed_2.h5ad,,424.7
native,genes,nobif,0.75,4,2,Base Decipher (genes),v1qhoyx9,https://wandb.ai/jpark-columbia/decipher-bc-sigma-sweep/runs/v1qhoyx9,0.9752354699324596,,,,0.6791468654370876,0.5295259840393551,/home/jihyunpark/decipher-bc/Data/Simulated Data/Simulated Data Generation/../Simulated Adata/shift_sigma_sweep_bifurcation/0925/trained/sweep0925_fine_sigma0.75_seed4_native_nobif_genes_decipherseed_2.h5ad,,166.2
native,genes,nobif,0.75,3,3,Base Decipher (genes),2ynx5gfk,https://wandb.ai/jpark-columbia/decipher-bc-sigma-sweep/runs/2ynx5gfk,0.9759974587315644,,,,0.8057593701912008,0.6737732522309992,/home/jihyunpark/decipher-bc/Data/Simulated Data/Simulated Data Generation/../Simulated Adata/shift_sigma_sweep_bifurcation/0925/trained/sweep0925_fine_sigma0.75_seed3_native_nobif_genes_decipherseed_3.h5ad,,205.5
native,genes,nobif,0.75,4,1,Base Decipher (genes),c5gsqo62,https://wandb.ai/jpark-columbia/decipher-bc-sigma-sweep/runs/c5gsqo62,0.9739179990462544,,,,0.676058224299269,0.522717072530853,/home/jihyunpark/decipher-bc/Data/Simulated Data/Simulated Data Generation/../Simulated Adata/shift_sigma_sweep_bifurcation/0925/trained/sweep0925_fine_sigma0.75_seed4_native_nobif_genes_decipherseed_1.h5ad,,423.9
native,genes,nobif,0.75,4,3,Base Decipher (genes),0ba8rwxw,https://wandb.ai/jpark-columbia/decipher-bc-sigma-sweep/runs/0ba8rwxw,0.8776514254193627,,,,0.6726378251930127,0.5646075814856686,/home/jihyunpark/decipher-bc/Data/Simulated Data/Simulated Data Generation/../Simulated Adata/shift_sigma_sweep_bifurcation/0925/trained/sweep0925_fine_sigma0.75_seed4_native_nobif_genes_decipherseed_3.h5ad,,172.6
native,genes,nobif,1.5,4,1,Base Decipher (genes),v65wx6fo,https://wandb.ai/jpark-columbia/decipher-bc-sigma-sweep/runs/v65wx6fo,0.6302913351899637,,,,0.6887103527917111,0.5916306525299964,/home/jihyunpark/decipher-bc/Data/Simulated Data/Simulated Data Generation/../Simulated Adata/shift_sigma_sweep_bifurcation/0925/trained/sweep0925_fine_sigma1.5_seed4_native_nobif_genes_decipherseed_1.h5ad,,180.2
native,genes,nobif,0.75,5,2,Base Decipher (genes),vqql2vdz,https://wandb.ai/jpark-columbia/decipher-bc-sigma-sweep/runs/vqql2vdz,0.922093509676278,,,,0.6643041761722492,0.583133059352182,/home/jihyunpark/decipher-bc/Data/Simulated Data/Simulated Data Generation/../Simulated Adata/shift_sigma_sweep_bifurcation/0925/trained/sweep0925_fine_sigma0.75_seed5_native_nobif_genes_decipherseed_2.h5ad,,202.7
native,genes,bif,0.75,4,2,Base Decipher (genes),8iqeowyv,https://wandb.ai/jpark-columbia/decipher-bc-sigma-sweep/runs/8iqeowyv,0.962553030851632,0.908868395369604,0.9436430755353664,0.377682626247406,0.7105255391566352,0.5692634360447912,/home/jihyunpark/decipher-bc/Data/Simulated Data/Simulated Data Generation/../Simulated Adata/shift_sigma_sweep_bifurcation/0925/trained/sweep0925_fine_sigma0.75_seed4_native_bif_genes_decipherseed_2.h5ad,,208.1
native,genes,bif,3.0,5,1,Base Decipher (genes),61w5pzfk,https://wandb.ai/jpark-columbia/decipher-bc-sigma-sweep/runs/61w5pzfk,0.5897677872493028,0.4019151204826706,0.4542445040868872,0.002721544355154,0.7327949929087486,0.73554468875019,/home/jihyunpark/decipher-bc/Data/Simulated Data/Simulated Data Generation/../Simulated Adata/shift_sigma_sweep_bifurcation/0925/trained/sweep0925_fine_sigma3.0_seed5_native_bif_genes_decipherseed_1.h5ad,,210.7
native,genes,nobif,1.5,3,1,Base Decipher (genes),7x3sorfg,https://wandb.ai/jpark-columbia/decipher-bc-sigma-sweep/runs/7x3sorfg,0.9515143395907136,,,,0.7012720357706554,0.6370288010988248,/home/jihyunpark/decipher-bc/Data/Simulated Data/Simulated Data Generation/../Simulated Adata/shift_sigma_sweep_bifurcation/0925/trained/sweep0925_fine_sigma1.5_seed3_native_nobif_genes_decipherseed_1.h5ad,,233.8
native,genes,nobif,1.5,3,3,Base Decipher (genes),k8j8pt64,https://wandb.ai/jpark-columbia/decipher-bc-sigma-sweep/runs/k8j8pt64,0.973752272744509,,,,0.7155831446368499,0.6410858903873049,/home/jihyunpark/decipher-bc/Data/Simulated Data/Simulated Data Generation/../Simulated Adata/shift_sigma_sweep_bifurcation/0925/trained/sweep0925_fine_sigma1.5_seed3_native_nobif_genes_decipherseed_3.h5ad,,237.4
native,genes,bif,3.0,4,3,Base Decipher (genes),1y27e13y,https://wandb.ai/jpark-columbia/decipher-bc-sigma-sweep/runs/1y27e13y,0.4290949139446624,0.4622510806209821,0.1997087148157171,0.0022166401613503,0.6953505678622758,0.6490387246008109,/home/jihyunpark/decipher-bc/Data/Simulated Data/Simulated Data Generation/../Simulated Adata/shift_sigma_sweep_bifurcation/0925/trained/sweep0925_fine_sigma3.0_seed4_native_bif_genes_decipherseed_3.h5ad,,238.8
native,genes,bif,4.0,3,3,Base Decipher (genes),5s68wi6l,https://wandb.ai/jpark-columbia/decipher-bc-sigma-sweep/runs/5s68wi6l,0.4226197924760992,0.3344659789614287,0.3193471204503758,0.0021811581682413,0.6981057384774046,0.6014549889072857,/home/jihyunpark/decipher-bc/Data/Simulated Data/Simulated Data Generation/../Simulated Adata/shift_sigma_sweep_bifurcation/0925/trained/sweep0925_fine_sigma4.0_seed3_native_bif_genes_decipherseed_3.h5ad,,239.1
native,genes,bif,4.0,5,3,Base Decipher (genes),wz14b05y,https://wandb.ai/jpark-columbia/decipher-bc-sigma-sweep/runs/wz14b05y,0.1863992110187064,0.1465712968772639,0.0700051640903491,-0.0001019139017444,0.742888289845649,0.7661095876156907,/home/jihyunpark/decipher-bc/Data/Simulated Data/Simulated Data Generation/../Simulated Adata/shift_sigma_sweep_bifurcation/0925/trained/sweep0925_fine_sigma4.0_seed5_native_bif_genes_decipherseed_3.h5ad,,247.9
native,genes,nobif,0.75,5,3,Base Decipher (genes),ug64tz1z,https://wandb.ai/jpark-columbia/decipher-bc-sigma-sweep/runs/ug64tz1z,0.941568755097946,,,,0.6674379921699274,0.5519492380815658,/home/jihyunpark/decipher-bc/Data/Simulated Data/Simulated Data Generation/../Simulated Adata/shift_sigma_sweep_bifurcation/0925/trained/sweep0925_fine_sigma0.75_seed5_native_nobif_genes_decipherseed_3.h5ad,,247.8
native,genes,nobif,1.5,3,2,Base Decipher (genes),3u1y2vmt,https://wandb.ai/jpark-columbia/decipher-bc-sigma-sweep/runs/3u1y2vmt,0.9827973825245458,,,,0.716367747019824,0.6520867047703988,/home/jihyunpark/decipher-bc/Data/Simulated Data/Simulated Data Generation/../Simulated Adata/shift_sigma_sweep_bifurcation/0925/trained/sweep0925_fine_sigma1.5_seed3_native_nobif_genes_decipherseed_2.h5ad,,249.2
native,genes,nobif,0.75,5,1,Base Decipher (genes),y0135y2x,https://wandb.ai/jpark-columbia/decipher-bc-sigma-sweep/runs/y0135y2x,0.947778955191288,,,,0.6425581724088552,0.5221394306595207,/home/jihyunpark/decipher-bc/Data/Simulated Data/Simulated Data Generation/../Simulated Adata/shift_sigma_sweep_bifurcation/0925/trained/sweep0925_fine_sigma0.75_seed5_native_nobif_genes_decipherseed_1.h5ad,,259.7
native,z,nobif,3.0,5,3,Base Decipher (z),gi8kurou,https://wandb.ai/jpark-columbia/decipher-bc-sigma-sweep/runs/gi8kurou,0.8011281697259006,,,,0.9583243848252044,0.9437678651322612,/home/jihyunpark/decipher-bc/Data/Simulated Data/Simulated Data Generation/../Simulated Adata/shift_sigma_sweep_bifurcation/0925/trained/sweep0925_fine_sigma3.0_seed5_native_nobif_z_decipherseed_3.h5ad,,269.2
native,z,nobif,4.0,3,3,Base Decipher (z),aehvs6n6,https://wandb.ai/jpark-columbia/decipher-bc-sigma-sweep/runs/aehvs6n6,0.8604604057312781,,,,0.9574315434721816,0.937894509409583,/home/jihyunpark/decipher-bc/Data/Simulated Data/Simulated Data Generation/../Simulated Adata/shift_sigma_sweep_bifurcation/0925/trained/sweep0925_fine_sigma4.0_seed3_native_nobif_z_decipherseed_3.h5ad,,276.8
native,genes,nobif,1.5,5,3,Base Decipher (genes),c3uz2e3q,,0.3167161471574902,,,,0.7085626844075444,0.6508689169192454,/home/jihyunpark/decipher-bc/Data/Simulated Data/Simulated Data Generation/../Simulated Adata/shift_sigma_sweep_bifurcation/0925/trained/sweep0925_fine_sigma1.5_seed5_native_nobif_genes_decipherseed_3.h5ad,,168.4
native,genes,nobif,1.5,5,2,Base Decipher (genes),tdfyimi9,,0.578141942348774,,,,0.7080054246875394,0.6475068667285551,/home/jihyunpark/decipher-bc/Data/Simulated Data/Simulated Data Generation/../Simulated Adata/shift_sigma_sweep_bifurcation/0925/trained/sweep0925_fine_sigma1.5_seed5_native_nobif_genes_decipherseed_2.h5ad,,180.8
native,genes,nobif,3.0,5,2,Base Decipher (genes),5z1mtssp,,0.45087473318209675,,,,0.7557836671343984,0.7933965931888163,/home/jihyunpark/decipher-bc/Data/Simulated Data/Simulated Data Generation/../Simulated Adata/shift_sigma_sweep_bifurcation/0925/trained/sweep0925_fine_sigma3.0_seed5_native_nobif_genes_decipherseed_2.h5ad,,185.1
native,genes,nobif,3.0,3,3,Base Decipher (genes),lhfjj2ca,,0.6740416097771129,,,,0.7287134444935963,0.659857568380131,/home/jihyunpark/decipher-bc/Data/Simulated Data/Simulated Data Generation/../Simulated Adata/shift_sigma_sweep_bifurcation/0925/trained/sweep0925_fine_sigma3.0_seed3_native_nobif_genes_decipherseed_3.h5ad,,206.2
native,genes,nobif,3.0,3,1,Base Decipher (genes),mrp423lh,,0.4908379943146524,,,,0.7294012838809317,0.6495864084019296,/home/jihyunpark/decipher-bc/Data/Simulated Data/Simulated Data Generation/../Simulated Adata/shift_sigma_sweep_bifurcation/0925/trained/sweep0925_fine_sigma3.0_seed3_native_nobif_genes_decipherseed_1.h5ad,,212.7
native,genes,nobif,1.5,4,2,Base Decipher (genes),baunpr6a,,0.37709277670761565,,,,0.6885297991784275,0.6001399859616579,/home/jihyunpark/decipher-bc/Data/Simulated Data/Simulated Data Generation/../Simulated Adata/shift_sigma_sweep_bifurcation/0925/trained/sweep0925_fine_sigma1.5_seed4_native_nobif_genes_decipherseed_2.h5ad,,215.9
native,genes,nobif,0.75,3,2,Base Decipher (genes),cqvhntpz,,0.9861629185201504,,,,0.8096817334483035,0.708290342443912,/home/jihyunpark/decipher-bc/Data/Simulated Data/Simulated Data Generation/../Simulated Adata/shift_sigma_sweep_bifurcation/0925/trained/sweep0925_fine_sigma0.75_seed3_native_nobif_genes_decipherseed_2.h5ad,,223.7
native,genes,nobif,3.0,5,1,Base Decipher (genes),d2n05u3t,,0.4276953131023895,,,,0.7532129411042481,0.8194434556913577,/home/jihyunpark/decipher-bc/Data/Simulated Data/Simulated Data Generation/../Simulated Adata/shift_sigma_sweep_bifurcation/0925/trained/sweep0925_fine_sigma3.0_seed5_native_nobif_genes_decipherseed_1.h5ad,,223.4
native,genes,nobif,3.0,3,2,Base Decipher (genes),6z68ysiq,,0.7994774801104186,,,,0.7110133068442754,0.6596860136784962,/home/jihyunpark/decipher-bc/Data/Simulated Data/Simulated Data Generation/../Simulated Adata/shift_sigma_sweep_bifurcation/0925/trained/sweep0925_fine_sigma3.0_seed3_native_nobif_genes_decipherseed_2.h5ad,,226.5
native,genes,nobif,4.0,3,1,Base Decipher (genes),g752r12d,,0.6767144368665368,,,,0.7411791047719649,0.7110137934638561,/home/jihyunpark/decipher-bc/Data/Simulated Data/Simulated Data Generation/../Simulated Adata/shift_sigma_sweep_bifurcation/0925/trained/sweep0925_fine_sigma4.0_seed3_native_nobif_genes_decipherseed_1.h5ad,,228.4
native,genes,nobif,3.0,4,1,Base Decipher (genes),9g1by284,,0.4232229862968781,,,,0.7285985386115403,0.776354645940329,/home/jihyunpark/decipher-bc/Data/Simulated Data/Simulated Data Generation/../Simulated Adata/shift_sigma_sweep_bifurcation/0925/trained/sweep0925_fine_sigma3.0_seed4_native_nobif_genes_decipherseed_1.h5ad,,233.2
native,genes,nobif,1.5,5,1,Base Decipher (genes),yvuyjm8p,,0.6263006177702676,,,,0.7082860921065203,0.6699139414229193,/home/jihyunpark/decipher-bc/Data/Simulated Data/Simulated Data Generation/../Simulated Adata/shift_sigma_sweep_bifurcation/0925/trained/sweep0925_fine_sigma1.5_seed5_native_nobif_genes_decipherseed_1.h5ad,,249.9
native,genes,nobif,3.0,4,3,Base Decipher (genes),9cl9114g,,0.44228660756631094,,,,0.7259865859187498,0.7823873739404981,/home/jihyunpark/decipher-bc/Data/Simulated Data/Simulated Data Generation/../Simulated Adata/shift_sigma_sweep_bifurcation/0925/trained/sweep0925_fine_sigma3.0_seed4_native_nobif_genes_decipherseed_3.h5ad,,254.0
native,genes,nobif,3.0,4,2,Base Decipher (genes),0lledwzi,,0.4251718030020027,,,,0.726360000463233,0.7790226400749805,/home/jihyunpark/decipher-bc/Data/Simulated Data/Simulated Data Generation/../Simulated Adata/shift_sigma_sweep_bifurcation/0925/trained/sweep0925_fine_sigma3.0_seed4_native_nobif_genes_decipherseed_2.h5ad,,255.5
native,genes,nobif,1.5,4,3,Base Decipher (genes),96293tp8,,0.5995062857736941,,,,0.6849717867298872,0.5753231190585968,/home/jihyunpark/decipher-bc/Data/Simulated Data/Simulated Data Generation/../Simulated Adata/shift_sigma_sweep_bifurcation/0925/trained/sweep0925_fine_sigma1.5_seed4_native_nobif_genes_decipherseed_3.h5ad,,272.9
native,genes,nobif,3.0,5,3,Base Decipher (genes),9t936245,,0.4430834338311083,,,,0.7563468236942507,0.7881743378936892,/home/jihyunpark/decipher-bc/Data/Simulated Data/Simulated Data Generation/../Simulated Adata/shift_sigma_sweep_bifurcation/0925/trained/sweep0925_fine_sigma3.0_seed5_native_nobif_genes_decipherseed_3.h5ad,,276.0
native,genes,nobif,4.0,4,1,Base Decipher (genes),0c3y916v,,0.47505972549910847,,,,0.7366983913842383,0.8298061467619543,/home/jihyunpark/decipher-bc/Data/Simulated Data/Simulated Data Generation/../Simulated Adata/shift_sigma_sweep_bifurcation/0925/trained/sweep0925_fine_sigma4.0_seed4_native_nobif_genes_decipherseed_1.h5ad,,166.4
native,genes,nobif,4.0,3,3,Base Decipher (genes),fkukdt3k,,0.7524377539222835,,,,0.7290205926862583,0.6825265779896663,/home/jihyunpark/decipher-bc/Data/Simulated Data/Simulated Data Generation/../Simulated Adata/shift_sigma_sweep_bifurcation/0925/trained/sweep0925_fine_sigma4.0_seed3_native_nobif_genes_decipherseed_3.h5ad,,213.0
native,genes,nobif,4.0,4,2,Base Decipher (genes),wn4ljmpr,,0.34629492659755506,,,,0.735980780785433,0.8214257647276785,/home/jihyunpark/decipher-bc/Data/Simulated Data/Simulated Data Generation/../Simulated Adata/shift_sigma_sweep_bifurcation/0925/trained/sweep0925_fine_sigma4.0_seed4_native_nobif_genes_decipherseed_2.h5ad,,199.9
native,genes,nobif,4.0,3,2,Base Decipher (genes),cad3ih3h,,0.7041130178425083,,,,0.7203271389620132,0.7311913410553417,/home/jihyunpark/decipher-bc/Data/Simulated Data/Simulated Data Generation/../Simulated Adata/shift_sigma_sweep_bifurcation/0925/trained/sweep0925_fine_sigma4.0_seed3_native_nobif_genes_decipherseed_2.h5ad,,239.9
native,genes,nobif,4.0,5,3,Base Decipher (genes),s785x794,,0.33025498978995715,,,,0.7670788950222094,0.8265778636597363,/home/jihyunpark/decipher-bc/Data/Simulated Data/Simulated Data Generation/../Simulated Adata/shift_sigma_sweep_bifurcation/0925/trained/sweep0925_fine_sigma4.0_seed5_native_nobif_genes_decipherseed_3.h5ad,,192.7
native,genes,nobif,4.0,4,3,Base Decipher (genes),2x7lgk9k,,0.3857948230542041,,,,0.7357270550887316,0.826783741412846,/home/jihyunpark/decipher-bc/Data/Simulated Data/Simulated Data Generation/../Simulated Adata/shift_sigma_sweep_bifurcation/0925/trained/sweep0925_fine_sigma4.0_seed4_native_nobif_genes_decipherseed_3.h5ad,,218.9
native,genes,nobif,4.0,5,1,Base Decipher (genes),77sq0zmu,,0.4064507147701537,,,,0.7605767814330949,0.8368567246844834,/home/jihyunpark/decipher-bc/Data/Simulated Data/Simulated Data Generation/../Simulated Adata/shift_sigma_sweep_bifurcation/0925/trained/sweep0925_fine_sigma4.0_seed5_native_nobif_genes_decipherseed_1.h5ad,,217.0
model2,z,bif,0.75,4,2,Set1 vz2,arkw7c1f,,0.8936180058339457,0.8955026034771787,0.767193612235331,0.3744733929634094,0.909057099189517,0.8159817386161454,/home/jihyunpark/decipher-bc/Data/Simulated Data/Simulated Data Generation/../Simulated Adata/shift_sigma_sweep_bifurcation/0925/trained/sweep0925_fine_sigma0.75_seed4_model2_bif_z_decipherseed_2.h5ad,,190.8
model2,z,bif,0.75,3,2,Set1 vz2,l3qgeu9p,,0.9287937370762155,0.9268742088069581,0.8769271803726065,0.42127302289009094,0.9480842319789672,0.8959300596080078,/home/jihyunpark/decipher-bc/Data/Simulated Data/Simulated Data Generation/../Simulated Adata/shift_sigma_sweep_bifurcation/0925/trained/sweep0925_fine_sigma0.75_seed3_model2_bif_z_decipherseed_2.h5ad,,234.2
model2,z,bif,0.75,3,3,Set1 vz2,pl0vlgbs,,0.9367353825228737,0.927772050290198,0.8579273031794483,0.40313512086868286,0.9505342889059044,0.900403124563625,/home/jihyunpark/decipher-bc/Data/Simulated Data/Simulated Data Generation/../Simulated Adata/shift_sigma_sweep_bifurcation/0925/trained/sweep0925_fine_sigma0.75_seed3_model2_bif_z_decipherseed_3.h5ad,,229.4
native,genes,nobif,4.0,5,2,Base Decipher (genes),hrset0ae,,0.24355508929559538,,,,0.7637288934838442,0.8509861762015998,/home/jihyunpark/decipher-bc/Data/Simulated Data/Simulated Data Generation/../Simulated Adata/shift_sigma_sweep_bifurcation/0925/trained/sweep0925_fine_sigma4.0_seed5_native_nobif_genes_decipherseed_2.h5ad,,242.8
model2,z,bif,0.75,5,2,Set1 vz2,0b34hmhl,,0.8493569287897114,0.9245414873154738,0.7505619733564803,0.374237060546875,0.9077276963170754,0.8337198632169308,/home/jihyunpark/decipher-bc/Data/Simulated Data/Simulated Data Generation/../Simulated Adata/shift_sigma_sweep_bifurcation/0925/trained/sweep0925_fine_sigma0.75_seed5_model2_bif_z_decipherseed_2.h5ad,,196.6
model2,z,bif,0.75,3,1,Set1 vz2,7kb52124,,0.9334440977722389,0.9141586816674308,0.8698162136251275,0.47521430253982544,0.94824377654802,0.8972603250015109,/home/jihyunpark/decipher-bc/Data/Simulated Data/Simulated Data Generation/../Simulated Adata/shift_sigma_sweep_bifurcation/0925/trained/sweep0925_fine_sigma0.75_seed3_model2_bif_z_decipherseed_1.h5ad,,250.0
model2,z,bif,0.75,4,3,Set1 vz2,s5qt4itx,,0.9228371983287698,0.8657260531924179,0.8714236023183743,0.3153952360153198,0.9093540623852233,0.8190641927365329,/home/jihyunpark/decipher-bc/Data/Simulated Data/Simulated Data Generation/../Simulated Adata/shift_sigma_sweep_bifurcation/0925/trained/sweep0925_fine_sigma0.75_seed4_model2_bif_z_decipherseed_3.h5ad,,228.6
model2,z,bif,0.75,5,1,Set1 vz2,fo4f8tif,,0.8474889030524064,0.8573361446939655,0.742572036110182,0.3156430423259735,0.9075698726253354,0.8310757897228975,/home/jihyunpark/decipher-bc/Data/Simulated Data/Simulated Data Generation/../Simulated Adata/shift_sigma_sweep_bifurcation/0925/trained/sweep0925_fine_sigma0.75_seed5_model2_bif_z_decipherseed_1.h5ad,,214.8
model2,z,bif,0.75,4,1,Set1 vz2,ylcox2rz,,0.8997238315378479,0.8568802929171095,0.8615775979865273,0.40015897154808044,0.908760141799368,0.8177742323009664,/home/jihyunpark/decipher-bc/Data/Simulated Data/Simulated Data Generation/../Simulated Adata/shift_sigma_sweep_bifurcation/0925/trained/sweep0925_fine_sigma0.75_seed4_model2_bif_z_decipherseed_1.h5ad,,275.3
model2,z,bif,1.5,3,1,Set1 vz2,y4ngxb0k,,0.8917761305198499,0.7784364783250604,0.8564068160846423,0.3117702901363373,0.9468721028494044,0.8951490078974434,/home/jihyunpark/decipher-bc/Data/Simulated Data/Simulated Data Generation/../Simulated Adata/shift_sigma_sweep_bifurcation/0925/trained/sweep0925_fine_sigma1.5_seed3_model2_bif_z_decipherseed_1.h5ad,,196.1
model2,z,bif,0.75,5,3,Set1 vz2,xnuyctjk,,0.7639134078145405,0.8507428070682636,0.6062133242429824,0.30318665504455566,0.9081003864425716,0.8322891602048718,/home/jihyunpark/decipher-bc/Data/Simulated Data/Simulated Data Generation/../Simulated Adata/shift_sigma_sweep_bifurcation/0925/trained/sweep0925_fine_sigma0.75_seed5_model2_bif_z_decipherseed_3.h5ad,,241.7
model2,z,bif,1.5,5,2,Set1 vz2,91dnrvhf,,0.7502784417041701,0.8602879273444639,0.6212436088523604,0.24644634127616882,0.92550239628917,0.8732851186185637,/home/jihyunpark/decipher-bc/Data/Simulated Data/Simulated Data Generation/../Simulated Adata/shift_sigma_sweep_bifurcation/0925/trained/sweep0925_fine_sigma1.5_seed5_model2_bif_z_decipherseed_2.h5ad,,148.5
model2,z,bif,1.5,4,2,Set1 vz2,k9s7cf9z,,0.7055704387687892,0.6951266010333323,0.65100322041348,0.2286999672651291,0.9248897117194528,0.8632247835395083,/home/jihyunpark/decipher-bc/Data/Simulated Data/Simulated Data Generation/../Simulated Adata/shift_sigma_sweep_bifurcation/0925/trained/sweep0925_fine_sigma1.5_seed4_model2_bif_z_decipherseed_2.h5ad,,193.7
model2,z,bif,1.5,3,2,Set1 vz2,pimsyyal,,0.8701773848993339,0.7891835856779039,0.7544595171176272,0.3006349802017212,0.9436562496408378,0.8842438207991183,/home/jihyunpark/decipher-bc/Data/Simulated Data/Simulated Data Generation/../Simulated Adata/shift_sigma_sweep_bifurcation/0925/trained/sweep0925_fine_sigma1.5_seed3_model2_bif_z_decipherseed_2.h5ad,,233.6
model2,z,bif,1.5,5,1,Set1 vz2,gscvyomp,,0.7581622546625454,0.781759579735395,0.7688620634883045,0.20252077281475067,0.9299477459248057,0.8770241182829775,/home/jihyunpark/decipher-bc/Data/Simulated Data/Simulated Data Generation/../Simulated Adata/shift_sigma_sweep_bifurcation/0925/trained/sweep0925_fine_sigma1.5_seed5_model2_bif_z_decipherseed_1.h5ad,,217.7
model2,z,bif,1.5,3,3,Set1 vz2,uujcbjav,,0.885812253524804,0.8197640954102783,0.771367477583101,0.3110333979129791,0.9465252563610667,0.8960675020297446,/home/jihyunpark/decipher-bc/Data/Simulated Data/Simulated Data Generation/../Simulated Adata/shift_sigma_sweep_bifurcation/0925/trained/sweep0925_fine_sigma1.5_seed3_model2_bif_z_decipherseed_3.h5ad,,254.6
model2,z,bif,1.5,5,3,Set1 vz2,juka2f0c,,0.7444570287719893,0.8383785291893456,0.593412449643074,0.23197245597839355,0.9300231017097031,0.8762397236148884,/home/jihyunpark/decipher-bc/Data/Simulated Data/Simulated Data Generation/../Simulated Adata/shift_sigma_sweep_bifurcation/0925/trained/sweep0925_fine_sigma1.5_seed5_model2_bif_z_decipherseed_3.h5ad,,204.9
model2,z,bif,1.5,4,1,Set1 vz2,oekgqd02,,0.7505245636915492,0.6240525241753805,0.6580209319938966,0.294171541929245,0.9236283918210793,0.8584442770881007,/home/jihyunpark/decipher-bc/Data/Simulated Data/Simulated Data Generation/../Simulated Adata/shift_sigma_sweep_bifurcation/0925/trained/sweep0925_fine_sigma1.5_seed4_model2_bif_z_decipherseed_1.h5ad,,283.1
model2,z,bif,3.0,3,1,Set1 vz2,wel1hknv,,0.7935272472129539,0.6534291336436527,0.902024971620555,0.12856626510620117,0.9464415846999175,0.9081125356283719,/home/jihyunpark/decipher-bc/Data/Simulated Data/Simulated Data Generation/../Simulated Adata/shift_sigma_sweep_bifurcation/0925/trained/sweep0925_fine_sigma3.0_seed3_model2_bif_z_decipherseed_1.h5ad,,238.2
model2,z,bif,1.5,4,3,Set1 vz2,eysm8ect,,0.8627855001747775,0.7889122966981479,0.7637187740168064,0.23170730471611023,0.9253952794344384,0.8607840884652487,/home/jihyunpark/decipher-bc/Data/Simulated Data/Simulated Data Generation/../Simulated Adata/shift_sigma_sweep_bifurcation/0925/trained/sweep0925_fine_sigma1.5_seed4_model2_bif_z_decipherseed_3.h5ad,,276.2
model2,z,bif,3.0,4,2,Set1 vz2,sufc8j3k,,0.7599602478537435,0.7042019019941447,0.5472640959574168,0.1735638976097107,0.9460852323586413,0.9063160293474081,/home/jihyunpark/decipher-bc/Data/Simulated Data/Simulated Data Generation/../Simulated Adata/shift_sigma_sweep_bifurcation/0925/trained/sweep0925_fine_sigma3.0_seed4_model2_bif_z_decipherseed_2.h5ad,,224.7
model2,z,bif,3.0,4,3,Set1 vz2,ecv8bltt,,0.801231153880064,0.8383825837632082,0.6536026911470751,0.13759036362171173,0.9449764562145407,0.9042581395905689,/home/jihyunpark/decipher-bc/Data/Simulated Data/Simulated Data Generation/../Simulated Adata/shift_sigma_sweep_bifurcation/0925/trained/sweep0925_fine_sigma3.0_seed4_model2_bif_z_decipherseed_3.h5ad,,197.7
model2,z,bif,3.0,4,1,Set1 vz2,1eu2qcm0,,0.6631401059422424,0.6259520026506095,0.581265557157197,0.23680651187896729,0.9458399788055425,0.904464991415784,/home/jihyunpark/decipher-bc/Data/Simulated Data/Simulated Data Generation/../Simulated Adata/shift_sigma_sweep_bifurcation/0925/trained/sweep0925_fine_sigma3.0_seed4_model2_bif_z_decipherseed_1.h5ad,,254.3
model2,z,bif,3.0,3,2,Set1 vz2,ocvfs3du,,0.751093567417758,0.6135355070952665,0.7660431176988187,0.1358463168144226,0.9475087781967373,0.9117184218319487,/home/jihyunpark/decipher-bc/Data/Simulated Data/Simulated Data Generation/../Simulated Adata/shift_sigma_sweep_bifurcation/0925/trained/sweep0925_fine_sigma3.0_seed3_model2_bif_z_decipherseed_2.h5ad,,281.3
model2,z,bif,3.0,3,3,Set1 vz2,3b88xh21,,0.9019790165612129,0.7687996265601734,0.9207423751789199,0.13706021010875702,0.9478971404657979,0.9109153583586376,/home/jihyunpark/decipher-bc/Data/Simulated Data/Simulated Data Generation/../Simulated Adata/shift_sigma_sweep_bifurcation/0925/trained/sweep0925_fine_sigma3.0_seed3_model2_bif_z_decipherseed_3.h5ad,,287.8
model2,z,bif,3.0,5,1,Set1 vz2,p62nhsrw,,0.6382616034281611,0.8062310629354982,0.5194151439146796,0.2097364217042923,0.9515825970092332,0.9170613745924261,/home/jihyunpark/decipher-bc/Data/Simulated Data/Simulated Data Generation/../Simulated Adata/shift_sigma_sweep_bifurcation/0925/trained/sweep0925_fine_sigma3.0_seed5_model2_bif_z_decipherseed_1.h5ad,,236.1
model2,z,bif,3.0,5,3,Set1 vz2,vubrtjuy,,0.6520034410029257,0.7496234882473386,0.4288617159285734,0.18686644732952118,0.9495419715407424,0.9156282122631678,/home/jihyunpark/decipher-bc/Data/Simulated Data/Simulated Data Generation/../Simulated Adata/shift_sigma_sweep_bifurcation/0925/trained/sweep0925_fine_sigma3.0_seed5_model2_bif_z_decipherseed_3.h5ad,,243.2
model2,z,bif,4.0,3,2,Set1 vz2,b4a54b2n,,0.8311868684258149,0.7682754524168947,0.6937950471256642,0.10764054208993912,0.9507889941449406,0.9219869871223504,/home/jihyunpark/decipher-bc/Data/Simulated Data/Simulated Data Generation/../Simulated Adata/shift_sigma_sweep_bifurcation/0925/trained/sweep0925_fine_sigma4.0_seed3_model2_bif_z_decipherseed_2.h5ad,,225.8
model2,z,bif,3.0,5,2,Set1 vz2,uly3hfd8,,0.7226148350210461,0.5833784122189659,0.6006805455067138,0.17395278811454773,0.9489725103311983,0.9131474495299314,/home/jihyunpark/decipher-bc/Data/Simulated Data/Simulated Data Generation/../Simulated Adata/shift_sigma_sweep_bifurcation/0925/trained/sweep0925_fine_sigma3.0_seed5_model2_bif_z_decipherseed_2.h5ad,,280.1
model2,z,bif,4.0,3,3,Set1 vz2,8oftzv5s,,0.7947468612093161,0.7169692249061983,0.673176395506686,0.11059262603521347,0.9523468009262601,0.9249689952389615,/home/jihyunpark/decipher-bc/Data/Simulated Data/Simulated Data Generation/../Simulated Adata/shift_sigma_sweep_bifurcation/0925/trained/sweep0925_fine_sigma4.0_seed3_model2_bif_z_decipherseed_3.h5ad,,221.9
model2,z,bif,4.0,3,1,Set1 vz2,536ealyk,,0.8015418285020287,0.691996214566273,0.8648320541737592,0.12116318196058273,0.9534176041272783,0.9250956157434826,/home/jihyunpark/decipher-bc/Data/Simulated Data/Simulated Data Generation/../Simulated Adata/shift_sigma_sweep_bifurcation/0925/trained/sweep0925_fine_sigma4.0_seed3_model2_bif_z_decipherseed_1.h5ad,,283.3
model2,z,bif,4.0,5,3,Set1 vz2,qq285fg4,,0.7121776156916215,0.6999720316586234,0.6176627297608188,0.10792864859104156,0.9542442548063288,0.92802758068671,/home/jihyunpark/decipher-bc/Data/Simulated Data/Simulated Data Generation/../Simulated Adata/shift_sigma_sweep_bifurcation/0925/trained/sweep0925_fine_sigma4.0_seed5_model2_bif_z_decipherseed_3.h5ad,,221.3
model2,z,bif,4.0,4,1,Set1 vz2,47vy9dwx,,0.593795241928883,0.37529427661608517,0.6797845205998806,0.2626289427280426,0.9536650208006591,0.9230096434133901,/home/jihyunpark/decipher-bc/Data/Simulated Data/Simulated Data Generation/../Simulated Adata/shift_sigma_sweep_bifurcation/0925/trained/sweep0925_fine_sigma4.0_seed4_model2_bif_z_decipherseed_1.h5ad,,274.1
model2,z,bif,4.0,4,2,Set1 vz2,ou7allw3,,0.6191543824707261,0.6561784489575628,0.5060709653919493,0.073272205889225,0.9545010554833921,0.9242397498428065,/home/jihyunpark/decipher-bc/Data/Simulated Data/Simulated Data Generation/../Simulated Adata/shift_sigma_sweep_bifurcation/0925/trained/sweep0925_fine_sigma4.0_seed4_model2_bif_z_decipherseed_2.h5ad,,278.4
model2,z,bif,4.0,4,3,Set1 vz2,doeexwbm,,0.8045339913479179,0.703299353324305,0.6884451453239449,0.11937935650348663,0.9530512870049482,0.9198013286023123,/home/jihyunpark/decipher-bc/Data/Simulated Data/Simulated Data Generation/../Simulated Adata/shift_sigma_sweep_bifurcation/0925/trained/sweep0925_fine_sigma4.0_seed4_model2_bif_z_decipherseed_3.h5ad,,249.5
model2,z,bif,4.0,5,1,Set1 vz2,6wbbc5vc,,0.5827144333580159,0.620808406880061,0.5745551473218086,0.1485232263803482,0.9542492092177888,0.9254150879193566,/home/jihyunpark/decipher-bc/Data/Simulated Data/Simulated Data Generation/../Simulated Adata/shift_sigma_sweep_bifurcation/0925/trained/sweep0925_fine_sigma4.0_seed5_model2_bif_z_decipherseed_1.h5ad,,251.2
model2,z,nobif,0.75,3,3,Set1 vz2,0mghxdse,,0.9222189184108128,,,,0.9266168617938475,0.8337375541283222,/home/jihyunpark/decipher-bc/Data/Simulated Data/Simulated Data Generation/../Simulated Adata/shift_sigma_sweep_bifurcation/0925/trained/sweep0925_fine_sigma0.75_seed3_model2_nobif_z_decipherseed_3.h5ad,,223.1
model2,z,bif,4.0,5,2,Set1 vz2,jcz9h5zc,,0.7436596282824246,0.7354963836858186,0.651245636948785,0.14051638543605804,0.9562505840710229,0.9293354879131235,/home/jihyunpark/decipher-bc/Data/Simulated Data/Simulated Data Generation/../Simulated Adata/shift_sigma_sweep_bifurcation/0925/trained/sweep0925_fine_sigma4.0_seed5_model2_bif_z_decipherseed_2.h5ad,,271.6
model2,z,nobif,0.75,4,1,Set1 vz2,dl4p9vxs,,0.9644176975492753,,,,0.8639875632989658,0.747258627147212,/home/jihyunpark/decipher-bc/Data/Simulated Data/Simulated Data Generation/../Simulated Adata/shift_sigma_sweep_bifurcation/0925/trained/sweep0925_fine_sigma0.75_seed4_model2_nobif_z_decipherseed_1.h5ad,,239.5
model2,z,nobif,0.75,3,1,Set1 vz2,dgcksedf,,0.8662452610319564,,,,0.9261169599085952,0.8330094804050904,/home/jihyunpark/decipher-bc/Data/Simulated Data/Simulated Data Generation/../Simulated Adata/shift_sigma_sweep_bifurcation/0925/trained/sweep0925_fine_sigma0.75_seed3_model2_nobif_z_decipherseed_1.h5ad,,288.5
model2,z,nobif,0.75,3,2,Set1 vz2,vrsc1etq,,0.9239933955386491,,,,0.9255575931057319,0.8325239906598081,/home/jihyunpark/decipher-bc/Data/Simulated Data/Simulated Data Generation/../Simulated Adata/shift_sigma_sweep_bifurcation/0925/trained/sweep0925_fine_sigma0.75_seed3_model2_nobif_z_decipherseed_2.h5ad,,324.2
model2,z,nobif,0.75,4,2,Set1 vz2,nzpgooxb,,0.9503164582238589,,,,0.8619846773117029,0.7461234800661345,/home/jihyunpark/decipher-bc/Data/Simulated Data/Simulated Data Generation/../Simulated Adata/shift_sigma_sweep_bifurcation/0925/trained/sweep0925_fine_sigma0.75_seed4_model2_nobif_z_decipherseed_2.h5ad,,240.2
model2,z,nobif,0.75,5,1,Set1 vz2,2pwj2tv3,,0.7427039002756883,,,,0.8908088026636559,0.7900747250879432,/home/jihyunpark/decipher-bc/Data/Simulated Data/Simulated Data Generation/../Simulated Adata/shift_sigma_sweep_bifurcation/0925/trained/sweep0925_fine_sigma0.75_seed5_model2_nobif_z_decipherseed_1.h5ad,,222.6
model2,z,nobif,0.75,4,3,Set1 vz2,frdzi5kt,,0.9726686404395574,,,,0.861217666003579,0.7388501401282566,/home/jihyunpark/decipher-bc/Data/Simulated Data/Simulated Data Generation/../Simulated Adata/shift_sigma_sweep_bifurcation/0925/trained/sweep0925_fine_sigma0.75_seed4_model2_nobif_z_decipherseed_3.h5ad,,235.7
model2,z,nobif,0.75,5,2,Set1 vz2,q46jmpfc,,0.831194213722618,,,,0.8922143882982846,0.793409141176288,/home/jihyunpark/decipher-bc/Data/Simulated Data/Simulated Data Generation/../Simulated Adata/shift_sigma_sweep_bifurcation/0925/trained/sweep0925_fine_sigma0.75_seed5_model2_nobif_z_decipherseed_2.h5ad,,233.8
model2,z,nobif,0.75,5,3,Set1 vz2,jiwr4a4r,,0.8753907552074445,,,,0.8943333609204827,0.7952680796395473,/home/jihyunpark/decipher-bc/Data/Simulated Data/Simulated Data Generation/../Simulated Adata/shift_sigma_sweep_bifurcation/0925/trained/sweep0925_fine_sigma0.75_seed5_model2_nobif_z_decipherseed_3.h5ad,,234.8
model2,z,nobif,1.5,3,1,Set1 vz2,z0zsewr9,,0.7356514655107257,,,,0.9376050084546986,0.88485199271326,/home/jihyunpark/decipher-bc/Data/Simulated Data/Simulated Data Generation/../Simulated Adata/shift_sigma_sweep_bifurcation/0925/trained/sweep0925_fine_sigma1.5_seed3_model2_nobif_z_decipherseed_1.h5ad,,243.5
model2,z,nobif,1.5,4,2,Set1 vz2,u2k4reqi,,0.7024096138176772,,,,0.9087286469018433,0.8425734371800717,/home/jihyunpark/decipher-bc/Data/Simulated Data/Simulated Data Generation/../Simulated Adata/shift_sigma_sweep_bifurcation/0925/trained/sweep0925_fine_sigma1.5_seed4_model2_nobif_z_decipherseed_2.h5ad,,245.0
model2,z,nobif,1.5,3,2,Set1 vz2,940lyi3z,,0.8196442487025056,,,,0.937376904667172,0.8815470912836403,/home/jihyunpark/decipher-bc/Data/Simulated Data/Simulated Data Generation/../Simulated Adata/shift_sigma_sweep_bifurcation/0925/trained/sweep0925_fine_sigma1.5_seed3_model2_nobif_z_decipherseed_2.h5ad,,262.7
model2,z,nobif,1.5,5,1,Set1 vz2,fombd0po,,0.6128241935720032,,,,0.9309981025550851,0.8858798077030561,/home/jihyunpark/decipher-bc/Data/Simulated Data/Simulated Data Generation/../Simulated Adata/shift_sigma_sweep_bifurcation/0925/trained/sweep0925_fine_sigma1.5_seed5_model2_nobif_z_decipherseed_1.h5ad,,230.7
model2,z,nobif,1.5,4,1,Set1 vz2,70d5perj,,0.703611746065163,,,,0.9107514246421583,0.8483380563836111,/home/jihyunpark/decipher-bc/Data/Simulated Data/Simulated Data Generation/../Simulated Adata/shift_sigma_sweep_bifurcation/0925/trained/sweep0925_fine_sigma1.5_seed4_model2_nobif_z_decipherseed_1.h5ad,,269.2
model2,z,nobif,1.5,4,3,Set1 vz2,qgg1wf22,,0.8381439556227596,,,,0.9098048146474057,0.8466301223217197,/home/jihyunpark/decipher-bc/Data/Simulated Data/Simulated Data Generation/../Simulated Adata/shift_sigma_sweep_bifurcation/0925/trained/sweep0925_fine_sigma1.5_seed4_model2_nobif_z_decipherseed_3.h5ad,,289.4
model2,z,nobif,1.5,5,2,Set1 vz2,j55i7f39,,0.6159559055943507,,,,0.9315172668231294,0.8878923524153638,/home/jihyunpark/decipher-bc/Data/Simulated Data/Simulated Data Generation/../Simulated Adata/shift_sigma_sweep_bifurcation/0925/trained/sweep0925_fine_sigma1.5_seed5_model2_nobif_z_decipherseed_2.h5ad,,272.3
model2,z,nobif,1.5,3,3,Set1 vz2,t2gaebzb,,0.7500537286853318,,,,0.9379453582019621,0.8839431720408838,/home/jihyunpark/decipher-bc/Data/Simulated Data/Simulated Data Generation/../Simulated Adata/shift_sigma_sweep_bifurcation/0925/trained/sweep0925_fine_sigma1.5_seed3_model2_nobif_z_decipherseed_3.h5ad,,317.3
model2,z,nobif,3.0,3,2,Set1 vz2,qj42avdf,,0.60878288117098,,,,0.9514186727672496,0.9253225890075587,/home/jihyunpark/decipher-bc/Data/Simulated Data/Simulated Data Generation/../Simulated Adata/shift_sigma_sweep_bifurcation/0925/trained/sweep0925_fine_sigma3.0_seed3_model2_nobif_z_decipherseed_2.h5ad,,241.2
model2,z,nobif,1.5,5,3,Set1 vz2,kbuvwiar,,0.7166976184440932,,,,0.931811558327039,0.8916665675231673,/home/jihyunpark/decipher-bc/Data/Simulated Data/Simulated Data Generation/../Simulated Adata/shift_sigma_sweep_bifurcation/0925/trained/sweep0925_fine_sigma1.5_seed5_model2_nobif_z_decipherseed_3.h5ad,,313.6
model2,z,nobif,3.0,3,3,Set1 vz2,di2ow7q7,,0.5296735451414328,,,,0.9514156994960649,0.9263574014643003,/home/jihyunpark/decipher-bc/Data/Simulated Data/Simulated Data Generation/../Simulated Adata/shift_sigma_sweep_bifurcation/0925/trained/sweep0925_fine_sigma3.0_seed3_model2_nobif_z_decipherseed_3.h5ad,,289.9
model2,z,nobif,3.0,3,1,Set1 vz2,55ddvl1q,,0.7254606047132546,,,,0.9503615829115417,0.9243318529459903,/home/jihyunpark/decipher-bc/Data/Simulated Data/Simulated Data Generation/../Simulated Adata/shift_sigma_sweep_bifurcation/0925/trained/sweep0925_fine_sigma3.0_seed3_model2_nobif_z_decipherseed_1.h5ad,,346.5
model2,z,nobif,3.0,4,2,Set1 vz2,e2k3m36b,,0.8317696920593345,,,,0.9441847184966656,0.9153429341261201,/home/jihyunpark/decipher-bc/Data/Simulated Data/Simulated Data Generation/../Simulated Adata/shift_sigma_sweep_bifurcation/0925/trained/sweep0925_fine_sigma3.0_seed4_model2_nobif_z_decipherseed_2.h5ad,,283.2
model2,z,nobif,3.0,4,3,Set1 vz2,zvtjvzkq,,0.6314379633493158,,,,0.9448120240686243,0.9159673279128768,/home/jihyunpark/decipher-bc/Data/Simulated Data/Simulated Data Generation/../Simulated Adata/shift_sigma_sweep_bifurcation/0925/trained/sweep0925_fine_sigma3.0_seed4_model2_nobif_z_decipherseed_3.h5ad,,268.8
model2,z,nobif,3.0,4,1,Set1 vz2,cdkg75ti,,0.8207184747846953,,,,0.9448887958951888,0.9178109829124533,/home/jihyunpark/decipher-bc/Data/Simulated Data/Simulated Data Generation/../Simulated Adata/shift_sigma_sweep_bifurcation/0925/trained/sweep0925_fine_sigma3.0_seed4_model2_nobif_z_decipherseed_1.h5ad,,295.2
model2,z,nobif,3.0,5,2,Set1 vz2,6cc7389d,,0.43763910613420026,,,,0.9577077074106117,0.9400493046438347,/home/jihyunpark/decipher-bc/Data/Simulated Data/Simulated Data Generation/../Simulated Adata/shift_sigma_sweep_bifurcation/0925/trained/sweep0925_fine_sigma3.0_seed5_model2_nobif_z_decipherseed_2.h5ad,,265.4
model2,z,nobif,3.0,5,1,Set1 vz2,yy5iw3cw,,0.7002848655068661,,,,0.9580122546254695,0.9401185248984348,/home/jihyunpark/decipher-bc/Data/Simulated Data/Simulated Data Generation/../Simulated Adata/shift_sigma_sweep_bifurcation/0925/trained/sweep0925_fine_sigma3.0_seed5_model2_nobif_z_decipherseed_1.h5ad,,308.6
model2,z,nobif,4.0,3,2,Set1 vz2,2pmk39r9,,0.7798472745584252,,,,0.9539518972745625,0.9315921420277515,/home/jihyunpark/decipher-bc/Data/Simulated Data/Simulated Data Generation/../Simulated Adata/shift_sigma_sweep_bifurcation/0925/trained/sweep0925_fine_sigma4.0_seed3_model2_nobif_z_decipherseed_2.h5ad,,239.0
model2,z,nobif,3.0,5,3,Set1 vz2,63ih4bfi,,0.5452833529179132,,,,0.957983084620863,0.9427569335973528,/home/jihyunpark/decipher-bc/Data/Simulated Data/Simulated Data Generation/../Simulated Adata/shift_sigma_sweep_bifurcation/0925/trained/sweep0925_fine_sigma3.0_seed5_model2_nobif_z_decipherseed_3.h5ad,,263.1
model2,z,nobif,4.0,3,1,Set1 vz2,e0asgbym,,0.7150723004633484,,,,0.9584744147660442,0.940508098415997,/home/jihyunpark/decipher-bc/Data/Simulated Data/Simulated Data Generation/../Simulated Adata/shift_sigma_sweep_bifurcation/0925/trained/sweep0925_fine_sigma4.0_seed3_model2_nobif_z_decipherseed_1.h5ad,,300.5
model2,z,nobif,4.0,3,3,Set1 vz2,0sdfw26p,,0.6389910449182388,,,,0.9571593908608717,0.9364411459723847,/home/jihyunpark/decipher-bc/Data/Simulated Data/Simulated Data Generation/../Simulated Adata/shift_sigma_sweep_bifurcation/0925/trained/sweep0925_fine_sigma4.0_seed3_model2_nobif_z_decipherseed_3.h5ad,,306.1
model2,z,nobif,4.0,4,2,Set1 vz2,xfpmpc1n,,0.7569257508923507,,,,0.9542010117626016,0.9332397803733747,/home/jihyunpark/decipher-bc/Data/Simulated Data/Simulated Data Generation/../Simulated Adata/shift_sigma_sweep_bifurcation/0925/trained/sweep0925_fine_sigma4.0_seed4_model2_nobif_z_decipherseed_2.h5ad,,280.2
model2,z,nobif,4.0,4,3,Set1 vz2,g68zulpk,,0.7576755182290783,,,,0.9538650056769353,0.9308968448402921,/home/jihyunpark/decipher-bc/Data/Simulated Data/Simulated Data Generation/../Simulated Adata/shift_sigma_sweep_bifurcation/0925/trained/sweep0925_fine_sigma4.0_seed4_model2_nobif_z_decipherseed_3.h5ad,,286.7
model2,z,nobif,4.0,4,1,Set1 vz2,y11ykl8e,,0.8222854544689391,,,,0.9536295430461378,0.9310683817225103,/home/jihyunpark/decipher-bc/Data/Simulated Data/Simulated Data Generation/../Simulated Adata/shift_sigma_sweep_bifurcation/0925/trained/sweep0925_fine_sigma4.0_seed4_model2_nobif_z_decipherseed_1.h5ad,,298.4
model2,z,nobif,4.0,5,2,Set1 vz2,fc58wbwz,,0.6386888362744393,,,,0.9633970244640657,0.9534829069316682,/home/jihyunpark/decipher-bc/Data/Simulated Data/Simulated Data Generation/../Simulated Adata/shift_sigma_sweep_bifurcation/0925/trained/sweep0925_fine_sigma4.0_seed5_model2_nobif_z_decipherseed_2.h5ad,,243.6
model5,genes,bif,0.75,3,1,Set3 zx2,oeld60nd,,0.9937154955639553,0.989854516802373,0.9931888558810609,0.5480043888092041,0.9380792364688338,0.8900946738435818,/home/jihyunpark/decipher-bc/Data/Simulated Data/Simulated Data Generation/../Simulated Adata/shift_sigma_sweep_bifurcation/0925/trained/sweep0925_fine_sigma0.75_seed3_model5_bif_genes_decipherseed_1.h5ad,,221.5
model5,genes,bif,0.75,3,3,Set3 zx2,uc302l4q,,0.9853491234952182,0.9918144727527017,0.9904566176457075,0.5642319321632385,0.9368491672105244,0.8883719504511468,/home/jihyunpark/decipher-bc/Data/Simulated Data/Simulated Data Generation/../Simulated Adata/shift_sigma_sweep_bifurcation/0925/trained/sweep0925_fine_sigma0.75_seed3_model5_bif_genes_decipherseed_3.h5ad,,207.5
model2,z,nobif,4.0,5,1,Set1 vz2,2g1zstsg,,0.6445591461776667,,,,0.9637242269668795,0.9546921172281595,/home/jihyunpark/decipher-bc/Data/Simulated Data/Simulated Data Generation/../Simulated Adata/shift_sigma_sweep_bifurcation/0925/trained/sweep0925_fine_sigma4.0_seed5_model2_nobif_z_decipherseed_1.h5ad,,288.6
model5,genes,bif,0.75,4,3,Set3 zx2,htvcysbm,,0.9836572338691809,0.9727423568732573,0.9777432562159031,0.4883345365524292,0.8973297814619432,0.8443220537435989,/home/jihyunpark/decipher-bc/Data/Simulated Data/Simulated Data Generation/../Simulated Adata/shift_sigma_sweep_bifurcation/0925/trained/sweep0925_fine_sigma0.75_seed4_model5_bif_genes_decipherseed_3.h5ad,,171.1
model2,z,nobif,4.0,5,3,Set1 vz2,ihse1ov7,,0.655514747804432,,,,0.9643358380828226,0.9566362290747445,/home/jihyunpark/decipher-bc/Data/Simulated Data/Simulated Data Generation/../Simulated Adata/shift_sigma_sweep_bifurcation/0925/trained/sweep0925_fine_sigma4.0_seed5_model2_nobif_z_decipherseed_3.h5ad,,245.8
model5,genes,bif,0.75,4,2,Set3 zx2,a4gs9jo1,,0.961160746998446,0.9748170560847738,0.9589071672145809,0.5862740278244019,0.8974346342166686,0.8434944610066719,/home/jihyunpark/decipher-bc/Data/Simulated Data/Simulated Data Generation/../Simulated Adata/shift_sigma_sweep_bifurcation/0925/trained/sweep0925_fine_sigma0.75_seed4_model5_bif_genes_decipherseed_2.h5ad,,197.1
model5,genes,bif,0.75,4,1,Set3 zx2,ansgxfyc,,0.9824776536864136,0.9770987794454925,0.9779564753954322,0.47258248925209045,0.8955067454792517,0.8409701299021899,/home/jihyunpark/decipher-bc/Data/Simulated Data/Simulated Data Generation/../Simulated Adata/shift_sigma_sweep_bifurcation/0925/trained/sweep0925_fine_sigma0.75_seed4_model5_bif_genes_decipherseed_1.h5ad,,245.9
model5,genes,bif,0.75,3,2,Set3 zx2,dllwmfk2,,0.9881715304866747,0.9928712210179844,0.9923674677297577,0.5092434287071228,0.9382810712425931,0.8917426747159812,/home/jihyunpark/decipher-bc/Data/Simulated Data/Simulated Data Generation/../Simulated Adata/shift_sigma_sweep_bifurcation/0925/trained/sweep0925_fine_sigma0.75_seed3_model5_bif_genes_decipherseed_2.h5ad,,263.5
model5,genes,bif,0.75,5,2,Set3 zx2,4xsokss7,,0.9784572439816223,0.9642689080802316,0.9648406349598069,0.46941784024238586,0.8875836939793189,0.8345285376546618,/home/jihyunpark/decipher-bc/Data/Simulated Data/Simulated Data Generation/../Simulated Adata/shift_sigma_sweep_bifurcation/0925/trained/sweep0925_fine_sigma0.75_seed5_model5_bif_genes_decipherseed_2.h5ad,,185.3
model5,genes,bif,0.75,5,1,Set3 zx2,1uxsfgvg,,0.9730099005921266,0.9592868173181414,0.9530956451673209,0.029028555378317833,0.888106119134269,0.8363933580599314,/home/jihyunpark/decipher-bc/Data/Simulated Data/Simulated Data Generation/../Simulated Adata/shift_sigma_sweep_bifurcation/0925/trained/sweep0925_fine_sigma0.75_seed5_model5_bif_genes_decipherseed_1.h5ad,,215.5
model5,genes,bif,0.75,5,3,Set3 zx2,v9onzdde,,0.9759353969429226,0.9688768132373877,0.9617756664594204,0.5359423756599426,0.8872215203742576,0.8307190789411152,/home/jihyunpark/decipher-bc/Data/Simulated Data/Simulated Data Generation/../Simulated Adata/shift_sigma_sweep_bifurcation/0925/trained/sweep0925_fine_sigma0.75_seed5_model5_bif_genes_decipherseed_3.h5ad,,216.9
model5,genes,bif,1.5,4,1,Set3 zx2,yqrg4ejx,,0.9815748820897966,0.9734377046017261,0.9707703761235749,0.49692022800445557,0.9216075055169772,0.8872097169362197,/home/jihyunpark/decipher-bc/Data/Simulated Data/Simulated Data Generation/../Simulated Adata/shift_sigma_sweep_bifurcation/0925/trained/sweep0925_fine_sigma1.5_seed4_model5_bif_genes_decipherseed_1.h5ad,,194.1
model5,genes,bif,1.5,4,3,Set3 zx2,ycqpezwx,,0.9677997071443308,0.9704128631055581,0.9744951343654051,0.5240293741226196,0.9176200098038205,0.8803807201079772,/home/jihyunpark/decipher-bc/Data/Simulated Data/Simulated Data Generation/../Simulated Adata/shift_sigma_sweep_bifurcation/0925/trained/sweep0925_fine_sigma1.5_seed4_model5_bif_genes_decipherseed_3.h5ad,,173.1
model5,genes,bif,1.5,4,2,Set3 zx2,qg8pggr7,,0.9662555794973215,0.9737242862404262,0.9688198867001865,0.5240662097930908,0.9196783850559008,0.8839748533960922,/home/jihyunpark/decipher-bc/Data/Simulated Data/Simulated Data Generation/../Simulated Adata/shift_sigma_sweep_bifurcation/0925/trained/sweep0925_fine_sigma1.5_seed4_model5_bif_genes_decipherseed_2.h5ad,,193.3
model5,genes,bif,1.5,3,2,Set3 zx2,jkuk9yxe,,0.9932549786841326,0.9918823241596489,0.9936885261838175,0.4858539402484894,0.9319406377292787,0.8925909602031404,/home/jihyunpark/decipher-bc/Data/Simulated Data/Simulated Data Generation/../Simulated Adata/shift_sigma_sweep_bifurcation/0925/trained/sweep0925_fine_sigma1.5_seed3_model5_bif_genes_decipherseed_2.h5ad,,222.7
model5,genes,bif,1.5,5,3,Set3 zx2,j45ajege,,0.971833528502085,0.9654387936702398,0.9558758879871354,0.4443764388561249,0.9168186808865447,0.8837331518903488,/home/jihyunpark/decipher-bc/Data/Simulated Data/Simulated Data Generation/../Simulated Adata/shift_sigma_sweep_bifurcation/0925/trained/sweep0925_fine_sigma1.5_seed5_model5_bif_genes_decipherseed_3.h5ad,,182.9
model5,genes,bif,1.5,3,1,Set3 zx2,xonqiseg,,0.9909076338424863,0.9909935449283814,0.9907786389612063,0.5260842442512512,0.9334248642916495,0.8957292862080668,/home/jihyunpark/decipher-bc/Data/Simulated Data/Simulated Data Generation/../Simulated Adata/shift_sigma_sweep_bifurcation/0925/trained/sweep0925_fine_sigma1.5_seed3_model5_bif_genes_decipherseed_1.h5ad,,264.5
model5,genes,bif,1.5,5,2,Set3 zx2,n3fpoa36,,0.8990835477192379,0.9459593460179491,0.9583574109658485,0.5932410359382629,0.9176489130668535,0.8835299118431412,/home/jihyunpark/decipher-bc/Data/Simulated Data/Simulated Data Generation/../Simulated Adata/shift_sigma_sweep_bifurcation/0925/trained/sweep0925_fine_sigma1.5_seed5_model5_bif_genes_decipherseed_2.h5ad,,194.3
model5,genes,bif,1.5,3,3,Set3 zx2,tkokclha,,0.9940834775875882,0.9920351375818834,0.9905233841693195,0.5631082057952881,0.9327305332299659,0.8942317218322933,/home/jihyunpark/decipher-bc/Data/Simulated Data/Simulated Data Generation/../Simulated Adata/shift_sigma_sweep_bifurcation/0925/trained/sweep0925_fine_sigma1.5_seed3_model5_bif_genes_decipherseed_3.h5ad,,290.1
model5,genes,bif,1.5,5,1,Set3 zx2,la2uu1c2,,0.9799167682546992,0.9683410644595681,0.9665190934903827,0.41918063163757324,0.9183059409169223,0.8850955620479357,/home/jihyunpark/decipher-bc/Data/Simulated Data/Simulated Data Generation/../Simulated Adata/shift_sigma_sweep_bifurcation/0925/trained/sweep0925_fine_sigma1.5_seed5_model5_bif_genes_decipherseed_1.h5ad,,252.1
model5,genes,bif,3.0,4,2,Set3 zx2,t761lr4n,,0.8220270258315087,0.6129816223098884,0.8481767112507071,0.23044417798519135,0.9459519232725513,0.9265905827680196,/home/jihyunpark/decipher-bc/Data/Simulated Data/Simulated Data Generation/../Simulated Adata/shift_sigma_sweep_bifurcation/0925/trained/sweep0925_fine_sigma3.0_seed4_model5_bif_genes_decipherseed_2.h5ad,,194.2
model5,genes,bif,3.0,3,2,Set3 zx2,ei6j1kei,,0.8900761040620967,0.9066662093715899,0.9122597010939568,0.3507619798183441,0.9403614732917606,0.9092460750994911,/home/jihyunpark/decipher-bc/Data/Simulated Data/Simulated Data Generation/../Simulated Adata/shift_sigma_sweep_bifurcation/0925/trained/sweep0925_fine_sigma3.0_seed3_model5_bif_genes_decipherseed_2.h5ad,,229.0
model5,genes,bif,3.0,3,1,Set3 zx2,b65abi33,,0.9097298421663315,0.9550160084665505,0.9845164665242592,0.4948401153087616,0.9403194392198182,0.9083042538721495,/home/jihyunpark/decipher-bc/Data/Simulated Data/Simulated Data Generation/../Simulated Adata/shift_sigma_sweep_bifurcation/0925/trained/sweep0925_fine_sigma3.0_seed3_model5_bif_genes_decipherseed_1.h5ad,,243.5
model5,genes,bif,3.0,3,3,Set3 zx2,3g9vt6ou,,0.9770667432146257,0.9783207239231342,0.9817043676554809,0.42601996660232544,0.9399656815225929,0.9068715914385965,/home/jihyunpark/decipher-bc/Data/Simulated Data/Simulated Data Generation/../Simulated Adata/shift_sigma_sweep_bifurcation/0925/trained/sweep0925_fine_sigma3.0_seed3_model5_bif_genes_decipherseed_3.h5ad,,236.6
model5,genes,bif,3.0,4,3,Set3 zx2,fhki2um6,,0.92713838906727,0.9638084201090529,0.9298678564226667,0.5827292799949646,0.947250630319251,0.9267948696325989,/home/jihyunpark/decipher-bc/Data/Simulated Data/Simulated Data Generation/../Simulated Adata/shift_sigma_sweep_bifurcation/0925/trained/sweep0925_fine_sigma3.0_seed4_model5_bif_genes_decipherseed_3.h5ad,,266.9
model5,genes,bif,3.0,4,1,Set3 zx2,aktezh5s,,0.6999658297427095,0.892895497067997,0.45486920721334534,0.32650935649871826,0.9487218495507715,0.9304466750659699,/home/jihyunpark/decipher-bc/Data/Simulated Data/Simulated Data Generation/../Simulated Adata/shift_sigma_sweep_bifurcation/0925/trained/sweep0925_fine_sigma3.0_seed4_model5_bif_genes_decipherseed_1.h5ad,,295.3
model5,genes,bif,3.0,5,2,Set3 zx2,jmxmjjwc,,0.8161735606220908,0.7497023567715465,0.8913568340112156,0.3299226760864258,0.947560093118319,0.9311683797745268,/home/jihyunpark/decipher-bc/Data/Simulated Data/Simulated Data Generation/../Simulated Adata/shift_sigma_sweep_bifurcation/0925/trained/sweep0925_fine_sigma3.0_seed5_model5_bif_genes_decipherseed_2.h5ad,,222.7
model5,genes,bif,4.0,3,1,Set3 zx2,7l1xpuf5,,0.7552648517103778,0.41578796287742636,0.8838558693326244,0.3347133696079254,0.9466190625310051,0.9197257791083681,/home/jihyunpark/decipher-bc/Data/Simulated Data/Simulated Data Generation/../Simulated Adata/shift_sigma_sweep_bifurcation/0925/trained/sweep0925_fine_sigma4.0_seed3_model5_bif_genes_decipherseed_1.h5ad,,214.1
model5,genes,bif,3.0,5,3,Set3 zx2,ypv6zybk,,0.7537391736409521,0.5319563560484896,0.8091514441950378,0.3266299068927765,0.9495554222718532,0.933267377986666,/home/jihyunpark/decipher-bc/Data/Simulated Data/Simulated Data Generation/../Simulated Adata/shift_sigma_sweep_bifurcation/0925/trained/sweep0925_fine_sigma3.0_seed5_model5_bif_genes_decipherseed_3.h5ad,,223.3
model5,genes,bif,3.0,5,1,Set3 zx2,ypdwgm4a,,0.8024507409416294,0.4899968388477794,0.9287610751761738,0.3960370719432831,0.9475298056884458,0.9311790460639949,/home/jihyunpark/decipher-bc/Data/Simulated Data/Simulated Data Generation/../Simulated Adata/shift_sigma_sweep_bifurcation/0925/trained/sweep0925_fine_sigma3.0_seed5_model5_bif_genes_decipherseed_1.h5ad,,264.2
model5,genes,bif,4.0,4,2,Set3 zx2,owtw6p7n,,0.8174150486778453,0.7338118776090439,0.7073996169399721,0.19998611509799957,0.9559267438547389,0.9413216438692097,/home/jihyunpark/decipher-bc/Data/Simulated Data/Simulated Data Generation/../Simulated Adata/shift_sigma_sweep_bifurcation/0925/trained/sweep0925_fine_sigma4.0_seed4_model5_bif_genes_decipherseed_2.h5ad,,214.8
model5,genes,bif,4.0,3,3,Set3 zx2,efo2hd46,,0.8336576687334888,0.8707740540077905,0.7179582366180048,0.36884182691574097,0.946091870067905,0.9183462648127354,/home/jihyunpark/decipher-bc/Data/Simulated Data/Simulated Data Generation/../Simulated Adata/shift_sigma_sweep_bifurcation/0925/trained/sweep0925_fine_sigma4.0_seed3_model5_bif_genes_decipherseed_3.h5ad,,223.0
model5,genes,bif,4.0,3,2,Set3 zx2,e8xzll1n,,0.8350992209429074,0.7961971479376854,0.7680826109606285,0.1942034363746643,0.94627979888868,0.9184068031151469,/home/jihyunpark/decipher-bc/Data/Simulated Data/Simulated Data Generation/../Simulated Adata/shift_sigma_sweep_bifurcation/0925/trained/sweep0925_fine_sigma4.0_seed3_model5_bif_genes_decipherseed_2.h5ad,,254.7
model5,genes,bif,4.0,5,1,Set3 zx2,s08gld5c,,0.663684249887459,0.6430393894293474,0.46568167013556927,0.06654265522956848,0.9545833744584176,0.9420922114328338,/home/jihyunpark/decipher-bc/Data/Simulated Data/Simulated Data Generation/../Simulated Adata/shift_sigma_sweep_bifurcation/0925/trained/sweep0925_fine_sigma4.0_seed5_model5_bif_genes_decipherseed_1.h5ad,,209.9
model5,genes,bif,4.0,5,2,Set3 zx2,civsav19,,0.7796888138268255,0.6656817908989976,0.7887968130310348,0.16378028690814972,0.9572794759950167,0.94661027625186,/home/jihyunpark/decipher-bc/Data/Simulated Data/Simulated Data Generation/../Simulated Adata/shift_sigma_sweep_bifurcation/0925/trained/sweep0925_fine_sigma4.0_seed5_model5_bif_genes_decipherseed_2.h5ad,,216.0
model5,genes,nobif,0.75,3,1,Set3 zx2,izqjv93s,,0.9925916470823244,,,,0.9088279509715778,0.8372916548795262,/home/jihyunpark/decipher-bc/Data/Simulated Data/Simulated Data Generation/../Simulated Adata/shift_sigma_sweep_bifurcation/0925/trained/sweep0925_fine_sigma0.75_seed3_model5_nobif_genes_decipherseed_1.h5ad,,220.6
model5,genes,bif,4.0,4,3,Set3 zx2,ud7hg0m0,,0.7435277613992558,0.6866321149058912,0.560909179656369,0.09332311898469925,0.95479321789853,0.9397881811773577,/home/jihyunpark/decipher-bc/Data/Simulated Data/Simulated Data Generation/../Simulated Adata/shift_sigma_sweep_bifurcation/0925/trained/sweep0925_fine_sigma4.0_seed4_model5_bif_genes_decipherseed_3.h5ad,,255.8
model5,genes,nobif,0.75,3,2,Set3 zx2,ug4x5fkc,,0.9927242363582153,,,,0.909651658384241,0.840843550307095,/home/jihyunpark/decipher-bc/Data/Simulated Data/Simulated Data Generation/../Simulated Adata/shift_sigma_sweep_bifurcation/0925/trained/sweep0925_fine_sigma0.75_seed3_model5_nobif_genes_decipherseed_2.h5ad,,221.6
model5,genes,bif,4.0,4,1,Set3 zx2,ngwtgrfs,,0.7029535435368962,0.7399116884620042,0.44259948068047356,0.13508665561676025,0.9560100880022601,0.940978096535253,/home/jihyunpark/decipher-bc/Data/Simulated Data/Simulated Data Generation/../Simulated Adata/shift_sigma_sweep_bifurcation/0925/trained/sweep0925_fine_sigma4.0_seed4_model5_bif_genes_decipherseed_1.h5ad,,323.8
model5,genes,nobif,0.75,3,3,Set3 zx2,729ssddp,,0.9930748262363268,,,,0.9075412939175345,0.838007978507142,/home/jihyunpark/decipher-bc/Data/Simulated Data/Simulated Data Generation/../Simulated Adata/shift_sigma_sweep_bifurcation/0925/trained/sweep0925_fine_sigma0.75_seed3_model5_nobif_genes_decipherseed_3.h5ad,,184.6
model5,genes,bif,4.0,5,3,Set3 zx2,041a058v,,0.7165162038080658,0.5008137211459273,0.6510009258988967,0.08795814216136932,0.9572436316157741,0.9456420296638632,/home/jihyunpark/decipher-bc/Data/Simulated Data/Simulated Data Generation/../Simulated Adata/shift_sigma_sweep_bifurcation/0925/trained/sweep0925_fine_sigma4.0_seed5_model5_bif_genes_decipherseed_3.h5ad,,284.7
model5,genes,nobif,0.75,4,1,Set3 zx2,zsi715ke,,0.9795769011688951,,,,0.8693403915676805,0.8118068680538502,/home/jihyunpark/decipher-bc/Data/Simulated Data/Simulated Data Generation/../Simulated Adata/shift_sigma_sweep_bifurcation/0925/trained/sweep0925_fine_sigma0.75_seed4_model5_nobif_genes_decipherseed_1.h5ad,,207.6
model5,genes,nobif,0.75,4,2,Set3 zx2,jx3nh169,,0.9796189157181988,,,,0.8695488468593204,0.8125166511882967,/home/jihyunpark/decipher-bc/Data/Simulated Data/Simulated Data Generation/../Simulated Adata/shift_sigma_sweep_bifurcation/0925/trained/sweep0925_fine_sigma0.75_seed4_model5_nobif_genes_decipherseed_2.h5ad,,181.4
model5,genes,nobif,0.75,4,3,Set3 zx2,3mf75w11,,0.9801822580866245,,,,0.8622171854906377,0.7917914315617798,/home/jihyunpark/decipher-bc/Data/Simulated Data/Simulated Data Generation/../Simulated Adata/shift_sigma_sweep_bifurcation/0925/trained/sweep0925_fine_sigma0.75_seed4_model5_nobif_genes_decipherseed_3.h5ad,,186.1
model5,genes,nobif,0.75,5,2,Set3 zx2,vxuo7hef,,0.9752013424066556,,,,0.8554272852171647,0.7936554427800966,/home/jihyunpark/decipher-bc/Data/Simulated Data/Simulated Data Generation/../Simulated Adata/shift_sigma_sweep_bifurcation/0925/trained/sweep0925_fine_sigma0.75_seed5_model5_nobif_genes_decipherseed_2.h5ad,,179.6
model5,genes,nobif,0.75,5,1,Set3 zx2,3ug8qwga,,0.9757636733997208,,,,0.8550606988141509,0.7938087861276955,/home/jihyunpark/decipher-bc/Data/Simulated Data/Simulated Data Generation/../Simulated Adata/shift_sigma_sweep_bifurcation/0925/trained/sweep0925_fine_sigma0.75_seed5_model5_nobif_genes_decipherseed_1.h5ad,,206.0
model5,genes,nobif,1.5,3,2,Set3 zx2,qixph118,,0.9910141222900504,,,,0.9233010747518249,0.8814779001312281,/home/jihyunpark/decipher-bc/Data/Simulated Data/Simulated Data Generation/../Simulated Adata/shift_sigma_sweep_bifurcation/0925/trained/sweep0925_fine_sigma1.5_seed3_model5_nobif_genes_decipherseed_2.h5ad,,187.7
model5,genes,nobif,1.5,3,1,Set3 zx2,jgnj4ov4,,0.9934868757634333,,,,0.9237183051310667,0.8833658273482993,/home/jihyunpark/decipher-bc/Data/Simulated Data/Simulated Data Generation/../Simulated Adata/shift_sigma_sweep_bifurcation/0925/trained/sweep0925_fine_sigma1.5_seed3_model5_nobif_genes_decipherseed_1.h5ad,,204.9
model5,genes,nobif,0.75,5,3,Set3 zx2,4pdk5nbl,,0.9759275513452289,,,,0.8549575637334181,0.7938654409989581,/home/jihyunpark/decipher-bc/Data/Simulated Data/Simulated Data Generation/../Simulated Adata/shift_sigma_sweep_bifurcation/0925/trained/sweep0925_fine_sigma0.75_seed5_model5_nobif_genes_decipherseed_3.h5ad,,210.5
model5,genes,nobif,1.5,3,3,Set3 zx2,y9sxd6u2,,0.9868510101069876,,,,0.9255441613505394,0.8851216028369833,/home/jihyunpark/decipher-bc/Data/Simulated Data/Simulated Data Generation/../Simulated Adata/shift_sigma_sweep_bifurcation/0925/trained/sweep0925_fine_sigma1.5_seed3_model5_nobif_genes_decipherseed_3.h5ad,,204.4
model5,genes,nobif,1.5,4,3,Set3 zx2,d65t71aw,,0.9171579567482753,,,,0.9223056950678779,0.8848203456456292,/home/jihyunpark/decipher-bc/Data/Simulated Data/Simulated Data Generation/../Simulated Adata/shift_sigma_sweep_bifurcation/0925/trained/sweep0925_fine_sigma1.5_seed4_model5_nobif_genes_decipherseed_3.h5ad,,174.4
model5,genes,nobif,1.5,4,2,Set3 zx2,r07tscrk,,0.9613386833510864,,,,0.9214571885858612,0.8847760557320181,/home/jihyunpark/decipher-bc/Data/Simulated Data/Simulated Data Generation/../Simulated Adata/shift_sigma_sweep_bifurcation/0925/trained/sweep0925_fine_sigma1.5_seed4_model5_nobif_genes_decipherseed_2.h5ad,,198.6
model5,genes,nobif,1.5,4,1,Set3 zx2,m1g2xyt2,,0.9093844613866723,,,,0.9228226266769584,0.8873365715970183,/home/jihyunpark/decipher-bc/Data/Simulated Data/Simulated Data Generation/../Simulated Adata/shift_sigma_sweep_bifurcation/0925/trained/sweep0925_fine_sigma1.5_seed4_model5_nobif_genes_decipherseed_1.h5ad,,212.4
model5,genes,nobif,1.5,5,3,Set3 zx2,0muc942t,,0.9516486070311121,,,,0.9165989126192972,0.8872416466928645,/home/jihyunpark/decipher-bc/Data/Simulated Data/Simulated Data Generation/../Simulated Adata/shift_sigma_sweep_bifurcation/0925/trained/sweep0925_fine_sigma1.5_seed5_model5_nobif_genes_decipherseed_3.h5ad,,161.1
model5,genes,nobif,1.5,5,1,Set3 zx2,dvm2q46a,,0.9655883152165196,,,,0.9188336776741982,0.8888566659265813,/home/jihyunpark/decipher-bc/Data/Simulated Data/Simulated Data Generation/../Simulated Adata/shift_sigma_sweep_bifurcation/0925/trained/sweep0925_fine_sigma1.5_seed5_model5_nobif_genes_decipherseed_1.h5ad,,196.1
model5,genes,nobif,1.5,5,2,Set3 zx2,a1cvn6ow,,0.9572657656856537,,,,0.9201758677797772,0.8924686980556877,/home/jihyunpark/decipher-bc/Data/Simulated Data/Simulated Data Generation/../Simulated Adata/shift_sigma_sweep_bifurcation/0925/trained/sweep0925_fine_sigma1.5_seed5_model5_nobif_genes_decipherseed_2.h5ad,,207.6
model5,genes,nobif,3.0,4,2,Set3 zx2,x72alocl,,0.8528278536271107,,,,0.9528155068978932,0.9371574100595794,/home/jihyunpark/decipher-bc/Data/Simulated Data/Simulated Data Generation/../Simulated Adata/shift_sigma_sweep_bifurcation/0925/trained/sweep0925_fine_sigma3.0_seed4_model5_nobif_genes_decipherseed_2.h5ad,,174.3
model5,genes,nobif,3.0,3,1,Set3 zx2,j90ehc8t,,0.718753756474116,,,,0.9488705005843945,0.9272458456631394,/home/jihyunpark/decipher-bc/Data/Simulated Data/Simulated Data Generation/../Simulated Adata/shift_sigma_sweep_bifurcation/0925/trained/sweep0925_fine_sigma3.0_seed3_model5_nobif_genes_decipherseed_1.h5ad,,205.4
model5,genes,nobif,3.0,3,3,Set3 zx2,7zg9inj6,,0.9821094715656152,,,,0.9546824651608288,0.9380552439010978,/home/jihyunpark/decipher-bc/Data/Simulated Data/Simulated Data Generation/../Simulated Adata/shift_sigma_sweep_bifurcation/0925/trained/sweep0925_fine_sigma3.0_seed3_model5_nobif_genes_decipherseed_3.h5ad,,245.4
model5,genes,nobif,3.0,3,2,Set3 zx2,ljbv6ewh,,0.9609635818233565,,,,0.9502717089565957,0.9287728179465791,/home/jihyunpark/decipher-bc/Data/Simulated Data/Simulated Data Generation/../Simulated Adata/shift_sigma_sweep_bifurcation/0925/trained/sweep0925_fine_sigma3.0_seed3_model5_nobif_genes_decipherseed_2.h5ad,,255.1
model5,genes,nobif,3.0,4,3,Set3 zx2,0a7ydz1p,,0.8681729190177111,,,,0.9579222097080231,0.9429296590704428,/home/jihyunpark/decipher-bc/Data/Simulated Data/Simulated Data Generation/../Simulated Adata/shift_sigma_sweep_bifurcation/0925/trained/sweep0925_fine_sigma3.0_seed4_model5_nobif_genes_decipherseed_3.h5ad,,241.6
model5,genes,nobif,3.0,5,1,Set3 zx2,eqga74ao,,0.8071201591722839,,,,0.9541903274640736,0.9381710612854312,/home/jihyunpark/decipher-bc/Data/Simulated Data/Simulated Data Generation/../Simulated Adata/shift_sigma_sweep_bifurcation/0925/trained/sweep0925_fine_sigma3.0_seed5_model5_nobif_genes_decipherseed_1.h5ad,,228.3
model5,genes,nobif,3.0,5,2,Set3 zx2,pycai0bp,,0.818430254182925,,,,0.9531643454760901,0.9369145728332503,/home/jihyunpark/decipher-bc/Data/Simulated Data/Simulated Data Generation/../Simulated Adata/shift_sigma_sweep_bifurcation/0925/trained/sweep0925_fine_sigma3.0_seed5_model5_nobif_genes_decipherseed_2.h5ad,,243.2
model5,genes,nobif,3.0,5,3,Set3 zx2,xhtjjkzd,,0.7743568452600861,,,,0.9532170073323741,0.9353685041839696,/home/jihyunpark/decipher-bc/Data/Simulated Data/Simulated Data Generation/../Simulated Adata/shift_sigma_sweep_bifurcation/0925/trained/sweep0925_fine_sigma3.0_seed5_model5_nobif_genes_decipherseed_3.h5ad,,263.5
model5,genes,nobif,3.0,4,1,Set3 zx2,u0wf36c9,,0.9045922937490357,,,,0.954803720919232,0.9377256510854965,/home/jihyunpark/decipher-bc/Data/Simulated Data/Simulated Data Generation/../Simulated Adata/shift_sigma_sweep_bifurcation/0925/trained/sweep0925_fine_sigma3.0_seed4_model5_nobif_genes_decipherseed_1.h5ad,,325.8
model5,genes,nobif,4.0,4,1,Set3 zx2,xn460fum,,0.8498119102740146,,,,0.9634064351738496,0.9527320979411256,/home/jihyunpark/decipher-bc/Data/Simulated Data/Simulated Data Generation/../Simulated Adata/shift_sigma_sweep_bifurcation/0925/trained/sweep0925_fine_sigma4.0_seed4_model5_nobif_genes_decipherseed_1.h5ad,,222.3
model5,genes,nobif,4.0,3,2,Set3 zx2,31e3pbnf,,0.8897840756288657,,,,0.9558261445528644,0.9406761109352901,/home/jihyunpark/decipher-bc/Data/Simulated Data/Simulated Data Generation/../Simulated Adata/shift_sigma_sweep_bifurcation/0925/trained/sweep0925_fine_sigma4.0_seed3_model5_nobif_genes_decipherseed_2.h5ad,,236.3
model5,genes,nobif,4.0,4,3,Set3 zx2,a9vck02f,,0.8962713966311677,,,,0.96367649663039,0.9521823011272386,/home/jihyunpark/decipher-bc/Data/Simulated Data/Simulated Data Generation/../Simulated Adata/shift_sigma_sweep_bifurcation/0925/trained/sweep0925_fine_sigma4.0_seed4_model5_nobif_genes_decipherseed_3.h5ad,,214.4
model5,genes,nobif,4.0,3,3,Set3 zx2,k9hwce7h,,0.9362631355046052,,,,0.955638049798729,0.9398996972083468,/home/jihyunpark/decipher-bc/Data/Simulated Data/Simulated Data Generation/../Simulated Adata/shift_sigma_sweep_bifurcation/0925/trained/sweep0925_fine_sigma4.0_seed3_model5_nobif_genes_decipherseed_3.h5ad,,237.8
model5,genes,nobif,4.0,4,2,Set3 zx2,c6zq0xa6,,0.8865771721554845,,,,0.9637706621338582,0.9528504155335565,/home/jihyunpark/decipher-bc/Data/Simulated Data/Simulated Data Generation/../Simulated Adata/shift_sigma_sweep_bifurcation/0925/trained/sweep0925_fine_sigma4.0_seed4_model5_nobif_genes_decipherseed_2.h5ad,,227.9
model5,genes,nobif,4.0,5,2,Set3 zx2,jrih6xlj,,0.8778774182854594,,,,0.9613420769288951,0.9506849770658095,/home/jihyunpark/decipher-bc/Data/Simulated Data/Simulated Data Generation/../Simulated Adata/shift_sigma_sweep_bifurcation/0925/trained/sweep0925_fine_sigma4.0_seed5_model5_nobif_genes_decipherseed_2.h5ad,,182.6
model5,genes,nobif,4.0,3,1,Set3 zx2,91zgm981,,0.6983459330285355,,,,0.9614571477605232,0.9514854393710073,/home/jihyunpark/decipher-bc/Data/Simulated Data/Simulated Data Generation/../Simulated Adata/shift_sigma_sweep_bifurcation/0925/trained/sweep0925_fine_sigma4.0_seed3_model5_nobif_genes_decipherseed_1.h5ad,,276.9
model5,genes,nobif,4.0,5,3,Set3 zx2,p34q5u8q,,0.8707647561077698,,,,0.963196320224108,0.9512111919564108,/home/jihyunpark/decipher-bc/Data/Simulated Data/Simulated Data Generation/../Simulated Adata/shift_sigma_sweep_bifurcation/0925/trained/sweep0925_fine_sigma4.0_seed5_model5_nobif_genes_decipherseed_3.h5ad,,230.7
model5,genes,nobif,4.0,5,1,Set3 zx2,58lx3e32,,0.9133522259342849,,,,0.9632449101296232,0.9515878685201666,/home/jihyunpark/decipher-bc/Data/Simulated Data/Simulated Data Generation/../Simulated Adata/shift_sigma_sweep_bifurcation/0925/trained/sweep0925_fine_sigma4.0_seed5_model5_nobif_genes_decipherseed_1.h5ad,,251.3
